parent,child
pastel,._reference
water_danger,._reference
i_run,._reference
second_part,._reference
swimming_pools,._reference
seven,33bienal
barcarrizzi,33bienal
avenida_paulista,33bienal
years,33bienal
alex_flemming,33bienal
humboldt_university,a_great_institution
moreira_salles_institute,a_great_institution
museum,a_great_institution
museums,a_great_institution
museum_island,a_great_institution
noise,a_humming_puzzle
noises,a_humming_puzzle
sound_landscape,a_humming_puzzle
sound_postcard,a_humming_puzzle
sound_traffic_light,a_humming_puzzle
antoni_abad,aaudiolibro
voice,aaudiolibro
voices,aaudiolibro
violin,aaudiolibro
aosta,aaudiolibro
no_transition,abandonment
walk,abandonment
amor,abandonment
to_suffer_inwardly,abandonment
mobility,abandonment
upv,absv
riva,absv
experience,absv
acqualt,absv
riu,absv
accessible,access
disabled_access,access
accessibility,access
browsing,access
entrance,access
lack_of_accessibility,accessibility
accessible,accessibility
braille,accessibility
access,accessibility
blindwiki,accessibility
access,accessible
accessibility,accessible
lack_of_accessibility,accessible
disabled_access,accessible
obstacle,accessible
absv,acqualt
inclusion,acqualt
job,acqualt
test,acqualt
court,acqualt
obstacle,aerial_obstacle
sound_landscape,aerial_obstacle
sidewalk_level,aerial_obstacle
handrail,aerial_obstacle
courtyard,aerial_obstacle
laguna,alameda
sonora,alameda
bahia,alameda
beach,alameda
pueblos,alameda
são_paulo,alex_flemming
torres_quart,alex_flemming
antoni_abad,alex_flemming
moscowneversleeps,alex_flemming
osteria,alex_flemming
ambient_noise,ambient
soundscape,ambient
crowded_environment,ambient
interiors,ambient
environmental_description,ambient
ambient,ambient_noise
noise,ambient_noise
noises,ambient_noise
audible_traffic_lights,ambient_noise
soundscape,ambient_noise
loves,amor
aosta,amor
market,amor
fortune,amor
path_of_lovers,amor
raven_valley,anhangabau_valley
picanya,anhangabau_valley
courtyard,anhangabau_valley
aosta,anhangabau_valley
laramara,anhangabau_valley
avenida_paulista,antoni_abad
são_paulo,antoni_abad
paulo,antoni_abad
olafur_eliasson,antoni_abad
calli,antoni_abad
turismo,aosta
amor,aosta
frari,aosta
riva,aosta
anhangabau_valley,aosta
testing,apitest
test,apitest
testapipi,apitest
testimonial,apitest
interview,apitest
food,appetizing
flavors,appetizing
pizza,appetizing
ice-cream,appetizing
taste_festival,appetizing
calatrava_bridge,arc_de_triomph
deus,arc_de_triomph
first_tram,arc_de_triomph
town_hall,arc_de_triomph
oreneta_park,arc_de_triomph
luci,archi
arena,archi
riu,archi
cathedral,archi
calli,archi
buildings,architecture
interiors,architecture
foundations,architecture
portico,architecture
model,architecture
archi,arena
games,arena
legends,arena
guggenheim,arena
club,arena
odor,aroma
perfumes,aroma
flavors,aroma
sensations,aroma
heat,aroma
barcelona,arsenal
barca,arsenal
football,arsenal
brazil,arsenal
club,arsenal
artworks,art
street_art,art
sculpture,art
contemporary_art,art
urban_art,art
art,artworks
sculpture,artworks
sculptures,artworks
street_art,artworks
contemporary_art,artworks
meeting,assoc
aosta,assoc
inclusion,assoc
joint,assoc
access,assoc
upv,atm
market,atm
absv,atm
mam,atm
banco,atm
photograph,attention
description,attention
information,attention
voices,attention
view,attention
sound_traffic_light,audible_traffic_lights
traffic_light_without_sound,audible_traffic_lights
traffic_light,audible_traffic_lights
traffic,audible_traffic_lights
ambient_noise,audible_traffic_lights
paulista,avenida_paulista
crafts_in_paulista,avenida_paulista
diversity_in_paulista,avenida_paulista
antoni_abad,avenida_paulista
são_paulo,avenida_paulista
street,avenue
streets,avenue
road,avenue
pedestrian_street,avenue
sidewalk,avenue
giudecca,baccari
barrera,baccari
frari,baccari
pont,baccari
camino,baccari
são_paulo,bahia
sao,bahia
puerto,bahia
sonora,bahia
fontana,bahia
pastry_shop,bakery
cafeteria,bakery
cheese_bread,bakery
supermarket,bakery
supermarkets,bakery
bank_pkobp_market,banco
casino,banco
market,banco
branch,banco
guggenheim,banco
banco,bank_pkobp_market
market,bank_pkobp_market
fish_market,bank_pkobp_market
free_market,bank_pkobp_market
street_trading,bank_pkobp_market
club,bar
barca,bar
barcarrizzi,bar
barcelona,bar
park,bar
barcelona,barca
bar,barca
barcarrizzi,barca
arsenal,barca
barrera,barca
barca,barcarrizzi
bar,barcarrizzi
sorocaba,barcarrizzi
campiello,barcarrizzi
gondola,barcarrizzi
barca,barcelona
arsenal,barcelona
brazil,barcelona
club,barcelona
bar,barcelona
porta,barra_funda
dead_calla,barra_funda
campo_santa_margherita,barra_funda
sesc_sorocaba,barra_funda
memorial_america_latina,barra_funda
barca,barrera
giudecca,barrera
colonna,barrera
porta,barrera
targa,barrera
sculpture,bas-reliefs
sculptures,bas-reliefs
artworks,bas-reliefs
relief,bas-reliefs
textures,bas-reliefs
stones,basalt
marble,basalt
textures,basalt
mountain,basalt
pebbles,basalt
pool,basket
bicycle,basket
bus,basket
food,basket
sports,basket
ncbi,bb9
sp,bb9
bengal,bb9
blackbirds,bb9
banco,bb9
beaches,beach
sonora,beach
boats,beach
barcelona,beach
road,beach
beach,beaches
boats,beaches
swimming_pools,beaches
bahia,beaches
sonora,beaches
earrings,bells
fences,bells
music,bells
storm,bells
bus,bells
furniture,benches
cabin,benches
deck_chairs,benches
wood,benches
tables,benches
barcelona,bengal
barca,bengal
ncbi,bengal
sonora,bengal
dog,bengal
co_berlin,berlin_gallery
german_warehouse,berlin_gallery
street_art,berlin_gallery
brandenburg_gate,berlin_gallery
urban_art,berlin_gallery
rides,bicycle
ride,bicycle
bike_lane,bicycle
parking,bicycle
road,bicycle
bicycle,bier
branch,bier
basket,bier
toilette,bier
hello,bier
channel,big_channel
branch,big_channel
main_station,big_channel
wall,big_channel
bus_stop,big_channel
road,bike_lane
bicycle,bike_lane
traffic_light,bike_lane
pedestrian_street,bike_lane
bus_stop,bike_lane
machine,binary
random,binary
platforms,binary
bicycle,binary
library,binary
pigeons,birds
blackbirds,birds
seagulls,birds
ladybird,birds
fauna,birds
moreira_salles,bishop_of_rosario
church_of_rigolisa,bishop_of_rosario
cathedral,bishop_of_rosario
san_rocco,bishop_of_rosario
monastery_of_pedralbes,bishop_of_rosario
birds,blackbirds
pigeons,blackbirds
ladybird,blackbirds
seagulls,blackbirds
fauna,blackbirds
blindwikibr,blindwiki
polish_association_of_the_blind,blindwiki
accessibility,blindwiki
braille,blindwiki
library,blindwiki
blindwiki,blindwikibr
braille,blindwikibr
polish_association_of_the_blind,blindwikibr
accessibility,blindwikibr
accessible,blindwikibr
maritime_towns,boats
beaches,boats
pond,boats
cabin,boats
horses,boats
library,books
bookshelf,books
history,books
school,books
games,books
books,bookshelf
furniture,bookshelf
library,bookshelf
wood,bookshelf
benches,bookshelf
accessibility,braille
blindwikibr,braille
blindwiki,braille
tactile,braille
accessible,braille
tree,branch
channel,branch
trees,branch
chains,branch
forest,branch
berlin_gallery,brandenburg_gate
co_berlin,brandenburg_gate
s-bahn,brandenburg_gate
u-bahn,brandenburg_gate
german_warehouse,brandenburg_gate
venezuela,brazil
football,brazil
barcelona,brazil
arsenal,brazil
salvador,brazil
dead_bridges,bridges
calatrava_bridge,bridges
tunnels,bridges
crossing,bridges
fences,bridges
view,browsing
shopping,browsing
access,browsing
exhibitions,browsing
load,browsing
model,building_model
buildings,building_model
architecture,building_model
cathedral,building_model
modernist_house,building_model
architecture,buildings
foundations,buildings
modernist_house,buildings
interiors,buildings
cathedral,buildings
fences,bullring
bustle,bullring
sports,bullring
horses,bullring
legends,bullring
bus_stop,bus
transport,bus
parking,bus
road,bus
traffic,bus
bus,bus_stop
taxi_stop,bus_stop
bike_lane,bus_stop
traffic_light,bus_stop
pedestrian_street,bus_stop
bullring,bustle
pace,bustle
wall,bustle
trash,bustle
amor,bustle
luci,but_fogonussa
like_foscari,but_fogonussa
deus,but_fogonussa
green_light,but_fogonussa
olafur_eliasson,but_fogonussa
cabin_phone,cabin
benches,cabin
door,cabin
hostel,cabin
wood,cabin
cabin,cabin_phone
dead_calla,cabin_phone
camaragibe_street,cabin_phone
bus_stop,cabin_phone
campo_santa_margherita,cabin_phone
barra_funda,cadevi_association
navi,cadevi_association
barrera,cadevi_association
memorial_america_latina,cadevi_association
avenida_paulista,cadevi_association
bakery,cafeteria
hospital,cafeteria
school,cafeteria
supermarket,cafeteria
pizzeria,cafeteria
bridges,calatrava_bridge
dead_bridges,calatrava_bridge
pontini_trattoria,calatrava_bridge
torres_quart,calatrava_bridge
bike_lane,calatrava_bridge
dead_calla,calle_closed
calli,calle_closed
cabin_phone,calle_closed
open_space,calle_closed
bus_stop,calle_closed
dead_calla,calli
luci,calli
calle_closed,calli
archi,calli
antoni_abad,calli
relax,calm
silence,calm
danger,calm
stop,calm
dangerous,calm
street,camaragibe_street
pedestrian_street,camaragibe_street
street_art,camaragibe_street
camino,camaragibe_street
campo_santa_margherita,camaragibe_street
camaragibe_street,camino
picanya,camino
campiello,camino
barrera,camino
vento,camino
campo_santa_margherita,campiello
vento,campiello
camino,campiello
gondola,campiello
city_matarazzo,campiello
santiago_de_compostela,campo_santa_margherita
santa_catarina_hospital,campo_santa_margherita
campiello,campo_santa_margherita
san_marco,campo_santa_margherita
camaragibe_street,campo_santa_margherita
headquarters,capital
market,capital
buildings,capital
street,capital
banco,capital
paulo,carlos
san_marco,carlos
salvador,carlos
torres_quart,carlos
camino,carlos
piazza,carnevale
castellón,carnevale
road,carnevale
piazzale_roma,carnevale
french_cottage,carnevale
san_marco,carolina_maria
campo_santa_margherita,carolina_maria
puerto,carolina_maria
moreira_salles,carolina_maria
oswaldo_cruz_college,carolina_maria
hostel,casa
hotels,casa
pueblos,casa
ghetto,casa
barcelona,casa
chains,cascades
trees,cascades
model,cascades
tree,cascades
forest,cascades
games,casino
hotels,casino
fortune,casino
banco,casino
arena,casino
courtyard,castellón
courtyards,castellón
carnevale,castellón
bengal,castellón
laramara,castellón
pavilion,catalan_pavilion
barcelona,catalan_pavilion
piazzale_roma,catalan_pavilion
deck_chairs,catalan_pavilion
barca,catalan_pavilion
monument,cathedral
buildings,cathedral
church_of_rigolisa,cathedral
portico,cathedral
modernist_house,cathedral
walk,catwalk
streets,catwalk
sidewalk,catwalk
road,catwalk
pedestrian_street,catwalk
danger,caution
dangerous,caution
water_danger,caution
relax,caution
calm,caution
center_of_the_travelers,center
cultural_center,center
sp_cultural_center,center
headquarters,center
arena,center
center,center_of_the_travelers
tourists,center_of_the_travelers
travel,center_of_the_travelers
cultural_center,center_of_the_travelers
sp_cultural_center,center_of_the_travelers
picanya,cerdanya
colonna,cerdanya
iglesia,cerdanya
barcarrizzi,cerdanya
primavera,cerdanya
cascades,chains
bridges,chains
branch,chains
tree,chains
wood,chains
cerdanya,chameleon
targa,chameleon
rialto,chameleon
rota,chameleon
rosa,chameleon
big_channel,channel
branch,channel
wall,channel
bar,channel
theater,channel
bakery,cheese_bread
food_area,cheese_bread
pizza,cheese_bread
food,cheese_bread
pastry_shop,cheese_bread
i_run,children_running_around
playground,children_running_around
crowded_environment,children_running_around
little_dog_angel,children_running_around
sidewalk_level,children_running_around
cathedral,church_of_rigolisa
monastery_of_pedralbes,church_of_rigolisa
portico,church_of_rigolisa
bishop_of_rosario,church_of_rigolisa
archi,church_of_rigolisa
piso,churros
turismo,churros
pies,churros
cokes,churros
sp,churros
theater,cinemas
concert,cinemas
museums,cinemas
pavilion,cinemas
exhibitions,cinemas
games,city_game
city_matarazzo,city_game
urban_art,city_game
urban_details,city_game
urban_elements,city_game
city_game,city_matarazzo
piazzale_roma,city_matarazzo
urban_details,city_matarazzo
road_to_santiago,city_matarazzo
camaragibe_street,city_matarazzo
part,claim
show,claim
job,claim
demonstration,claim
photograph,claim
osteria,cloister
parque,cloister
baccari,cloister
ristorante,cloister
plant,cloister
bar,club
barcelona,club
arsenal,club
park,club
barca,club
berlin_gallery,co_berlin
german_warehouse,co_berlin
brandenburg_gate,co_berlin
correos,co_berlin
cultural_center,co_berlin
tables,coffee_tables
good_cafe,coffee_tables
deck_chairs,coffee_tables
cheese_bread,coffee_tables
fruit_boxes,coffee_tables
flavors,cokes
perfumes,cokes
pizza,cokes
tobacco,cokes
police,cokes
barrera,colonna
porta,colonna
primavera,colonna
cerdanya,colonna
turismo,colonna
paint,colors
green_light,colors
dark,colors
flavors,colors
textures,colors
music,concert
theater,concert
rehearsal,concert
cinemas,concert
concerto,concert
violin,concerto
concert,concerto
piano,concerto
music,concerto
rehearsal,concerto
art,contemporary_art
urban_art,contemporary_art
artworks,contemporary_art
street_art,contemporary_art
sculpture,contemporary_art
piso,correos
meco,correos
vento,correos
domingo,correos
co_berlin,correos
tennis_court,court
prison,court
police,court
theater,court
sp,court
courtyards,courtyard
terrace,courtyard
garden,courtyard
buildings,courtyard
castellón,courtyard
courtyard,courtyards
terrace,courtyards
garden,courtyards
buildings,courtyards
fences,courtyards
paulista,crafts_in_paulista
diversity_in_paulista,crafts_in_paulista
avenida_paulista,crafts_in_paulista
pastry_shop,crafts_in_paulista
workshop,crafts_in_paulista
wood,craftsmanship
art,craftsmanship
job,craftsmanship
artworks,craftsmanship
description,craftsmanship
bridges,crossing
crossroads,crossing
traffic,crossing
obstacle,crossing
dead_bridges,crossing
crossing,crossroads
road,crossroads
joint,crossroads
bridges,crossroads
ride,crossroads
crowding,crowded_environment
people_mover,crowded_environment
environmental_description,crowded_environment
ambient_noise,crowded_environment
pedestrian_street,crowded_environment
crowded_environment,crowding
people,crowding
traffic,crowding
rehearsal,crowding
parking,crowding
sp_cultural_center,cultural_center
culture,cultural_center
center,cultural_center
center_of_the_travelers,cultural_center
taste_festival,cultural_center
cultural_center,culture
sp_cultural_center,culture
tradition,culture
education,culture
art,culture
nature,curiosity
random,curiosity
flavors,curiosity
experience,curiosity
information,curiosity
music,dance
movement,dance
party,dance
walk,dance
rehearsal,dance
dangerous,danger
water_danger,danger
caution,danger
calm,danger
resilience,danger
danger,dangerous
water_danger,dangerous
caution,dangerous
calm,dangerous
magic,dangerous
night,dark
colors,dark
nightinvenice,dark
rain,dark
storm,dark
rialto,darsena
porta,darsena
frari,darsena
barra_funda,darsena
barrera,darsena
bridges,dead_bridges
dead_calla,dead_bridges
calatrava_bridge,dead_bridges
crossing,dead_bridges
fences,dead_bridges
calli,dead_calla
calle_closed,dead_calla
dead_bridges,dead_calla
cabin_phone,dead_calla
barra_funda,dead_calla
palm_trees,deck_chairs
wood,deck_chairs
furniture,deck_chairs
benches,deck_chairs
catalan_pavilion,deck_chairs
noises,defect
noise,defect
random,defect
odor,defect
test,defect
show,demonstration
testing,demonstration
exhibition,demonstration
test,demonstration
signage,demonstration
environmental_description,description
information,description
location_description,description
model,description
urban_details,description
railing,deterrent_pillar
barra_funda,deterrent_pillar
city_matarazzo,deterrent_pillar
deck_chairs,deterrent_pillar
playing_fields,deterrent_pillar
correos,deus
paseo,deus
luci,deus
uncivic,deus
riu,deus
no_transition,different_look
colors,different_look
view,different_look
narrow_street,different_look
green_light,different_look
disabled_parking,disabled_access
accessible,disabled_access
access,disabled_access
lack_of_accessibility,disabled_access
non_accesible,disabled_access
parking,disabled_parking
disabled_access,disabled_parking
park,disabled_parking
pedestrian_street,disabled_parking
parks,disabled_parking
paulista,diversity_in_paulista
crafts_in_paulista,diversity_in_paulista
avenida_paulista,diversity_in_paulista
puerto,diversity_in_paulista
different_look,diversity_in_paulista
rota,documenta
barra_funda,documenta
porta,documenta
office,documenta
books,documenta
guide_dog,dog
little_dog_angel,dog
food,dog
treats,dog
job,dog
salvador,domingo
piazza,domingo
correos,domingo
venezuela,domingo
piazzale_roma,domingo
dorinanowill,donne
venezia,donne
hhome,donne
dorina_nowill,donne
toilette,donne
entrance,door
lock,door
interiors,door
cabin,door
wall,door
dorinanowill,dorina_nowill
bishop_of_rosario,dorina_nowill
frari,dorina_nowill
donne,dorina_nowill
venezia,dorina_nowill
dorina_nowill,dorinanowill
donne,dorinanowill
venezia,dorinanowill
gondola,dorinanowill
vergueiro,dorinanowill
water_fountain,drinking_fountain
drinking_water,drinking_fountain
water_pump,drinking_fountain
water_danger,drinking_fountain
water,drinking_fountain
drinking_fountain,drinking_water
water_fountain,drinking_water
water,drinking_water
water_danger,drinking_water
water_pump,drinking_water
music,drum
piano,drum
machine,drum
pebbles,drum
sole,drum
birds,dwarfs
trees,dwarfs
cerdanya,dwarfs
tree,dwarfs
mountain,dwarfs
perfumes,earrings
flavors,earrings
marble,earrings
stones,earrings
bells,earrings
spring,easter
school,easter
rain,easter
party,easter
nazareth,easter
sustainability,eco
environmental_description,eco
market,eco
supermarkets,eco
nature,eco
school,education
schools,education
jobs,education
students,education
culture,education
water,empty
trash,empty
silence,empty
load,empty
food,empty
machine,engine
job,engine
model,engine
horses,engine
road,engine
door,entrance
interiors,entrance
tunnels,entrance
obstacle,entrance
portal,entrance
description,environmental_description
nature,environmental_description
eco,environmental_description
sustainability,environmental_description
location_description,environmental_description
iglesia,eodoviaria
osteria,eodoviaria
sorocaba,eodoviaria
cerdanya,eodoviaria
picanya,eodoviaria
exhibitions,exhibition
museum,exhibition
museums,exhibition
workshop,exhibition
art,exhibition
exhibition,exhibitions
museums,exhibitions
museum,exhibitions
artworks,exhibitions
museum_island,exhibitions
sensations,experience
legends,experience
interview,experience
job,experience
interviews,experience
people,family
friends,family
sons,family
tradition,family
loves,family
birds,fauna
nature,fauna
plants,fauna
worm,fauna
pigeons,fauna
wall,fences
bridges,fences
railing,fences
wood,fences
parks,fences
pesce,fiesp
paseo,fiesp
frari,fiesp
porta,fiesp
piso,fiesp
tram,first_tram
tactile_floors,first_tram
city_matarazzo,first_tram
tactile_floor_on_the_right,first_tram
the_first_valencia_xi,first_tram
market,fish_market
free_market,fish_market
street_trading,fish_market
water_pump,fish_market
bank_pkobp_market,fish_market
strawberry,flavors
aroma,flavors
taste_festival,flavors
cokes,flavors
food,flavors
museum,folklore_museum
museums,folklore_museum
museum_island,folklore_museum
museum_of_tomorrow,folklore_museum
exhibition,folklore_museum
piazza,fontana
bahia,fontana
paulo,fontana
piazzale_roma,fontana
rocco,fontana
pizza,food
appetizing,food
water,food
food_area,food
treats,food
food,food_area
cheese_bread,food_area
pastry_shop,food_area
town_hall,food_area
fish_market,food_area
sports,football
games,football
school,football
brazil,football
arsenal,football
trees,forest
tree,forest
palm_trees,forest
wood,forest
garden,forest
casino,fortune
magic,fortune
market,fortune
legends,fortune
job,fortune
buildings,foundations
scaffolding,foundations
architecture,foundations
portico,foundations
sustainability,foundations
porta,frari
aosta,frari
rosa,frari
luci,frari
barrera,frari
market,free_market
fish_market,free_market
street_trading,free_market
bank_pkobp_market,free_market
supermarkets,free_market
pastry_shop,french_cottage
museum_island,french_cottage
hotels,french_cottage
cheese_bread,french_cottage
good_cafe,french_cottage
girls,friends
school,friends
party,friends
loves,friends
people,friends
strawberry,fruit_boxes
deck_chairs,fruit_boxes
food_area,fruit_boxes
flavors,fruit_boxes
pastry_shop,fruit_boxes
games,fun
friends,fun
magic,fun
job,fun
recreation,fun
wood,furniture
bookshelf,furniture
benches,furniture
interiors,furniture
tables,furniture
barcelona,galway
hostel,galway
terrace,galway
alameda,galway
bengal,galway
sports,games
football,games
city_game,games
legends,games
school,games
plants,garden
grass,garden
plant,garden
courtyard,garden
courtyards,garden
oven,gastronomy
engine,gastronomy
food,gastronomy
ice-cream,gastronomy
pizzeria,gastronomy
mam,gcm
co_berlin,gcm
navi,gcm
workshop,gcm
sp,gcm
information_panel,generic_info
information,generic_info
location_description,generic_info
urban_details,generic_info
license_plates,generic_info
co_berlin,german_warehouse
berlin_gallery,german_warehouse
brandenburg_gate,german_warehouse
pastry_shop,german_warehouse
museum,german_warehouse
streets,ghetto
hostel,ghetto
casa,ghetto
urban_details,ghetto
street,ghetto
friends,girls
school,girls
students,girls
schools,girls
people,girls
baccari,giudecca
barrera,giudecca
campiello,giudecca
primavera,giudecca
colonna,giudecca
sorocaba,gondola
campiello,gondola
primavera,gondola
sombra,gondola
barcarrizzi,gondola
coffee_tables,good_cafe
cafeteria,good_cafe
french_cottage,good_cafe
san_marco,good_cafe
pizzeria,good_cafe
garden,grass
plant,grass
plants,grass
pond,grass
pebbles,grass
greengrocers,green_light
traffic_light,green_light
colors,green_light
sound_traffic_light,green_light
water_fountain,green_light
green_light,greengrocers
planters,greengrocers
colors,greengrocers
plants,greengrocers
grass,greengrocers
ladybird,gretapower
voice,gretapower
voices,gretapower
sing,gretapower
cerdanya,gretapower
museum,guggenheim
museums,guggenheim
arena,guggenheim
artworks,guggenheim
sculpture,guggenheim
dog,guide_dog
little_dog_angel,guide_dog
door,guide_dog
path_of_lovers,guide_dog
walk,guide_dog
green_light,hair_helmet
olafur_eliasson,hair_helmet
barra_funda,hair_helmet
town_hall,hair_helmet
oreneta_park,hair_helmet
railing,handrail
obstacle,handrail
ramp,handrail
tunnels,handrail
fences,handrail
loves,he_lives_together
people_mover,he_lives_together
san_marco,he_lives_together
meeting,he_lives_together
path_of_lovers,he_lives_together
office,headquarters
buildings,headquarters
capital,headquarters
center,headquarters
avenue,headquarters
health_facilities,health
food,health
tobacco,health
sports,health
magic,health
hospital,health_facilities
health,health_facilities
santa_catarina_hospital,health_facilities
hotels,health_facilities
food_area,health_facilities
oven,heat
food,heat
aroma,heat
temporary,heat
pace,heat
meeting,hello
job,hello
archi,hello
interview,hello
attention,hello
thanks,here
welcome,here
job,here
part,here
local,here
roselene,hhome
donne,hhome
yokoham,hhome
olafur_eliasson,hhome
pavilion,hhome
trail,hiking
walk,hiking
mountain,hiking
travel,hiking
rides,hiking
information,history
books,history
school,history
education,history
museum,history
sidewalk,hole_in_the_sidewalk
sidewalk_level,hole_in_the_sidewalk
holes,hole_in_the_sidewalk
pedestrian_street,hole_in_the_sidewalk
narrow_street,hole_in_the_sidewalk
manholes,holes
hole_in_the_sidewalk,holes
tunnels,holes
wood,holes
noises,holes
mare,horses
birds,horses
rides,horses
pigeons,horses
boats,horses
santa_catarina_hospital,hospital
health_facilities,hospital
cafeteria,hospital
pharmacy,hospital
memorial,hospital
hotels,hostel
casa,hostel
ghetto,hostel
cabin,hostel
prison,hostel
tourists,hotels
hostel,hotels
casa,hotels
hospital,hotels
french_cottage,hotels
oswaldo_cruz_college,humboldt_university
moreira_salles_institute,humboldt_university
a_great_institution,humboldt_university
museum_island,humboldt_university
schools,humboldt_university
children_running_around,i_run
water_pump,i_run
green_light,i_run
water_fountain,i_run
load,i_run
food,ice-cream
flavors,ice-cream
strawberry,ice-cream
pizza,ice-cream
pies,ice-cream
sombra,iglesia
eodoviaria,iglesia
venezia,iglesia
osteria,iglesia
cerdanya,iglesia
resilience,incivility
nature,incivility
obstacle,incivility
sustainability,incivility
acqualt,incivility
access,inclusion
accessible,inclusion
entrance,inclusion
acqualt,inclusion
non_accesible,inclusion
description,information
information_panel,information
history,information
urban_details,information
education,information
information,information_panel
generic_info,information_panel
location_description,information_panel
urban_details,information_panel
cabin_phone,information_panel
entrance,interiors
buildings,interiors
door,interiors
furniture,interiors
architecture,interiors
interviews,interview
job,interview
test,interview
jobs,interview
testing,interview
interview,interviews
jobs,interviews
job,interviews
experience,interviews
market,interviews
piazzale_roma,italian_forum
city_matarazzo,italian_forum
santiago_de_compostela,italian_forum
venice_at_night,italian_forum
cultural_center,italian_forum
town_hall,japan_house
camaragibe_street,japan_house
museum_island,japan_house
modernist_house,japan_house
city_matarazzo,japan_house
jobs,job
service,job
office,job
police,job
interview,job
job,jobs
office,jobs
education,jobs
services,jobs
school,jobs
bridges,joint
crossroads,joint
dead_bridges,joint
wood,joint
chains,joint
sugarcane_juice,kern_juices
strawberry,kern_juices
flavors,kern_juices
palm_trees,kern_juices
cokes,kern_juices
news_kiosk,kiosk
cafeteria,kiosk
streets,kiosk
school,kiosk
macs,kiosk
la_roqueta,l'horta
salvador,l'horta
avenida_paulista,l'horta
donne,l'horta
santiago_de_compostela,l'horta
pontini_trattoria,la_roqueta
porta,la_roqueta
city_matarazzo,la_roqueta
french_cottage,la_roqueta
l'horta,la_roqueta
accessibility,lack_of_accessibility
accessible,lack_of_accessibility
lack_of_tactile_paving,lack_of_accessibility
disabled_access,lack_of_accessibility
disabled_parking,lack_of_accessibility
tactile_floors,lack_of_tactile_paving
tactile,lack_of_tactile_paving
tactile_floor_on_the_right,lack_of_tactile_paving
tactile_maps,lack_of_tactile_paving
lack_of_accessibility,lack_of_tactile_paving
blackbirds,ladybird
birds,ladybird
pigeons,ladybird
gretapower,ladybird
seagulls,ladybird
alameda,laguna
mountain,laguna
beach,laguna
ruta,laguna
archi,laguna
salvador,laramara
sonora,laramara
barcelona,laramara
venezuela,laramara
road_to_santiago,laramara
games,legends
magic,legends
experience,legends
sports,legends
arena,legends
books,library
bookshelf,library
museums,library
museum,library
project,library
registrations,license_plates
bike_lane,license_plates
police,license_plates
swimming_pools,license_plates
parking,license_plates
vento,lido
campiello,lido
luci,lido
targa,lido
correos,lido
barra_funda,like_foscari
campo_santa_margherita,like_foscari
vento,like_foscari
deck_chairs,like_foscari
sesc_sorocaba,like_foscari
dog,little_dog_angel
guide_dog,little_dog_angel
olafur_eliasson,little_dog_angel
santa_catarina_hospital,little_dog_angel
children_running_around,little_dog_angel
ride,load
machine,load
browsing,load
empty,load
access,load
urban_details,local
culture,local
raven_valley,local
neighborhood_exploration,local
puerto,local
urban_details,location_description
description,location_description
environmental_description,location_description
pedestrian_street,location_description
neighborhood_exploration,location_description
prison,lock
door,lock
silence,lock
access,lock
accessible,lock
sorocaba_route,loges_route
traffic_light,loges_route
audible_traffic_lights,loges_route
road_to_santiago,loges_route
sidewalk_level,loges_route
friends,loves
job,loves
family,loves
amor,loves
treats,loves
calli,luci
archi,luci
frari,luci
olafur_eliasson,luci
paulista,luci
engine,machine
model,machine
service,machine
services,machine
office,machine
platforms,macs
cokes,macs
machine,macs
utilities,macs
browsing,macs
legends,magic
art,magic
fun,magic
heat,magic
health,magic
north_station,main_station
railway_stations,main_station
headquarters,main_station
city_game,main_station
crowded_environment,main_station
machine,mam
são_paulo,mam
yokoham,mam
sons,mam
luci,mam
holes,manholes
hole_in_the_sidewalk,manholes
tunnels,manholes
road,manholes
bridges,manholes
stones,marble
pebbles,marble
sculpture,marble
sculptures,marble
wood,marble
horses,mare
engine,mare
dog,mare
venice_at_night,mare
ride,mare
boats,maritime_towns
town_hall,maritime_towns
railway_stations,maritime_towns
city_game,maritime_towns
beaches,maritime_towns
free_market,market
fish_market,market
street_trading,market
supermarkets,market
bank_pkobp_market,market
correos,meco
mequi_1000,meco
vento,meco
headquarters,meco
pizzeria,meco
pharmacy,medici
health,medici
primavera,medici
hospital,medici
moreira_salles_institute,medici
assoc,meeting
party,meeting
club,meeting
rehearsal,meeting
workshop,meeting
monument,memorial
memorial_of_latin_america,memorial
memorial_america_latina,memorial
statue,memorial
museum,memorial
memorial_of_latin_america,memorial_america_latina
memorial,memorial_america_latina
monument,memorial_america_latina
salvador,memorial_america_latina
santiago_de_compostela,memorial_america_latina
memorial_america_latina,memorial_of_latin_america
memorial,memorial_of_latin_america
monument,memorial_of_latin_america
salvador,memorial_of_latin_america
puerto,memorial_of_latin_america
meco,mequi_1000
olafur_eliasson,mequi_1000
torres_quart,mequi_1000
water_fountain,mequi_1000
campo_santa_margherita,mequi_1000
movement,mobility
transport,mobility
travel,mobility
walk,mobility
rides,mobility
building_model,model
machine,model
description,model
engine,model
photograph,model
buildings,modernist_house
interiors,modernist_house
cathedral,modernist_house
contemporary_art,modernist_house
urban_art,modernist_house
church_of_rigolisa,monastery_of_pedralbes
pesce,monastery_of_pedralbes
courtyard,monastery_of_pedralbes
bishop_of_rosario,monastery_of_pedralbes
courtyards,monastery_of_pedralbes
memorial,monument
statue,monument
sculptures,monument
sculpture,monument
museum,monument
moreira_salles_institute,moreira_salles
bishop_of_rosario,moreira_salles
oswaldo_cruz_college,moreira_salles
torres_quart,moreira_salles
carolina_maria,moreira_salles
moreira_salles,moreira_salles_institute
humboldt_university,moreira_salles_institute
oswaldo_cruz_college,moreira_salles_institute
a_great_institution,moreira_salles_institute
san_rocco_school,moreira_salles_institute
alex_flemming,moscowneversleeps
silence,moscowneversleeps
police,moscowneversleeps
berlin_gallery,moscowneversleeps
news_kiosk,moscowneversleeps
hiking,mountain
trail,mountain
road,mountain
laguna,mountain
terrace,mountain
mobility,movement
walk,movement
dance,movement
orientation,movement
transport,movement
orientation,multidirectional
obstacle,multidirectional
cascades,multidirectional
architecture,multidirectional
movement,multidirectional
museums,museum
museum_island,museum
museum_of_tomorrow,museum
folklore_museum,museum
exhibition,museum
museum,museum_island
museums,museum_island
folklore_museum,museum_island
museum_of_tomorrow,museum_island
exhibitions,museum_island
museum,museum_of_tomorrow
museums,museum_of_tomorrow
museum_island,museum_of_tomorrow
folklore_museum,museum_of_tomorrow
exhibition,museum_of_tomorrow
museum,museums
exhibitions,museums
museum_island,museums
folklore_museum,museums
exhibition,museums
piano,music
street_music,music
dance,music
concert,music
sing,music
street,narrow_street
streets,narrow_street
pedestrian_street,narrow_street
road,narrow_street
street_music,narrow_street
environmental_description,nature
fauna,nature
garden,nature
plants,nature
plant,nature
riva,navi
riu,navi
turismo,navi
ncbi,navi
colonna,navi
synagogue,nazareth
hospital,nazareth
road,nazareth
pharmacy,nazareth
navi,nazareth
navi,ncbi
bb9,ncbi
cerdanya,ncbi
bengal,ncbi
north_station,ncbi
urban_art,neighborhood_exploration
urban_elements,neighborhood_exploration
urban_details,neighborhood_exploration
location_description,neighborhood_exploration
streets_for_everyone,neighborhood_exploration
open_space,new_server
water_pump,new_server
single_platform,new_server
first_tram,new_server
guide_dog,new_server
kiosk,news_kiosk
cheese_bread,news_kiosk
san_rocco,news_kiosk
food_area,news_kiosk
camaragibe_street,news_kiosk
dark,night
nightinvenice,night
venice_at_night,night
rest,night
season,night
night,nightinvenice
dark,nightinvenice
venice_at_night,nightinvenice
dorinanowill,nightinvenice
sensorygarden,nightinvenice
different_look,no_transition
movement,no_transition
ramp,no_transition
steps,no_transition
first_tram,no_transition
noises,noise
silence,noise
ambient_noise,noise
voices,noise
music,noise
noise,noises
silence,noises
voices,noises
sounds,noises
music,noises
disabled_access,non_accesible
lack_of_accessibility,non_accesible
inclusion,non_accesible
accessible,non_accesible
acqualt,non_accesible
olafur_eliasson,nordic_countries
french_cottage,nordic_countries
japan_house,nordic_countries
maritime_towns,nordic_countries
cultural_center,nordic_countries
main_station,north_station
railway_stations,north_station
headquarters,north_station
co_berlin,north_station
oreneta_park,north_station
aerial_obstacle,obstacle
road,obstacle
entrance,obstacle
movement,obstacle
tunnels,obstacle
aroma,odor
perfumes,odor
sensations,odor
tobacco,odor
noises,odor
post_office,office
jobs,office
headquarters,office
job,office
machine,office
luci,olafur_eliasson
antoni_abad,olafur_eliasson
french_cottage,olafur_eliasson
mequi_1000,olafur_eliasson
avenida_paulista,olafur_eliasson
calle_closed,open_space
new_server,open_space
water_pump,open_space
crowded_environment,open_space
post_office,open_space
sorocaba,oranienburgerstrasse
ristorante,oranienburgerstrasse
sombra,oranienburgerstrasse
german_warehouse,oranienburgerstrasse
olafur_eliasson,oranienburgerstrasse
park,oreneta_park
parks,oreneta_park
town_hall,oreneta_park
raven_valley,oreneta_park
north_station,oreneta_park
movement,orientation
center,orientation
sound_landscape,orientation
interiors,orientation
multidirectional,orientation
sorocaba,osteria
venezia,osteria
primavera,osteria
iglesia,osteria
colonna,osteria
humboldt_university,oswaldo_cruz_college
san_rocco_school,oswaldo_cruz_college
moreira_salles_institute,oswaldo_cruz_college
moreira_salles,oswaldo_cruz_college
sotoportego,oswaldo_cruz_college
heat,oven
bakery,oven
pizza,oven
food,oven
pies,oven
performance,pace
heat,pace
walk,pace
sole,pace
time,pace
art,paint
artworks,paint
colors,paint
street_art,paint
urban_art,paint
trees,palm_trees
tree,palm_trees
forest,palm_trees
deck_chairs,palm_trees
plants,palm_trees
parks,park
parking,park
oreneta_park,park
playground,park
recreation,park
park,parking
disabled_parking,parking
parks,parking
pedestrian_street,parking
sidewalk,parking
park,parks
parking,parks
recreation,parks
oreneta_park,parks
playground,parks
colonna,parque
piso,parque
spritz,parque
toilette,parque
squero,parque
second_part,part
sons,part
claim,part
job,part
show,part
party,partisans
political_science,partisans
vaporetto,partisans
police,partisans
sonora,partisans
dance,party
friends,party
partisans,party
music,party
people,party
pesce,paseo
piso,paseo
piazzale_roma,paseo
primavera,paseo
ruta,paseo
._reference,pastel
attention,pastel
testimonial,pastel
project,pastel
paint,pastel
traditional_pastry,pastry_shop
bakery,pastry_shop
shop,pastry_shop
french_cottage,pastry_shop
food_area,pastry_shop
trail,path_of_lovers
road,path_of_lovers
walk,path_of_lovers
center_of_the_travelers,path_of_lovers
streets_for_everyone,path_of_lovers
diversity_in_paulista,paulista
crafts_in_paulista,paulista
avenida_paulista,paulista
s.elena,paulista
rocco,paulista
são_paulo,paulo
shopping_city_são_paulo,paulo
carlos,paulo
salvador,paulo
fontana,paulo
catalan_pavilion,pavilion
terrace,pavilion
cinemas,pavilion
monument,pavilion
cabin,pavilion
stones,pebbles
marble,pebbles
grass,pebbles
pies,pebbles
strawberry,pebbles
street,pedestrian_street
streets,pedestrian_street
streets_for_everyone,pedestrian_street
sidewalk,pedestrian_street
narrow_street,pedestrian_street
police,people
people_mover,people
family,people
crowding,people
friends,people
people,people_mover
crowded_environment,people_mover
pedestrian_street,people_mover
movement,people_mover
streets_for_everyone,people_mover
pace,performance
engine,performance
description,performance
machine,performance
heat,performance
aroma,perfumes
odor,perfumes
cokes,perfumes
flavors,perfumes
shopping,perfumes
sesc,pesce
fiesp,pesce
paseo,pesce
sesc_sorocaba,pesce
monastery_of_pedralbes,pesce
medici,pharmacy
hospital,pharmacy
supermarket,pharmacy
office,pharmacy
pizzeria,pharmacy
selfies,photograph
art,photograph
paint,photograph
view,photograph
job,photograph
music,piano
violin,piano
drum,piano
dance,piano
concerto,piano
piazzale_roma,piazza
fontana,piazza
venice_at_night,piazza
domingo,piazza
city_matarazzo,piazza
piazza,piazzale_roma
venice_at_night,piazzale_roma
venetians,piazzale_roma
city_matarazzo,piazzale_roma
paseo,piazzale_roma
porta,picanya
camino,picanya
cerdanya,picanya
san_rocco,picanya
bahia,picanya
rocco,piers
wells,piers
arsenal,piers
foundations,piers
yokoham,piers
pizza,pies
pebbles,pies
ice-cream,pies
flavors,pies
food,pies
birds,pigeons
blackbirds,pigeons
seagulls,pigeons
ladybird,pigeons
horses,pigeons
tram,ping-pong
games,ping-pong
parque,ping-pong
basket,ping-pong
city_game,ping-pong
pizzeria,piso
churros,piso
correos,piso
paseo,piso
puerto,piso
food,pizza
pizzeria,pizza
pies,pizza
cheese_bread,pizza
marble,pizza
pizza,pizzeria
piso,pizzeria
supermarket,pizzeria
marble,pizzeria
bakery,pizzeria
plants,plant
garden,plant
planters,plant
tree,plant
grass,plant
plants,planters
plant,planters
greengrocers,planters
garden,planters
trees,planters
plant,plants
planters,plants
trees,plants
garden,plants
vines,plants
single_platform,platforms
macs,platforms
architecture,platforms
foundations,platforms
machine,platforms
park,playground
ramp,playground
parks,playground
sidewalk,playground
toys,playground
games,playing_fields
city_game,playing_fields
tennis_court,playing_fields
sports,playing_fields
deck_chairs,playing_fields
art,poetry
music,poetry
books,poetry
artworks,poetry
magic,poetry
people,police
prison,police
jobs,police
job,police
school,police
blindwiki,polish_association_of_the_blind
blindwikibr,polish_association_of_the_blind
lack_of_accessibility,polish_association_of_the_blind
vision_australia,polish_association_of_the_blind
cadevi_association,polish_association_of_the_blind
education,political_science
history,political_science
partisans,political_science
party,political_science
culture,political_science
pool,pond
water,pond
garden,pond
swimming_pools,pond
grass,pond
pontini_trattoria,pont
porta,pont
navi,pont
baccari,pont
targa,pont
pont,pontini_trattoria
la_roqueta,pontini_trattoria
piazzale_roma,pontini_trattoria
calatrava_bridge,pontini_trattoria
santiago_de_compostela,pontini_trattoria
swimming_pools,pool
pond,pool
water,pool
recreation,pool
water_fountain,pool
rota,porta
picanya,porta
colonna,porta
barrera,porta
barra_funda,porta
entrance,portal
door,portal
obstacle,portal
water_fountain,portal
access,portal
cathedral,portico
buildings,portico
architecture,portico
church_of_rigolisa,portico
interiors,portico
office,post_office
sound_postcard,post_office
documenta,post_office
headquarters,post_office
street_art,post_office
piazza,pozzo
paulo,pozzo
piso,pozzo
vaporetto,pozzo
city_matarazzo,pozzo
rehearsal,practice
sing,practice
dance,practice
experience,practice
testing,practice
colonna,primavera
avenida_paulista,primavera
paseo,primavera
osteria,primavera
sorocaba,primavera
police,prison
court,prison
lock,prison
hostel,prison
door,prison
workshop,project
photograph,project
job,project
description,project
library,project
correos,prosecco
sotoportego,prosecco
primavera,prosecco
domingo,prosecco
meco,prosecco
casa,pueblos
salvador,pueblos
puerto,pueblos
alameda,pueblos
sonora,pueblos
salvador,puerto
bahia,puerto
venezuela,puerto
carolina_maria,puerto
pueblos,puerto
trash,rags
joint,rags
ghetto,rags
crossing,rags
treats,rags
handrail,railing
fences,railing
wood,railing
tactile_floor_on_the_right,railing
benches,railing
main_station,railway_stations
north_station,railway_stations
u-bahn,railway_stations
s-bahn,railway_stations
maritime_towns,railway_stations
water,rain
storm,rain
dark,rain
grass,rain
spring,rain
playground,ramp
road,ramp
steps,ramp
sidewalk,ramp
traffic,ramp
curiosity,random
noise,random
magic,random
seven,random
games,random
anhangabau_valley,raven_valley
town_hall,raven_valley
oreneta_park,raven_valley
terrace,raven_valley
water_fountain,raven_valley
sports,recreation
park,recreation
parks,recreation
rides,recreation
pool,recreation
bier,redeemer
lock,redeemer
prison,redeemer
greengrocers,redeemer
dorinanowill,redeemer
license_plates,registrations
services,registrations
service,registrations
exhibition,registrations
access,registrations
concert,rehearsal
dance,rehearsal
exhibition,rehearsal
theater,rehearsal
workshop,rehearsal
calm,relax
silence,relax
rest,relax
stop,relax
relief,relax
sensations,relief
relax,relief
rest,relief
treats,relief
bas-reliefs,relief
danger,resilience
incivility,resilience
sustainability,resilience
tranquillity,resilience
dangerous,resilience
relax,rest
night,rest
health,rest
job,rest
service,rest
ristorante,rialto
riva,rialto
riu,rialto
ruta,rialto
darsena,rialto
rides,ride
bicycle,ride
trail,ride
road,ride
travel,ride
ride,rides
bicycle,rides
trail,rides
horses,rides
mobility,rides
rialto,ristorante
riva,ristorante
riu,ristorante
sotoportego,ristorante
ruta,ristorante
riva,riu
rialto,riu
ristorante,riu
ruta,riu
navi,riu
riu,riva
rialto,riva
ristorante,riva
ruta,riva
navi,riva
street,road
streets,road
avenue,road
traffic,road
narrow_street,road
santiago_de_compostela,road_to_santiago
road,road_to_santiago
camaragibe_street,road_to_santiago
city_matarazzo,road_to_santiago
san_marco,road_to_santiago
san_rocco,rocco
san_rocco_school,rocco
piers,rocco
paulista,rocco
fontana,rocco
roselene,rosa
frari,rosa
saint_martha,rosa
plant,rosa
carolina_maria,rosa
rosa,roselene
hhome,roselene
carolina_maria,roselene
cerdanya,roselene
donne,roselene
wood,rosewood
terrace,rosewood
forest,rosewood
craftsmanship,rosewood
bookshelf,rosewood
porta,rota
targa,rota
barrera,rota
documenta,rota
dead_calla,rota
rialto,ruta
riva,ruta
riu,ruta
paseo,ruta
rota,ruta
u-bahn,s-bahn
railway_stations,s-bahn
brandenburg_gate,s-bahn
co_berlin,s-bahn
bus,s-bahn
paulista,s.elena
venezia,s.elena
paulo,s.elena
avenida_paulista,s.elena
sombra,s.elena
campo_santa_margherita,saint_martha
são_paulo,saint_martha
san_rocco,saint_martha
olafur_eliasson,saint_martha
rosa,saint_martha
laramara,salvador
puerto,salvador
venezuela,salvador
paulo,salvador
memorial_america_latina,salvador
san_polo,san_marco
san_rocco,san_marco
san_rocco_school,san_marco
sesc_sorocaba,san_marco
carolina_maria,san_marco
san_marco,san_polo
san_rocco,san_polo
san_rocco_school,san_polo
picanya,san_polo
barca,san_polo
san_rocco_school,san_rocco
rocco,san_rocco
san_marco,san_rocco
san_polo,san_rocco
venice_at_night,san_rocco
san_rocco,san_rocco_school
rocco,san_rocco_school
san_marco,san_rocco_school
oswaldo_cruz_college,san_rocco_school
san_polo,san_rocco_school
hospital,santa_catarina_hospital
campo_santa_margherita,santa_catarina_hospital
health_facilities,santa_catarina_hospital
campiello,santa_catarina_hospital
bahia,santa_catarina_hospital
road_to_santiago,santiago_de_compostela
campo_santa_margherita,santiago_de_compostela
são_paulo,santiago_de_compostela
san_marco,santiago_de_compostela
salvador,santiago_de_compostela
são_paulo,sao
shopping_city_são_paulo,sao
bahia,sao
paulo,sao
alameda,sao
workshop,scaffolding
foundations,scaffolding
buildings,scaffolding
tunnels,scaffolding
bridges,scaffolding
model,scale
project,scale
photograph,scale
seven,scale
ramp,scale
schools,school
education,school
students,school
friends,school
jobs,school
school,schools
education,schools
students,schools
jobs,schools
books,schools
sculptures,sculpture
statue,sculpture
artworks,sculpture
art,sculpture
monument,sculpture
sculpture,sculptures
statue,sculptures
artworks,sculptures
monument,sculptures
art,sculptures
birds,seagulls
blackbirds,seagulls
pigeons,seagulls
fauna,seagulls
ladybird,seagulls
spring,season
years,season
tradition,season
rain,season
night,season
part,second_part
claim,second_part
first_tram,second_part
words_and_more,second_part
._reference,second_part
photograph,selfies
friends,selfies
art,selfies
girls,selfies
browsing,selfies
sensorygarden,sensations
touch,sensations
tactile,sensations
aroma,sensations
noises,sensations
sensations,sensorygarden
tactile,sensorygarden
aroma,sensorygarden
touch,sensorygarden
odor,sensorygarden
services,service
job,service
jobs,service
machine,service
uncivic,service
service,services
jobs,services
job,services
utilities,services
uncivic,services
sesc_sorocaba,sesc
pesce,sesc
sp,sesc
deus,sesc
san_marco,sesc
sorocaba,sesc_sorocaba
sesc,sesc_sorocaba
sorocaba_route,sesc_sorocaba
sombra,sesc_sorocaba
san_marco,sesc_sorocaba
random,seven
years,seven
friends,seven
dark,seven
33bienal,seven
shopping,shop
supermarket,shop
supermarkets,shop
pastry_shop,shop
shopping_city_são_paulo,shop
shop,shopping
supermarket,shopping
supermarkets,shopping
shopping_city_são_paulo,shopping
browsing,shopping
são_paulo,shopping_city_são_paulo
paulo,shopping_city_são_paulo
sao,shopping_city_são_paulo
shop,shopping_city_são_paulo
shopping,shopping_city_são_paulo
demonstration,show
view,show
job,show
exhibition,show
claim,show
sidewalk_level,sidewalk
hole_in_the_sidewalk,sidewalk
streets,sidewalk
pedestrian_street,sidewalk
street,sidewalk
sidewalk,sidewalk_level
hole_in_the_sidewalk,sidewalk_level
pedestrian_street,sidewalk_level
ramp,sidewalk_level
avenue,sidewalk_level
sidewalk,signage
exhibition,signage
exhibitions,signage
parking,signage
accessibility,signage
noise,silence
noises,silence
lock,silence
calm,silence
relax,silence
voice,sing
voices,sing
music,sing
singing_and_enchanting,sing
dance,sing
sing,singing_and_enchanting
music,singing_and_enchanting
voices,singing_and_enchanting
poetry,singing_and_enchanting
words_and_more,singing_and_enchanting
platforms,single_platform
main_station,single_platform
new_server,single_platform
city_game,single_platform
free_market,single_platform
drum,sole
pace,sole
vaporetto,sole
engine,sole
aroma,sole
sorocaba,sombra
sesc_sorocaba,sombra
iglesia,sombra
sorocaba_route,sombra
souvenir,sombra
bahia,sonora
alameda,sonora
beach,sonora
laramara,sonora
piso,sonora
part,sons
family,sons
girls,sons
friends,sons
loves,sons
sombra,sorocaba
sesc_sorocaba,sorocaba
sorocaba_route,sorocaba
gondola,sorocaba
osteria,sorocaba
sorocaba,sorocaba_route
sesc_sorocaba,sorocaba_route
sombra,sorocaba_route
loges_route,sorocaba_route
camaragibe_street,sorocaba_route
oswaldo_cruz_college,sotoportego
campiello,sotoportego
sonora,sotoportego
ristorante,sotoportego
santiago_de_compostela,sotoportego
soundscape,sound_landscape
sound_traffic_light,sound_landscape
sound_postcard,sound_landscape
traffic_light_without_sound,sound_landscape
audible_traffic_lights,sound_landscape
sound_landscape,sound_postcard
sound_traffic_light,sound_postcard
soundscape,sound_postcard
traffic_light_without_sound,sound_postcard
a_humming_puzzle,sound_postcard
traffic_light_without_sound,sound_traffic_light
audible_traffic_lights,sound_traffic_light
traffic_light,sound_traffic_light
sound_landscape,sound_traffic_light
sound_postcard,sound_traffic_light
noises,sounds
noise,sounds
fun,sounds
soundscape,sounds
job,sounds
sound_landscape,soundscape
music,soundscape
ambient,soundscape
voices,soundscape
noises,soundscape
sombra,souvenir
exhibition,souvenir
earrings,souvenir
sorocaba,souvenir
craftsmanship,souvenir
spritz,sp
street,sp
sp_cultural_center,sp
school,sp
court,sp
cultural_center,sp_cultural_center
culture,sp_cultural_center
center,sp_cultural_center
center_of_the_travelers,sp_cultural_center
berlin_gallery,sp_cultural_center
football,sports
games,sports
recreation,sports
school,sports
health,sports
season,spring
school,spring
rain,spring
easter,spring
garden,spring
sp,spritz
sp_cultural_center,spritz
parque,spritz
sombra,spritz
churros,spritz
vergueiro,squero
barcarrizzi,squero
parque,squero
campiello,squero
barca,squero
wall,stalls
silence,stalls
tunnels,stalls
lock,stalls
relax,stalls
sculpture,statue
sculptures,statue
monument,statue
artworks,statue
memorial,statue
wells,stelenfeld
co_berlin,stelenfeld
paulo,stelenfeld
pozzo,stelenfeld
ristorante,stelenfeld
walk,steps
ramp,steps
entrance,steps
movement,steps
dance,steps
pebbles,stones
marble,stones
basalt,stones
sculptures,stones
courtyards,stones
wait,stop
taxi_stop,stop
calm,stop
relax,stop
bus_stop,stop
rain,storm
dark,storm
night,storm
poetry,storm
spring,storm
noises,strange_things
toys,strange_things
random,strange_things
defect,strange_things
noise,strange_things
flavors,strawberry
fruit_boxes,strawberry
grass,strawberry
ice-cream,strawberry
plant,strawberry
streets,street
road,street
avenue,street
pedestrian_street,street
street_music,street
street_artist,street_art
urban_art,street_art
street_music,street_art
art,street_art
street,street_art
street_art,street_artist
street_music,street_artist
street,street_artist
urban_art,street_artist
streets,street_artist
street_artist,street_music
street_art,street_music
street,street_music
streets,street_music
streets_for_everyone,street_music
market,street_trading
street,street_trading
free_market,street_trading
street_art,street_trading
fish_market,street_trading
street,streets
road,streets
streets_for_everyone,streets
avenue,streets
street_music,streets
streets,streets_for_everyone
pedestrian_street,streets_for_everyone
street_music,streets_for_everyone
street,streets_for_everyone
street_art,streets_for_everyone
schools,students
school,students
education,students
girls,students
people,students
kern_juices,sugarcane_juice
water_fountain,sugarcane_juice
taste_festival,sugarcane_juice
tobacco,sugarcane_juice
drinking_fountain,sugarcane_juice
supermarkets,supermarket
shop,supermarket
shopping,supermarket
pizzeria,supermarket
bakery,supermarket
supermarket,supermarkets
shop,supermarkets
shopping,supermarkets
market,supermarkets
food,supermarkets
eco,sustainability
environmental_description,sustainability
foundations,sustainability
resilience,sustainability
nature,sustainability
pool,swimming_pools
water_fountain,swimming_pools
water_pump,swimming_pools
tennis_court,swimming_pools
water_danger,swimming_pools
cathedral,synagogue
nazareth,synagogue
cafeteria,synagogue
memorial,synagogue
headquarters,synagogue
paulo,são_paulo
sao,são_paulo
shopping_city_são_paulo,são_paulo
bahia,são_paulo
avenida_paulista,são_paulo
coffee_tables,tables
furniture,tables
benches,tables
deck_chairs,tables
piano,tables
tactile_floors,tactile
tactile_floor_on_the_right,tactile
tactile_maps,tactile
lack_of_tactile_paving,tactile
touch,tactile
tactile_floors,tactile_floor_on_the_right
tactile,tactile_floor_on_the_right
tactile_maps,tactile_floor_on_the_right
lack_of_tactile_paving,tactile_floor_on_the_right
touch,tactile_floor_on_the_right
tactile_floor_on_the_right,tactile_floors
tactile,tactile_floors
tactile_maps,tactile_floors
lack_of_tactile_paving,tactile_floors
touch,tactile_floors
tactile,tactile_maps
tactile_floors,tactile_maps
tactile_floor_on_the_right,tactile_maps
lack_of_tactile_paving,tactile_maps
touch_element,tactile_maps
barrera,targa
rota,targa
porta,targa
campiello,targa
ruta,targa
flavors,taste_festival
sugarcane_juice,taste_festival
cultural_center,taste_festival
concert,taste_festival
aroma,taste_festival
bus_stop,taxi_stop
traffic_light,taxi_stop
bike_lane,taxi_stop
stop,taxi_stop
road,taxi_stop
heat,temporary
time,temporary
sp,temporary
calm,temporary
danger,temporary
court,tennis_court
swimming_pools,tennis_court
city_game,tennis_court
pool,tennis_court
pavilion,tennis_court
courtyard,terrace
courtyards,terrace
avenue,terrace
street,terrace
pavilion,terrace
testing,test
apitest,test
testapipi,test
interview,test
testimonial,test
testing,testapipi
apitest,testapipi
test,testapipi
testimonial,testapipi
calli,testapipi
testapipi,testimonial
test,testimonial
testing,testimonial
random,testimonial
pastel,testimonial
test,testing
apitest,testing
testapipi,testing
demonstration,testing
interview,testing
paint,textures
colors,textures
basalt,textures
art,textures
artworks,textures
welcome,thanks
here,thanks
claim,thanks
project,thanks
upv,thanks
torres_quart,the_first_valencia_xi
barcelona,the_first_valencia_xi
barca,the_first_valencia_xi
piazzale_roma,the_first_valencia_xi
catalan_pavilion,the_first_valencia_xi
cinemas,theater
concert,theater
music,theater
rehearsal,theater
pavilion,theater
years,time
temporary,time
job,time
history,time
night,time
sensations,to_suffer_inwardly
relief,to_suffer_inwardly
abandonment,to_suffer_inwardly
obstacle,to_suffer_inwardly
crossroads,to_suffer_inwardly
health,tobacco
odor,tobacco
sugarcane_juice,tobacco
pizza,tobacco
cokes,tobacco
pesce,toilette
colonna,toilette
piso,toilette
donne,toilette
parque,toilette
the_first_valencia_xi,torres_quart
moreira_salles,torres_quart
san_marco,torres_quart
carolina_maria,torres_quart
carlos,torres_quart
touch_element,touch
sensations,touch
tactile,touch
tactile_floor_on_the_right,touch
tactile_floors,touch
touch,touch_element
tactile_floor_on_the_right,touch_element
tactile_floors,touch_element
urban_elements,touch_element
tactile_maps,touch_element
travel,tourists
hotels,tourists
center_of_the_travelers,tourists
exhibitions,tourists
museums,tourists
city_game,town_hall
japan_house,town_hall
maritime_towns,town_hall
food_area,town_hall
pedestrian_street,town_hall
treats,toys
games,toys
food,toys
furniture,toys
playground,toys
culture,tradition
family,tradition
season,tradition
history,tradition
rehearsal,tradition
pastry_shop,traditional_pastry
bakery,traditional_pastry
french_cottage,traditional_pastry
pies,traditional_pastry
cheese_bread,traditional_pastry
traffic_light,traffic
road,traffic
transport,traffic
traffic_light_without_sound,traffic
audible_traffic_lights,traffic
sound_traffic_light,traffic_light
audible_traffic_lights,traffic_light
traffic_light_without_sound,traffic_light
traffic,traffic_light
green_light,traffic_light
sound_traffic_light,traffic_light_without_sound
audible_traffic_lights,traffic_light_without_sound
traffic_light,traffic_light_without_sound
traffic,traffic_light_without_sound
sound_landscape,traffic_light_without_sound
hiking,trail
ride,trail
road,trail
rides,trail
mountain,trail
first_tram,tram
playground,tram
terrace,tram
touch,tram
street,tram
calm,tranquillity
movement,tranquillity
resilience,tranquillity
temporary,tranquillity
transport,tranquillity
travel,transport
mobility,transport
traffic,transport
bus,transport
movement,transport
road,trash
ghetto,trash
empty,trash
odor,trash
silence,trash
transport,travel
tourists,travel
mobility,travel
center_of_the_travelers,travel
rides,travel
food,treats
toys,treats
flavors,treats
dog,treats
loves,treats
trees,tree
forest,tree
palm_trees,tree
wood,tree
plant,tree
tree,trees
forest,trees
plants,trees
palm_trees,trees
wood,trees
bridges,tunnels
entrance,tunnels
holes,tunnels
obstacle,tunnels
traffic,tunnels
aosta,turismo
colonna,turismo
navi,turismo
churros,turismo
city_matarazzo,turismo
s-bahn,u-bahn
railway_stations,u-bahn
brandenburg_gate,u-bahn
co_berlin,u-bahn
bus,u-bahn
service,uncivic
services,uncivic
navi,uncivic
riu,uncivic
deus,uncivic
absv,upv
atm,upv
sp,upv
sons,upv
thanks,upv
street_art,urban_art
urban_details,urban_art
urban_elements,urban_art
street_artist,urban_art
art,urban_art
urban_art,urban_details
urban_elements,urban_details
location_description,urban_details
streets,urban_details
city_game,urban_details
urban_art,urban_elements
urban_details,urban_elements
city_game,urban_elements
neighborhood_exploration,urban_elements
street_music,urban_elements
services,utilities
library,utilities
jobs,utilities
supermarkets,utilities
water,utilities
aroma,vaporetto
pozzo,vaporetto
paseo,vaporetto
ristorante,vaporetto
sole,vaporetto
venice_at_night,venetians
piazzale_roma,venetians
bahia,venetians
hotels,venetians
tourists,venetians
vergueiro,venezia
venice_at_night,venezia
rialto,venezia
osteria,venezia
iglesia,venezia
brazil,venezuela
salvador,venezuela
puerto,venezuela
city_matarazzo,venezuela
domingo,venezuela
venetians,venice_at_night
night,venice_at_night
piazzale_roma,venice_at_night
san_marco,venice_at_night
san_rocco,venice_at_night
lido,vento
campiello,vento
correos,vento
piso,vento
camino,vento
venezia,vergueiro
squero,vergueiro
carlos,vergueiro
campiello,vergueiro
ristorante,vergueiro
browsing,view
photograph,view
show,view
model,view
vision_australia,view
plants,vines
trees,vines
plant,vines
tree,vines
planters,vines
concerto,violin
music,violin
piano,violin
dance,violin
aaudiolibro,violin
green_light,vision_australia
view,vision_australia
photograph,vision_australia
brazil,vision_australia
venice_at_night,vision_australia
voices,voice
sing,voice
music,voice
noises,voice
soundscape,voice
voice,voices
noises,voices
sing,voices
music,voices
soundscape,voices
stop,wait
well,wait
sounds,wait
temporary,wait
lock,wait
catwalk,walk
hiking,walk
movement,walk
sidewalk,walk
steps,walk
fences,wall
buildings,wall
door,wall
wood,wall
town_hall,wall
drinking_water,water
rain,water
water_danger,water
food,water
water_fountain,water
danger,water_danger
water_fountain,water_danger
drinking_water,water_danger
water,water_danger
dangerous,water_danger
drinking_fountain,water_fountain
water_pump,water_fountain
drinking_water,water_fountain
water_danger,water_fountain
swimming_pools,water_fountain
water_fountain,water_pump
drinking_water,water_pump
water_danger,water_pump
swimming_pools,water_pump
fish_market,water_pump
thanks,welcome
here,welcome
fun,welcome
load,welcome
hello,welcome
wait,well
hello,well
part,well
test,well
claim,well
stelenfeld,wells
pool,wells
piers,wells
stones,wells
basket,wells
furniture,wood
tree,wood
trees,wood
forest,wood
rosewood,wood
singing_and_enchanting,words_and_more
poetry,words_and_more
description,words_and_more
noises,words_and_more
urban_details,words_and_more
exhibition,workshop
project,workshop
scaffolding,workshop
rehearsal,workshop
museum,workshop
office,worksite
job,worksite
jobs,worksite
machine,worksite
vaporetto,worksite
fauna,worm
engine,worm
portal,worm
treats,worm
birds,worm
season,years
time,years
history,years
seven,years
temporary,years
hhome,yokoham
strawberry,yokoham
riu,yokoham
piers,yokoham
mam,yokoham
._reference,water_danger
._reference,i_run
._reference,swimming_pools
33bienal,barcarrizzi
33bienal,avenida_paulista
33bienal,years
33bienal,alex_flemming
a_great_institution,museum
a_great_institution,museums
a_great_institution,museum_island
a_humming_puzzle,noise
a_humming_puzzle,noises
a_humming_puzzle,sound_landscape
a_humming_puzzle,sound_traffic_light
aaudiolibro,antoni_abad
aaudiolibro,voice
aaudiolibro,voices
aaudiolibro,aosta
abandonment,no_transition
abandonment,walk
abandonment,amor
abandonment,mobility
absv,riva
absv,experience
absv,riu
access,entrance
accessible,obstacle
acqualt,job
acqualt,test
acqualt,court
aerial_obstacle,sound_landscape
aerial_obstacle,sidewalk_level
aerial_obstacle,handrail
aerial_obstacle,courtyard
alameda,bahia
alameda,beach
alex_flemming,são_paulo
alex_flemming,torres_quart
alex_flemming,antoni_abad
alex_flemming,osteria
ambient,crowded_environment
ambient,interiors
ambient,environmental_description
ambient_noise,noises
ambient_noise,soundscape
amor,market
amor,fortune
amor,path_of_lovers
anhangabau_valley,picanya
anhangabau_valley,courtyard
anhangabau_valley,laramara
antoni_abad,são_paulo
antoni_abad,paulo
aosta,riva
apitest,testimonial
apitest,interview
appetizing,flavors
appetizing,pizza
appetizing,ice-cream
appetizing,taste_festival
arc_de_triomph,calatrava_bridge
arc_de_triomph,deus
arc_de_triomph,first_tram
arc_de_triomph,town_hall
arc_de_triomph,oreneta_park
archi,riu
archi,cathedral
architecture,model
arena,games
arena,club
artworks,street_art
assoc,aosta
assoc,inclusion
assoc,joint
assoc,access
atm,market
atm,absv
atm,mam
atm,banco
attention,photograph
attention,description
attention,information
attention,voices
attention,view
avenue,pedestrian_street
avenue,sidewalk
baccari,barrera
baccari,frari
baccari,camino
bakery,supermarkets
banco,market
banco,branch
banco,guggenheim
bank_pkobp_market,street_trading
bar,park
barcarrizzi,sorocaba
barcarrizzi,campiello
barra_funda,campo_santa_margherita
barra_funda,sesc_sorocaba
barra_funda,memorial_america_latina
bas-reliefs,sculpture
bas-reliefs,sculptures
bas-reliefs,artworks
bas-reliefs,textures
basalt,marble
basalt,mountain
basalt,pebbles
basket,pool
basket,bicycle
basket,bus
basket,food
basket,sports
bb9,sp
bb9,bengal
bb9,blackbirds
bb9,banco
beach,boats
beach,barcelona
beach,road
beaches,swimming_pools
beaches,bahia
beaches,sonora
bells,fences
bells,music
bells,storm
bells,bus
benches,wood
bengal,barcelona
bengal,barca
bengal,sonora
bengal,dog
berlin_gallery,street_art
berlin_gallery,urban_art
bicycle,parking
bicycle,road
bier,bicycle
bier,branch
bier,basket
bier,toilette
bier,hello
big_channel,branch
big_channel,main_station
big_channel,wall
big_channel,bus_stop
bike_lane,road
bike_lane,traffic_light
bike_lane,pedestrian_street
binary,machine
binary,random
binary,platforms
binary,bicycle
binary,library
bishop_of_rosario,cathedral
bishop_of_rosario,san_rocco
blackbirds,fauna
blindwiki,library
blindwikibr,accessibility
blindwikibr,accessible
boats,pond
boats,cabin
books,school
books,games
bookshelf,wood
bookshelf,benches
braille,tactile
braille,accessible
branch,tree
branch,trees
branch,forest
brazil,salvador
browsing,exhibitions
building_model,buildings
building_model,architecture
building_model,cathedral
building_model,modernist_house
bullring,fences
bullring,sports
bullring,horses
bullring,legends
bus,parking
bus,road
bus,traffic
bus_stop,traffic_light
bus_stop,pedestrian_street
bustle,pace
bustle,wall
bustle,trash
bustle,amor
but_fogonussa,luci
but_fogonussa,like_foscari
but_fogonussa,deus
but_fogonussa,green_light
but_fogonussa,olafur_eliasson
cabin,wood
cabin_phone,camaragibe_street
cabin_phone,bus_stop
cabin_phone,campo_santa_margherita
cadevi_association,barra_funda
cadevi_association,navi
cadevi_association,barrera
cadevi_association,memorial_america_latina
cadevi_association,avenida_paulista
cafeteria,school
cafeteria,supermarket
cafeteria,pizzeria
calatrava_bridge,torres_quart
calatrava_bridge,bike_lane
calle_closed,cabin_phone
calle_closed,bus_stop
camaragibe_street,street
camaragibe_street,pedestrian_street
camaragibe_street,street_art
camino,barrera
campiello,city_matarazzo
campo_santa_margherita,san_marco
capital,market
capital,buildings
capital,street
capital,banco
carlos,san_marco
carlos,salvador
carlos,camino
carnevale,piazza
carnevale,road
carnevale,piazzale_roma
carnevale,french_cottage
carolina_maria,campo_santa_margherita
carolina_maria,oswaldo_cruz_college
casa,barcelona
cascades,trees
cascades,model
cascades,tree
cascades,forest
casino,games
casino,hotels
casino,arena
castellón,courtyards
castellón,bengal
castellón,laramara
catalan_pavilion,barcelona
catalan_pavilion,piazzale_roma
catalan_pavilion,barca
cathedral,monument
catwalk,streets
catwalk,sidewalk
catwalk,road
catwalk,pedestrian_street
caution,water_danger
caution,relax
caution,calm
center,arena
cerdanya,barcarrizzi
cerdanya,primavera
chains,bridges
chains,tree
chains,wood
chameleon,cerdanya
chameleon,targa
chameleon,rialto
chameleon,rota
chameleon,rosa
channel,wall
channel,bar
channel,theater
cheese_bread,food
cheese_bread,pastry_shop
children_running_around,playground
children_running_around,crowded_environment
children_running_around,sidewalk_level
church_of_rigolisa,archi
churros,pies
churros,cokes
churros,sp
cinemas,museums
cinemas,exhibitions
city_game,urban_art
city_matarazzo,urban_details
city_matarazzo,camaragibe_street
claim,job
claim,demonstration
claim,photograph
cloister,osteria
cloister,parque
cloister,baccari
cloister,ristorante
cloister,plant
club,park
club,barca
co_berlin,cultural_center
coffee_tables,deck_chairs
coffee_tables,cheese_bread
coffee_tables,fruit_boxes
cokes,pizza
cokes,police
colors,flavors
concerto,music
concerto,rehearsal
contemporary_art,urban_art
contemporary_art,street_art
contemporary_art,sculpture
court,police
court,theater
courtyard,buildings
courtyards,buildings
courtyards,fences
crafts_in_paulista,pastry_shop
crafts_in_paulista,workshop
craftsmanship,wood
craftsmanship,art
craftsmanship,job
craftsmanship,artworks
craftsmanship,description
crossing,traffic
crossing,obstacle
crossroads,road
crossroads,bridges
crossroads,ride
crowded_environment,environmental_description
crowded_environment,ambient_noise
crowded_environment,pedestrian_street
crowding,traffic
crowding,rehearsal
crowding,parking
culture,art
curiosity,nature
curiosity,flavors
curiosity,experience
curiosity,information
dance,walk
dangerous,magic
darsena,porta
darsena,frari
darsena,barra_funda
darsena,barrera
dead_bridges,fences
deck_chairs,wood
deck_chairs,furniture
defect,noises
defect,noise
defect,random
defect,odor
defect,test
demonstration,exhibition
demonstration,test
demonstration,signage
description,urban_details
deterrent_pillar,railing
deterrent_pillar,barra_funda
deterrent_pillar,city_matarazzo
deterrent_pillar,deck_chairs
deterrent_pillar,playing_fields
deus,correos
deus,paseo
deus,luci
deus,riu
different_look,colors
different_look,view
different_look,narrow_street
different_look,green_light
disabled_parking,park
disabled_parking,pedestrian_street
disabled_parking,parks
diversity_in_paulista,puerto
diversity_in_paulista,different_look
documenta,barra_funda
documenta,porta
documenta,office
documenta,books
dog,food
dog,job
domingo,salvador
domingo,piazzale_roma
donne,venezia
dorina_nowill,bishop_of_rosario
dorina_nowill,frari
dorina_nowill,venezia
dorinanowill,venezia
dorinanowill,gondola
dorinanowill,vergueiro
drinking_fountain,water_pump
drinking_fountain,water_danger
drinking_fountain,water
drum,music
drum,machine
drum,pebbles
dwarfs,birds
dwarfs,trees
dwarfs,cerdanya
dwarfs,tree
dwarfs,mountain
earrings,perfumes
earrings,flavors
earrings,marble
earrings,stones
easter,school
easter,rain
easter,party
easter,nazareth
eco,market
eco,supermarkets
eco,nature
empty,water
empty,silence
empty,food
engine,job
engine,horses
engine,road
eodoviaria,osteria
eodoviaria,sorocaba
eodoviaria,cerdanya
eodoviaria,picanya
exhibition,art
exhibitions,museum
exhibitions,artworks
experience,sensations
experience,interview
experience,job
family,friends
fauna,plants
fauna,pigeons
fences,wood
fences,parks
fiesp,paseo
fiesp,frari
fiesp,porta
fiesp,piso
first_tram,tactile_floors
first_tram,city_matarazzo
first_tram,tactile_floor_on_the_right
first_tram,the_first_valencia_xi
flavors,food
folklore_museum,exhibition
fontana,piazzale_roma
food_area,fish_market
football,school
forest,garden
fortune,magic
fortune,market
fortune,legends
fortune,job
foundations,portico
frari,porta
frari,barrera
free_market,supermarkets
french_cottage,museum_island
french_cottage,cheese_bread
fruit_boxes,deck_chairs
fruit_boxes,food_area
fruit_boxes,flavors
fruit_boxes,pastry_shop
fun,games
fun,friends
fun,job
fun,recreation
galway,barcelona
galway,hostel
galway,terrace
galway,alameda
galway,bengal
games,school
gastronomy,oven
gastronomy,engine
gastronomy,food
gastronomy,ice-cream
gastronomy,pizzeria
gcm,mam
gcm,co_berlin
gcm,navi
gcm,workshop
gcm,sp
generic_info,information
generic_info,location_description
generic_info,urban_details
generic_info,license_plates
german_warehouse,pastry_shop
german_warehouse,museum
ghetto,streets
ghetto,urban_details
ghetto,street
girls,school
girls,schools
girls,people
giudecca,campiello
giudecca,primavera
giudecca,colonna
gondola,primavera
gondola,sombra
good_cafe,cafeteria
good_cafe,san_marco
good_cafe,pizzeria
grass,plants
green_light,sound_traffic_light
green_light,water_fountain
greengrocers,colors
greengrocers,plants
greengrocers,grass
gretapower,voice
gretapower,voices
gretapower,sing
gretapower,cerdanya
guggenheim,museum
guggenheim,museums
guggenheim,artworks
guggenheim,sculpture
guide_dog,door
guide_dog,path_of_lovers
guide_dog,walk
hair_helmet,green_light
hair_helmet,olafur_eliasson
hair_helmet,barra_funda
hair_helmet,town_hall
hair_helmet,oreneta_park
handrail,obstacle
handrail,ramp
handrail,tunnels
handrail,fences
he_lives_together,loves
he_lives_together,people_mover
he_lives_together,san_marco
he_lives_together,meeting
he_lives_together,path_of_lovers
headquarters,buildings
headquarters,avenue
health,food
health_facilities,hotels
health_facilities,food_area
heat,food
hello,meeting
hello,job
hello,archi
hello,interview
hello,attention
here,job
here,part
here,local
hhome,olafur_eliasson
hhome,pavilion
hiking,travel
hiking,rides
history,school
history,education
history,museum
hole_in_the_sidewalk,pedestrian_street
hole_in_the_sidewalk,narrow_street
holes,wood
holes,noises
horses,birds
hospital,memorial
hotels,hospital
humboldt_university,museum_island
humboldt_university,schools
i_run,water_pump
i_run,green_light
i_run,water_fountain
i_run,load
ice-cream,food
ice-cream,flavors
ice-cream,pizza
incivility,nature
incivility,obstacle
incivility,sustainability
incivility,acqualt
inclusion,access
inclusion,accessible
inclusion,entrance
information,urban_details
information,education
information_panel,location_description
information_panel,urban_details
information_panel,cabin_phone
interview,jobs
interviews,jobs
interviews,job
interviews,market
italian_forum,piazzale_roma
italian_forum,city_matarazzo
italian_forum,santiago_de_compostela
italian_forum,venice_at_night
italian_forum,cultural_center
japan_house,camaragibe_street
japan_house,museum_island
japan_house,modernist_house
japan_house,city_matarazzo
joint,bridges
joint,dead_bridges
joint,wood
joint,chains
kern_juices,strawberry
kern_juices,flavors
kern_juices,palm_trees
kern_juices,cokes
kiosk,cafeteria
kiosk,streets
kiosk,school
kiosk,macs
l'horta,salvador
l'horta,avenida_paulista
l'horta,donne
l'horta,santiago_de_compostela
la_roqueta,porta
la_roqueta,city_matarazzo
la_roqueta,french_cottage
lack_of_accessibility,disabled_parking
laguna,beach
laguna,ruta
laguna,archi
laramara,barcelona
laramara,venezuela
laramara,road_to_santiago
legends,sports
library,museums
library,museum
license_plates,bike_lane
license_plates,police
license_plates,swimming_pools
license_plates,parking
lido,campiello
lido,luci
lido,targa
lido,correos
like_foscari,barra_funda
like_foscari,campo_santa_margherita
like_foscari,vento
like_foscari,deck_chairs
like_foscari,sesc_sorocaba
little_dog_angel,olafur_eliasson
little_dog_angel,santa_catarina_hospital
load,ride
load,machine
load,access
local,urban_details
local,culture
local,raven_valley
local,neighborhood_exploration
local,puerto
location_description,pedestrian_street
lock,access
lock,accessible
loges_route,traffic_light
loges_route,audible_traffic_lights
loges_route,road_to_santiago
loges_route,sidewalk_level
loves,job
luci,paulista
machine,services
macs,cokes
macs,machine
macs,utilities
macs,browsing
magic,art
magic,heat
main_station,headquarters
main_station,city_game
main_station,crowded_environment
mam,machine
mam,são_paulo
mam,sons
mam,luci
manholes,hole_in_the_sidewalk
manholes,tunnels
manholes,road
manholes,bridges
marble,sculpture
marble,sculptures
marble,wood
mare,engine
mare,dog
mare,venice_at_night
mare,ride
maritime_towns,city_game
maritime_towns,beaches
meco,vento
meco,headquarters
meco,pizzeria
medici,health
medici,primavera
medici,hospital
medici,moreira_salles_institute
meeting,party
meeting,club
meeting,rehearsal
meeting,workshop
memorial,museum
memorial_america_latina,monument
memorial_america_latina,santiago_de_compostela
memorial_of_latin_america,monument
memorial_of_latin_america,salvador
memorial_of_latin_america,puerto
mequi_1000,torres_quart
mequi_1000,water_fountain
mequi_1000,campo_santa_margherita
mobility,walk
model,photograph
modernist_house,interiors
modernist_house,contemporary_art
modernist_house,urban_art
monastery_of_pedralbes,courtyard
monastery_of_pedralbes,courtyards
monument,museum
moreira_salles_institute,san_rocco_school
moscowneversleeps,silence
moscowneversleeps,police
moscowneversleeps,berlin_gallery
moscowneversleeps,news_kiosk
mountain,road
mountain,terrace
multidirectional,obstacle
multidirectional,cascades
multidirectional,architecture
multidirectional,movement
museum_of_tomorrow,museums
museum_of_tomorrow,exhibition
music,street_music
narrow_street,street
narrow_street,streets
narrow_street,street_music
nature,garden
nature,plants
nature,plant
navi,colonna
nazareth,hospital
nazareth,road
nazareth,pharmacy
nazareth,navi
ncbi,cerdanya
ncbi,north_station
neighborhood_exploration,urban_art
neighborhood_exploration,urban_details
neighborhood_exploration,streets_for_everyone
new_server,water_pump
new_server,first_tram
new_server,guide_dog
news_kiosk,cheese_bread
news_kiosk,san_rocco
news_kiosk,food_area
news_kiosk,camaragibe_street
nightinvenice,venice_at_night
nightinvenice,dorinanowill
nightinvenice,sensorygarden
no_transition,movement
no_transition,ramp
no_transition,steps
no_transition,first_tram
noise,voices
noise,music
noises,music
non_accesible,lack_of_accessibility
non_accesible,accessible
non_accesible,acqualt
nordic_countries,olafur_eliasson
nordic_countries,french_cottage
nordic_countries,japan_house
nordic_countries,maritime_towns
nordic_countries,cultural_center
north_station,headquarters
north_station,co_berlin
obstacle,road
obstacle,movement
odor,sensations
odor,noises
olafur_eliasson,french_cottage
olafur_eliasson,avenida_paulista
open_space,water_pump
open_space,crowded_environment
open_space,post_office
oranienburgerstrasse,sorocaba
oranienburgerstrasse,ristorante
oranienburgerstrasse,sombra
oranienburgerstrasse,german_warehouse
oranienburgerstrasse,olafur_eliasson
oreneta_park,town_hall
orientation,center
orientation,sound_landscape
orientation,interiors
osteria,colonna
oven,bakery
oven,pizza
oven,food
oven,pies
pace,walk
pace,time
paint,art
paint,artworks
paint,street_art
paint,urban_art
palm_trees,plants
parking,pedestrian_street
parking,sidewalk
parque,colonna
parque,piso
part,job
part,show
partisans,vaporetto
partisans,police
partisans,sonora
party,music
party,people
pastel,attention
pastel,project
pastel,paint
path_of_lovers,trail
path_of_lovers,road
path_of_lovers,walk
path_of_lovers,center_of_the_travelers
path_of_lovers,streets_for_everyone
pavilion,monument
pavilion,cabin
pebbles,strawberry
pedestrian_street,streets
people_mover,pedestrian_street
people_mover,movement
people_mover,streets_for_everyone
performance,engine
performance,description
performance,machine
performance,heat
perfumes,flavors
perfumes,shopping
pesce,sesc_sorocaba
pharmacy,supermarket
pharmacy,office
pharmacy,pizzeria
photograph,art
photograph,paint
photograph,job
piano,dance
piazza,venice_at_night
piazza,city_matarazzo
picanya,san_rocco
picanya,bahia
piers,arsenal
piers,foundations
pies,flavors
pies,food
ping-pong,tram
ping-pong,games
ping-pong,parque
ping-pong,basket
ping-pong,city_game
piso,puerto
pizza,marble
pizzeria,marble
pizzeria,bakery
planters,garden
planters,trees
platforms,architecture
platforms,foundations
platforms,machine
playground,sidewalk
playing_fields,games
playing_fields,city_game
playing_fields,tennis_court
playing_fields,sports
playing_fields,deck_chairs
poetry,art
poetry,music
poetry,books
poetry,artworks
poetry,magic
police,jobs
police,school
polish_association_of_the_blind,lack_of_accessibility
polish_association_of_the_blind,vision_australia
polish_association_of_the_blind,cadevi_association
political_science,education
political_science,history
political_science,party
political_science,culture
pond,water
pond,garden
pond,swimming_pools
pont,porta
pont,navi
pont,targa
pontini_trattoria,piazzale_roma
pontini_trattoria,santiago_de_compostela
pool,water
pool,water_fountain
portal,door
portal,obstacle
portal,water_fountain
portal,access
portico,buildings
portico,interiors
post_office,sound_postcard
post_office,documenta
post_office,headquarters
post_office,street_art
pozzo,piazza
pozzo,paulo
pozzo,piso
pozzo,city_matarazzo
practice,rehearsal
practice,sing
practice,dance
practice,experience
practice,testing
primavera,avenida_paulista
primavera,sorocaba
prison,door
project,photograph
project,job
project,description
prosecco,correos
prosecco,sotoportego
prosecco,primavera
prosecco,domingo
prosecco,meco
pueblos,salvador
pueblos,sonora
rags,trash
rags,joint
rags,ghetto
rags,crossing
rags,treats
railing,wood
railing,tactile_floor_on_the_right
railing,benches
rain,grass
ramp,road
ramp,sidewalk
ramp,traffic
random,noise
random,magic
random,games
raven_valley,town_hall
raven_valley,terrace
raven_valley,water_fountain
recreation,rides
redeemer,bier
redeemer,lock
redeemer,prison
redeemer,greengrocers
redeemer,dorinanowill
registrations,services
registrations,service
registrations,exhibition
registrations,access
rehearsal,exhibition
relief,sensations
relief,rest
relief,treats
resilience,dangerous
rest,health
rest,job
rest,service
ride,road
ride,travel
ristorante,ruta
road_to_santiago,road
road_to_santiago,camaragibe_street
road_to_santiago,san_marco
rosa,plant
rosa,carolina_maria
roselene,carolina_maria
roselene,cerdanya
roselene,donne
rosewood,terrace
rosewood,forest
rosewood,craftsmanship
rosewood,bookshelf
rota,barrera
rota,dead_calla
ruta,rota
s-bahn,co_berlin
s-bahn,bus
s.elena,venezia
s.elena,paulo
s.elena,avenida_paulista
s.elena,sombra
saint_martha,campo_santa_margherita
saint_martha,são_paulo
saint_martha,san_rocco
saint_martha,olafur_eliasson
san_polo,picanya
san_polo,barca
santa_catarina_hospital,campiello
santa_catarina_hospital,bahia
santiago_de_compostela,são_paulo
santiago_de_compostela,san_marco
santiago_de_compostela,salvador
sao,paulo
sao,alameda
scaffolding,buildings
scaffolding,tunnels
scaffolding,bridges
scale,model
scale,project
scale,photograph
scale,seven
scale,ramp
schools,jobs
schools,books
sculptures,art
seagulls,fauna
season,rain
second_part,claim
second_part,first_tram
second_part,words_and_more
selfies,friends
selfies,art
selfies,girls
selfies,browsing
sensations,tactile
sensations,noises
sensorygarden,tactile
sensorygarden,aroma
sensorygarden,touch
sensorygarden,odor
service,jobs
services,job
sesc,sp
sesc,deus
sesc,san_marco
seven,friends
seven,dark
show,job
show,exhibition
sidewalk,streets
sidewalk,street
sidewalk_level,pedestrian_street
sidewalk_level,ramp
sidewalk_level,avenue
signage,sidewalk
signage,exhibition
signage,exhibitions
signage,parking
signage,accessibility
sing,dance
singing_and_enchanting,music
singing_and_enchanting,voices
singing_and_enchanting,poetry
single_platform,main_station
single_platform,city_game
single_platform,free_market
sole,engine
sole,aroma
sonora,piso
sons,girls
sons,friends
sons,loves
sorocaba_route,camaragibe_street
sotoportego,campiello
sotoportego,sonora
sotoportego,santiago_de_compostela
sound_landscape,audible_traffic_lights
sound_postcard,soundscape
sound_postcard,traffic_light_without_sound
sounds,noise
sounds,fun
sounds,soundscape
sounds,job
soundscape,music
soundscape,noises
souvenir,exhibition
souvenir,earrings
souvenir,sorocaba
souvenir,craftsmanship
sp,street
sp,sp_cultural_center
sp,school
sp_cultural_center,berlin_gallery
sports,school
spring,school
spring,garden
spritz,sp_cultural_center
spritz,sombra
spritz,churros
squero,barcarrizzi
squero,campiello
squero,barca
stalls,wall
stalls,silence
stalls,tunnels
stalls,lock
stalls,relax
statue,artworks
stelenfeld,co_berlin
stelenfeld,paulo
stelenfeld,pozzo
stelenfeld,ristorante
steps,entrance
steps,movement
steps,dance
stones,sculptures
stones,courtyards
stop,bus_stop
storm,night
storm,poetry
storm,spring
strange_things,noises
strange_things,toys
strange_things,random
strange_things,defect
strange_things,noise
strawberry,grass
strawberry,plant
street_art,street
street_artist,street
street_artist,streets
street_trading,street
street_trading,street_art
streets_for_everyone,street
streets_for_everyone,street_art
students,people
sugarcane_juice,water_fountain
sugarcane_juice,drinking_fountain
supermarkets,food
sustainability,nature
swimming_pools,water_danger
synagogue,cathedral
synagogue,cafeteria
synagogue,memorial
synagogue,headquarters
tables,deck_chairs
tables,piano
targa,porta
targa,campiello
targa,ruta
taste_festival,concert
taste_festival,aroma
taxi_stop,traffic_light
taxi_stop,bike_lane
taxi_stop,road
temporary,sp
temporary,calm
temporary,danger
tennis_court,city_game
tennis_court,pool
tennis_court,pavilion
terrace,avenue
terrace,street
testapipi,calli
testimonial,testing
testimonial,random
textures,paint
textures,art
textures,artworks
thanks,claim
thanks,project
the_first_valencia_xi,barcelona
the_first_valencia_xi,barca
the_first_valencia_xi,piazzale_roma
the_first_valencia_xi,catalan_pavilion
theater,music
theater,pavilion
time,job
time,history
time,night
to_suffer_inwardly,sensations
to_suffer_inwardly,relief
to_suffer_inwardly,obstacle
to_suffer_inwardly,crossroads
tobacco,pizza
toilette,pesce
toilette,colonna
toilette,piso
torres_quart,san_marco
torres_quart,carolina_maria
touch_element,tactile_floor_on_the_right
touch_element,tactile_floors
touch_element,urban_elements
tourists,exhibitions
tourists,museums
town_hall,city_game
town_hall,pedestrian_street
toys,games
toys,food
toys,furniture
tradition,history
tradition,rehearsal
traditional_pastry,bakery
traditional_pastry,french_cottage
traditional_pastry,pies
traditional_pastry,cheese_bread
trail,road
tram,playground
tram,terrace
tram,touch
tram,street
tranquillity,calm
tranquillity,movement
tranquillity,temporary
tranquillity,transport
trash,road
trash,ghetto
trash,odor
trash,silence
travel,rides
treats,flavors
tunnels,traffic
turismo,city_matarazzo
u-bahn,co_berlin
u-bahn,bus
uncivic,navi
uncivic,riu
upv,sp
upv,sons
urban_details,streets
urban_elements,street_music
utilities,library
utilities,jobs
utilities,supermarkets
utilities,water
vaporetto,aroma
vaporetto,paseo
vaporetto,ristorante
venetians,bahia
venetians,hotels
venetians,tourists
venezia,venice_at_night
venezia,rialto
venezuela,city_matarazzo
venice_at_night,san_marco
vento,piso
vergueiro,carlos
vergueiro,campiello
vergueiro,ristorante
view,model
vines,trees
vines,plant
vines,tree
vines,planters
violin,music
violin,dance
vision_australia,green_light
vision_australia,photograph
vision_australia,brazil
vision_australia,venice_at_night
voice,music
voice,noises
voice,soundscape
voices,music
wait,sounds
wait,temporary
wait,lock
walk,sidewalk
wall,buildings
wall,wood
wall,town_hall
water,water_fountain
water_pump,water_danger
welcome,fun
welcome,load
welcome,hello
well,hello
well,part
well,test
well,claim
wells,pool
wells,stones
wells,basket
words_and_more,poetry
words_and_more,description
words_and_more,noises
words_and_more,urban_details
workshop,museum
worksite,office
worksite,job
worksite,jobs
worksite,machine
worksite,vaporetto
worm,engine
worm,portal
worm,treats
worm,birds
years,history
years,temporary
yokoham,strawberry
yokoham,riu
