"id"," name"," count"
"0000","","0"
"5170","Umgebungsgeräusche","394"
"4626","pericoloso","213"
"5541","water","133"
"4822","culture","127"
"5695","ponti","118"
"5840","piazza","117"
"4723","accessibile","114"
"7148","sorocaba","88"
"5242","accesibilidade","78"
"4958","Precaución","72"
"6785","paseo","69"
"5760","ambiente affollato","67"
"5115","Geruch","66"
"4968","Iglesia","63"
"4669","ristorante","62"
"6882","exploración barrio","62"
"4845","Music","57"
"5019",". De referencia","57"
"5908","Venezia di notte","55"
"5903","Calle morta","54"
"5056","Tactile","52"
"4984","cafeteria","49"
"1710","bar","48"
"5799","pozzi","47"
"4896","garden","46"
"5161","Humboldt Universität","42"
"4705","campane","36"
"7885","Coaabitat","35"
"4825","shop","33"
"5922","Barcarizzi","33"
"6765","33Bienal","33"
"6796","poblats marítims","32"
"2889","Autobus","31"
"4790","tree","31"
"5120","railway stations","31"
"5152","history","31"
"4703","percorso loges","29"
"5231","Semáforos sonoros","29"
"4820","drinking fountain","27"
"4828","food","27"
"4679","machine","26"
"4715","temporaneo","26"
"4863","park","26"
"5085","art","26"
"5771","canal grande","26"
"6810","cabanyal","25"
"5034","Vögel","24"
"4668","scale","22"
"4675","riunione","22"
"5936","ghetto","22"
"6875","Pasqual","22"
"5148","water fountain","21"
"5296","Turismo","21"
"6051","plataforma única","21"
"4704","marciapiede","20"
"4810","library","20"
"5014","espacio abierto","20"
"5178","Benches","20"
"5619","niñas","20"
"5941","Calli","20"
"6250","fondamente","20"
"6802","puerto","20"
"5236","Deporte","19"
"5759","carnevale","19"
"5788","Gradini","18"
"5880","Sotoportego","18"
"6764","Pisos táteis","18"
"6948","Teatro","17"
"7529","Laramara","17"
"4120","testing","16"
"4975","carril bici","16"
"5339","Non accesible","16"
"5732","barche","16"
"5919","Calle chiusa","16"
"6247","natura","16"
"6666","Proyecto","16"
"6671","Palabras y más","16"
"4693","tram","15"
"5011","obstáculo","15"
"5391","Vaporetto","15"
"6114","Servizi","15"
"6369","mare","15"
"7322","Japan House","15"
"4624","sole","14"
"5283","Monumento","14"
"7631","MACS","14"
"4707","Science Politiche","13"
"5057","sculptures","13"
"5122","hotels","13"
"6050","carrers per a tothom","13"
"6126","suoni","13"
"7342","Paulista","13"
"4801","transport","12"
"4851","Vision Australia","12"
"5036","Kunstwerke","12"
"5041","S-Bahn","12"
"5173","Kaffeetische","12"
"5421","Workshop","12"
"5622","Gra miejska","12"
"6148","Relax","12"
"6210","bassorilievi","12"
"6809","calles","12"
"7239","centro cultural sp","12"
"4722","fioriere","11"
"5736","silenzio","11"
"6063","luci","11"
"4699","lavori","10"
"4812","good cafe","10"
"5039","Spielplatz","10"
"5140","Memorial","10"
"5247","Aparcamiento minusvalidos","10"
"5428","Szkola","10"
"5750","profumi","10"
"5855","vento","10"
"5864","Rumori","10"
"6814","Sensacions","10"
"4284","strada","9"
"4785","test","9"
"5698","Bacari","9"
"5753","persone","9"
"5965","mercato","9"
"6138","Targa","9"
"6390","binari","9"
"7058","hospital","9"
"5072","Fahrrad","8"
"5303","Parque","8"
"5804","mappe tattili","8"
"6039","porta","8"
"6079","Scultura","8"
"6130","descrizione","8"
"6778","Interiores","8"
"7965","Camí dels enamorats","8"
"4724","colonna","7"
"4795","furniture","7"
"4808","braille","7"
"5020","arte urbano","7"
"5037","u-Bahn","7"
"5104","Ampel","7"
"5137","tourists","7"
"5234","BlindWiki","7"
"6340","farmacia","7"
"6348","archi","7"
"7073","Arte callejero","7"
"7599","Memorial da América latina","7"
"7717","MAM","7"
"7839","Museu do Amanhã","7"
"4227","testApi","6"
"4228","apiTest","6"
"4352","pioggia","6"
"4865","leggende","6"
"4869","sportello","6"
"5092","Demonstration","6"
"5256","Cajero automatico","6"
"5314","Museos","6"
"5365","pueblos","6"
"5387","Scuola","6"
"5477","Przystanek","6"
"5738","gabbiani","6"
"5781","Aosta","6"
"5791","calma","6"
"5888","pianta","6"
"6025","San Rocco","6"
"6248","notturno","6"
"6266","sede centrale","6"
"6552","spiaggia","6"
"7079","muralla","6"
"7110","Chalé francês","6"
"7177","sampa","6"
"7506","Carlos","6"
"4700","inciviltà","5"
"4819","entrance","5"
"4955","Lumpen","5"
"4996","obstáculo aéreo","5"
"5075","Hund","5"
"5079","Interviews","5"
"5133","Neugier","5"
"5158","Orientierung","5"
"5167","Verkehr","5"
"5227","arquitectura","5"
"5281","Salud","5"
"5299","Banco","5"
"5304","Semáforo sin sonido","5"
"5357","jugos kerns","5"
"5456","Krasnale","5"
"5725","Trattoria Pontini","5"
"5742","libri","5"
"5762","Toilette","5"
"5767","Venezia","5"
"5879","gondola","5"
"5934","Scalini","5"
"5959","Redentore","5"
"5967","Mercato del pesce","5"
"5974","tranquillità","5"
"6069","marmo","5"
"6085","tatto","5"
"6086","legno","5"
"6116","shopping","5"
"6228","Pericolo acqua","5"
"6299","pace","5"
"6331","ca foscari","5"
"6341","tabacchi","5"
"6410","giudecca","5"
"6994","Upv","5"
"7199","Casa Modernista","5"
"7278","dança","5"
"7294","Exposições","5"
"7742","Brasil","5"
"7947","perill","5"
"7992","paisatge sonor","5"
"4832","sensorygarden","4"
"4954","Castelló","4"
"4962","repostería tradicional","4"
"5080","Oranienburgerstrasse","4"
"5081","CO Berlin","4"
"5100","sidewalk","4"
"5182","Football","4"
"5403","camino de santiago","4"
"5483","Zamek","4"
"5502","Staw","4"
"5532","ratusz","4"
"5538","center","4"
"5549","wywiad","4"
"5621","silencio","4"
"5644","Busstop","4"
"5681","Campo Santa Margherita","4"
"5686","Capitello","4"
"5727","estacion","4"
"5802","iscrizioni","4"
"5854","Voci","4"
"5909","toccare","4"
"5913","scorrimano","4"
"5926","fermata","4"
"5927","Crocevia","4"
"5985","Eco","4"
"6027","rilievo","4"
"6041","portico","4"
"6042","chiostro","4"
"6155","Imbarcaderi","4"
"6173","primavera","4"
"6195","giochi","4"
"6316","Cortili","4"
"6421","view","4"
"6471","ponti morti","4"
"6505","Service","4"
"6532","pozzo","4"
"6670","Amor","4"
"7044","palmeras","4"
"7141","mobilidade","4"
"7175","inclusão","4"
"7180","pastel","4"
"7183","caldo de cana","4"
"7203","Curiosidade","4"
"7242","teste","4"
"7247","Cão guia","4"
"7323","Avenida Paulista","4"
"7401","sao","4"
"7412","Fiesp","4"
"7561","minhocão","4"
"7610","Gastronomia","4"
"7677","Bahia","4"
"7681","Salvador","4"
"7866","barcelona","4"
"7900","estación norte","4"
"7941","senderisme","4"
"8072","Dangerous","4"
"8194","centro","4"
"8210","garoa","4"
"8243","yokoham","4"
"2902","pizza","3"
"4712","ponteggi","3"
"4816","courtyard","3"
"4871","presidi sanitari","3"
"4966","cosas raras","3"
"4981","Rampa","3"
"4989","Barrera","3"
"4993","Angelito de perrita","3"
"5000","niños correteando","3"
"5010","Acera a ras","3"
"5062","Büro","3"
"5068","Berlinische Galerie","3"
"5070","Travel","3"
"5082","Postfuhramt","3"
"5112","Museumsinsel","3"
"5139","fences","3"
"5141","experience","3"
"5165","Stelenfeld","3"
"5174","Freunde","3"
"5184","playing fields","3"
"5229","Piscinas","3"
"5295","Alameda","3"
"5329","catedral","3"
"5392","padiglione catalano","3"
"5402","Santiago de Compostela","3"
"5526","Bank pkobp rynek","3"
"5565","klub","3"
"5587","Książki","3"
"5740","Libreria","3"
"5769","Appetitoso","3"
"5829","Colori","3"
"5874","santa Marta","3"
"5877","Parco giochi","3"
"5878","basket","3"
"5882","passaggio","3"
"5886","calle stretta","3"
"5898","Multidirezionale","3"
"5942","Barca","3"
"5978","portale","3"
"6019","pasticceria","3"
"6099","scuole","3"
"6158","Squero","3"
"6189","entrata","3"
"6198","viale","3"
"6206","vuoto","3"
"6221","abbandono","3"
"6249","fruttivendoli","3"
"6280","osteria","3"
"6312","fortuny","3"
"6344","Gelato","3"
"6366","divertimento","3"
"6403","People Mover","3"
"6483","Darsena","3"
"6631","padiglione","3"
"6649","pluja","3"
"6678","túneles","3"
"6813","concierto","3"
"6834","Bullicio","3"
"6863","l'horta","3"
"6901","sombra","3"
"6954","sonora","3"
"7008","plaza de toros","3"
"7027","Nazaret","3"
"7040","La Roqueta","3"
"7143","Deus","3"
"7161","feira livre","3"
"7173","dorinanowill","3"
"7197","ônibus","3"
"7217","Vale do Anhangabau","3"
"7243","paulo","3"
"7250","acesso","3"
"7260","Vergueiro","3"
"7261","bengala","3"
"7314","Alex Flemming","3"
"7348","Hospital Santa Catarina","3"
"7430","casa","3"
"7465","fotografia","3"
"7497","associação cadevi","3"
"7587","falta de acessibilidade","3"
"7598","GCM","3"
"7612","Barra Funda","3"
"7632","morango","3"
"7636","Museu","3"
"7639","arte contemporânea","3"
"7664","exposição","3"
"7666","Sesc","3"
"7758","trilha","3"
"7762","Museu do folclore","3"
"7883","Street","3"
"7893","Calle peatonal","3"
"7898","Camino","3"
"7915","Semàfor sonor","3"
"7943","ruta","3"
"7950","Pont","3"
"7959","Cerdanya","3"
"7978","primer tram","3"
"7991","Vall del corb","3"
"7993","Vinyes","3"
"8022","postal sonora","3"
"8211","anos","3"
"8221","hier","3"
"4671","ciottoli","2"
"4716","segnaletica","2"
"4717","motorini","2"
"4728","medici","2"
"4775","catene","2"
"4793","stalls","2"
"4809","MECO","2"
"4817","Italian forum","2"
"4836","hhome","2"
"4860","pilastro dissuasore","2"
"4864","aspettare","2"
"4946","Domingo","2"
"4959","Cocas","2"
"4974","Trabajo","2"
"4976","Cajas de fruta","2"
"4979","parada bus","2"
"5051","Ping-pong","2"
"5059","BB9","2"
"5067","Liegestühle","2"
"5074","Bier","2"
"5088","Polizei","2"
"5097","ABSV","2"
"5105","defekt","2"
"5107","fehlende taktile Pflasterung","2"
"5109","Kreuzung","2"
"5127","cinemas","2"
"5149","violin","2"
"5164","Brandenburger Tor","2"
"5171","üben","2"
"5175","selfies","2"
"5193","Water pump","2"
"5208","Vorstellung","2"
"5220","Galway","2"
"5221","NCBI","2"
"5233","Antoni Abad","2"
"5237","Lagoa","2"
"5290","Educacion","2"
"5308","Colegio","2"
"5309","Pedras","2"
"5310","Cabina telefo","2"
"5315","CORREOS","2"
"5320","casco vello","2"
"5338","Parada taxi","2"
"5353","agua potable","2"
"5372","Info generica","2"
"5376","Bereich Lebensmittel","2"
"5380","Calor","2"
"5383","Narrow street","2"
"5407","Brakprzejscia","2"
"5417","Dziura w chodniku","2"
"5422","Powitanie","2"
"5426","Polski Związek Niewidomych","2"
"5455","Kameleon","2"
"5491","Rekreacja","2"
"5501","Biedronka","2"
"5531","makieta","2"
"5534","Placki","2"
"5578","Piano","2"
"5592","Kiosk","2"
"5595","Lody","2"
"5609","Szumiąca zagadka","2"
"5637","supermarkety","2"
"5640","Dworzec glowny","2"
"5649","null","2"
"5659","Drum","2"
"5660","silence","2"
"5661","gretapower","2"
"5667","prosecco","2"
"5696","ponte di Calatrava","2"
"5697","Piazzale Roma","2"
"5741","acqualta","2"
"5743","magia","2"
"5761","San Marco","2"
"5772","Guggenheim","2"
"5801","fondaco tedeschi","2"
"5808","Giocattoli","2"
"5859","laguna","2"
"5862","Carcere","2"
"5866","Rialto","2"
"5881","buio","2"
"5905","foresta","2"
"5906","nightinvenice","2"
"5921","statue","2"
"5924","Arsenale","2"
"5929","Affollamento","2"
"5955","Cantiere","2"
"5956","tradizione","2"
"5971","pesce","2"
"5972","Aaudiolibro","2"
"6048","modellino edificio","2"
"6052","andanes","2"
"6057","Locali","2"
"6059","Edicola","2"
"6088","inferriata","2"
"6095","scuola san rocco","2"
"6104","frari","2"
"6105","san polo","2"
"6119","poesia","2"
"6122","tavoli","2"
"6124","accesso disabili","2"
"6133","riva","2"
"6153","targhe","2"
"6166","rocco","2"
"6174","Passerella","2"
"6193","informazioni","2"
"6197","Riposo","2"
"6199","giostre","2"
"6209","tombini","2"
"6212","Partigiane","2"
"6214","parcheggio","2"
"6259","navi","2"
"6270","Sete","2"
"6272","studenti","2"
"6281","spritz","2"
"6309","donne","2"
"6322","palazzi","2"
"6332","Giobbe","2"
"6337","sinagoga","2"
"6339","panificio","2"
"6343","artigianato","2"
"6354","Movimento","2"
"6372","Aigua","2"
"6373","soroll","2"
"6376","pizzeria","2"
"6378","corte","2"
"6394","Parcheggi","2"
"6418","Ostello","2"
"6425","venetians","2"
"6447","Lido","2"
"6449","piscina","2"
"6459","campo da tennis","2"
"6465","s.Elena","2"
"6489","Utilities","2"
"6521","Oficina","2"
"6528","souvenir","2"
"6533","supermercato","2"
"6540","Casinò","2"
"6545","Descrizione ambientale","2"
"6551","Spiagge","2"
"6603","Ortsbeschreibung","2"
"6607","família","2"
"6618","Olafur Eliasson","2"
"6619","Green Light","2"
"6632","Venezuela","2"
"6636","paesi nordici","2"
"6648","tempesta","2"
"6651","Festa","2"
"6653","documenta","2"
"6655","Concerto","2"
"6667","rosa","2"
"6676","pendientes","2"
"6685","texturas","2"
"6710","incivico","2"
"6721","Plantas","2"
"6724","Amores","2"
"6747","Moscowneversleeps","2"
"6749","Center of the travelers","2"
"6783","fauna","2"
"6820","Cantar","2"
"6826","detalles urbanos","2"
"6829","cauce","2"
"6862","Picanya","2"
"6876","Horno","2"
"6902","sabores","2"
"6923","Tranquilidad","2"
"6924","Palomas","2"
"6928","mirlos","2"
"6931","arena","2"
"6932","música callejera","2"
"6947","voz","2"
"6949","espectaculo","2"
"6950","mercat","2"
"6952","entrevista","2"
"6959","pintura","2"
"6964","juegos","2"
"7005","navegando","2"
"7009","segunda parte","2"
"7024","Aroma","2"
"7025","césped","2"
"7077","Torres Quart","2"
"7082","La primera Once de Valencia","2"
"7083","Churros","2"
"7170","São Paulo","2"
"7188","Dorina Nowill","2"
"7201","Arquitetura","2"
"7208","vivência","2"
"7209","Rosewood","2"
"7210","Cidade Matarazzo","2"
"7214","Pão de queijo","2"
"7244","Centro cultural","2"
"7249","instituto magnus","2"
"7274","piso tátil do lado direito","2"
"7275","piso","2"
"7311","ensaio","2"
"7343","#","2"
"7350","blindwikibr","2"
"7354","Roselene","2"
"7364","Bispo do Rosário","2"
"7409","Shopping cidade São Paulo","2"
"7420","Mequi 1000","2"
"7435","Agradecimento","2"
"7445","Instituto Moreira Salles","2"
"7449","cantando e encantando","2"
"7450","comércio ambulante","2"
"7454","diversidade na Paulista","2"
"7458","artesanato na Paulista","2"
"7459","artista de rua","2"
"7466","Moreira Salles","2"
"7476","árvores","2"
"7485","lixo","2"
"7491","Asac","2"
"7523","pessoas","2"
"7524","buracos","2"
"7549","faculdade Oswaldo Cruz","2"
"7553","superação","2"
"7564","Calçada","2"
"7602","Memorial America Latina","2"
"7609","Rua Camaragibe","2"
"7634","Rota Sorocaba","2"
"7663","Sesc Sorocaba","2"
"7665","Carolina Maria","2"
"7668","sp","2"
"7683","Eodoviaria","2"
"7712","Rota","2"
"7724","Depoimento","2"
"7734","Olhar diferente","2"
"7745","Taste festival","2"
"7754","Basalto","2"
"7787","nascente","2"
"7838","Gostosuras","2"
"7843","Sustentabilidade","2"
"7851","Novo servidor","2"
"7869","reivindicar","2"
"7897","autobuses","2"
"7905","Arc de triomph","2"
"7920","paissatge sonor","2"
"7937","parcs","2"
"7940","Camí","2"
"7946","atenció","2"
"7949","elements urbans","2"
"7954","element tàctil","2"
"7956","riu","2"
"7957","muntanya","2"
"7961","Random","2"
"7967","panell informatiu","2"
"7969","Església de Rigolisa","2"
"7981","cavalls","2"
"7983","sons","2"
"7994","Mas Fogonussa","2"
"8010","Parc de l’oreneta","2"
"8016","Tàrrega","2"
"8018","Monestir de Pedralbes","2"
"8039","hello","2"
"8045","well","2"
"8050","ambient","2"
"8087","Road","2"
"8094","Walk","2"
"8100","obstacle","2"
"8136","corrego","2"
"8160","parte","2"
"8163","campiello","2"
"8164","fontana","2"
"8176","ocells","2"
"8205","cascades","2"
"8241","pati interior","2"
"8242","terraza","2"
"1754","prova","1"
"2916","obj.casa","1"
"4619","accademia","1"
"4677","mappe","1"
"4805","plans","1"
"4811","Indian restaurant","1"
"4813","Garden pub","1"
"4814","outdoors","1"
"4821","Italian restaurant","1"
"4823","exercise","1"
"4824","Irish pub","1"
"4827","inconveniences","1"
"4835","Indian Pakistani restaurant","1"
"4837","very manly","1"
"4839","ferwharf","1"
"4840","helpful staff","1"
"4841","walking exercise","1"
"4842","fantastic pub food","1"
"4843","exercisey","1"
"4844","laundromat","1"
"4846","support group","1"
"4868","antest","1"
"4870","me non sa","1"
"4948","Probeta","1"
"4949","En el eacc","1"
"4952","cosas","1"
"4957","nubes","1"
"4960","pan de leña","1"
"4961","bollería","1"
"4963","Descripcion","1"
"4965","recinto de ferias","1"
"4971","Ayuda","1"
"4980","bordillos","1"
"4986","Terra","1"
"4991","Relax sin coffee","1"
"4992","chica grey","1"
"4994","Armarios","1"
"4999","encima de la acera","1"
"5005","máquina expendedora","1"
"5006","largo","1"
"5007","muchos metros","1"
"5008","corte ingles","1"
"5009","parque ribalta","1"
"5017","Cañón","1"
"5018","rubia","1"
"5030","Wifi","1"
"5050","Exhibition","1"
"5055","anfassen","1"
"5058","faces","1"
"5060","Ferry","1"
"5065","Gurke","1"
"5069","Wurm","1"
"5071","geheim","1"
"5076","Grill","1"
"5077","Aufnahme","1"
"5078","willkommen","1"
"5084","Tacheles","1"
"5086","squat","1"
"5089","best","1"
"5090","Wasserturm","1"
"5091","springen","1"
"5093","MIDI","1"
"5095","Klanginstallation","1"
"5096","Treppenhaus","1"
"5098","meeting","1"
"5099","supermarket","1"
"5108","campus","1"
"5111","Tastmodell","1"
"5113","Flohmarkt","1"
"5116","Holz","1"
"5117","Empfehlung","1"
"5123","cultural centers","1"
"5128","performances","1"
"5129","pedestrian crossings","1"
"5130","university campus","1"
"5131","audio guides","1"
"5132","Seitenstraße","1"
"5134","akustisches Signal","1"
"5135","Hähnchen","1"
"5136","Brandenburgertor","1"
"5146","Denke mal","1"
"5147","Tiergarten","1"
"5151","Reichstag","1"
"5154","Spree","1"
"5155","Street crossing","1"
"5160","ruhig","1"
"5162","Verschwörungstheorie","1"
"5163","Friedenslauf","1"
"5169","Hoffnung","1"
"5172","nervig","1"
"5176","Raben","1"
"5177","Kastanienallee","1"
"5179","Berlin Wall","1"
"5180","Saxophone","1"
"5185","Bakery","1"
"5187","Balzer","1"
"5188","Cul-de-sac","1"
"5189","oasis","1"
"5191","Einkaufen in Berlin","1"
"5192","backyard","1"
"5194","no drinking water","1"
"5195","Öffentlicher Raum","1"
"5197","Anezettelt","1"
"5198","Strandbad Mitte","1"
"5199","Springbrunnen","1"
"5200","französische Botschaft","1"
"5201","Pariser Platz","1"
"5202","Lärm","1"
"5203","Stille","1"
"5204","Holocaust Denkmal","1"
"5206","Veranstaltungen","1"
"5207","Michael Jackson","1"
"5209","Hohenschönhausen","1"
"5210","Jail","1"
"5211","blind guided tour","1"
"5212","helmut","1"
"5214","moin","1"
"5215","BSBH","1"
"5216","blind","1"
"5217","sehbehindert","1"
"5218","blindenselbsthilfe","1"
"5219","Beratung","1"
"5222","First","1"
"5223","i m on Market Square","1"
"5230","Compostela","1"
"5232","Gaiteiro","1"
"5239","balea","1"
"5240","Milladoiro","1"
"5241","Ames","1"
"5246","ONCE","1"
"5248","Oficina tráfico","1"
"5251","Fochanca","1"
"5254","paso","1"
"5255","Fotocopias","1"
"5257","servicios alumnado","1"
"5258","Obras","1"
"5260","Semáforos no sonoros","1"
"5262","Civus","1"
"5264","matemáticas","1"
"5266","Feuga","1"
"5267","Escuela ingeniería","1"
"5269","Mata ciegos","1"
"5270","IA","1"
"5271","Iiaa","1"
"5273","IIT","1"
"5274","rampa con peligro","1"
"5276","CACTUS","1"
"5277","TYC","1"
"5278","Imprenta","1"
"5280","OPUS","1"
"5282","Pistas atletismo","1"
"5285","Precaución mami","1"
"5286","Zona verde","1"
"5291","Institutos","1"
"5294","Kioscos","1"
"5300","Semaforo sonoro","1"
"5302","Cerveceria","1"
"5305","línea 5","1"
"5306","Igrexas","1"
"5311","Entrada inaccesible","1"
"5312","Supermercados","1"
"5313","froiz","1"
"5319","Franco","1"
"5322","Xamon","1"
"5323","buenjamon","1"
"5324","merenda","1"
"5325","RECORDOS","1"
"5326","tradicional","1"
"5328","Plataformas","1"
"5330","hostal","1"
"5331","con cello","1"
"5333","Obradoiro","1"
"5335","Tabernas","1"
"5336","convento","1"
"5340","santa lucia","1"
"5341","peregrinos","1"
"5342","Ferias","1"
"5343","San Martín Pinario","1"
"5344","Claustro","1"
"5345","Acceso minusvalidos","1"
"5347","Casa da Troia","1"
"5352","descanso","1"
"5358","Portales","1"
"5359","Obras finalizada","1"
"5361","Verán","1"
"5362","Plazos discapacitados","1"
"5364","Aldeas","1"
"5371","ein","1"
"5373","strand","1"
"5374","Italian","1"
"5375","extertal","1"
"5377","Drogerie Markt","1"
"5378","tapeten","1"
"5381","Sightseeing","1"
"5382","Info generali","1"
"5384","Fitness","1"
"5385","Recomendado para visitar","1"
"5390","Cartello","1"
"5393","Totem","1"
"5404","Halo","1"
"5409","Ogromny kot","1"
"5411","podwórko","1"
"5413","Wiersz na murze","1"
"5414","duze skrzyzowanie","1"
"5415","Wąski chodnik","1"
"5416","udźwiękowione","1"
"5418","Kirche","1"
"5419","church","1"
"5420","église","1"
"5423","Witam Tadeusz","1"
"5424","Tomek","1"
"5427","Zamieszkuje Iza Dawidowicz","1"
"5429","Gródek","1"
"5430","Szukamy internetu","1"
"5432","Muchomory","1"
"5433","grzyby","1"
"5434","Boisko","1"
"5435","sztuczna nawierzchnia","1"
"5436","Palarnia","1"
"5437","W kierunku centrum","1"
"5438","Dąb","1"
"5439","Laka","1"
"5440","stadion","1"
"5443","hałas","1"
"5444","duży ruch","1"
"5445","skrzyżowanie","1"
"5446","Granie na trawie","1"
"5447","Przychodnia Pulsantis","1"
"5448","Hala Targowa","1"
"5452","funlife","1"
"5453","Szkolenie","1"
"5454","Fontanna rynek","1"
"5458","Pregież rynek Wrocław","1"
"5460","teraz","1"
"5461","Schody do nikad","1"
"5462","Dobra","1"
"5463","Plac strzelecki","1"
"5464","Spacer","1"
"5465","Feniks","1"
"5467","Zus","1"
"5468","Urząd miasta Wrocław","1"
"5469","Read them into croissant no shit I can hours if you","1"
"5472","Wodka","1"
"5473","Jas i Malgosia","1"
"5475","pasaż","1"
"5478","Kino helios","1"
"5479","Chatka na jatkach","1"
"5480","Witaminka rynek Wrocław","1"
"5481","kałuże","1"
"5484","zwiędłe kwiaty","1"
"5485","piękna zieleń","1"
"5486","Łucznicy","1"
"5487","ukryte schody","1"
"5488","Turystyka","1"
"5489","wyjście","1"
"5490","brak przejscia","1"
"5492","Zamek staw","1"
"5493","światła","1"
"5494","tir","1"
"5495","uwaga","1"
"5496","brak biedy","1"
"5497","trawnik","1"
"5498","rośliny","1"
"5499","Plac zabw","1"
"5500","Stachu kontener dom","1"
"5503","kaczki","1"
"5504","ryby","1"
"5505","Błoto","1"
"5506","Antoni","1"
"5507","Harmonijka","1"
"5508","cichy lowca","1"
"5509","pomost","1"
"5510","nie kąpiemy się","1"
"5511","Grajek","1"
"5513","Cyganka","1"
"5514","jessica","1"
"5516","Piekarnia na Bema","1"
"5517","PolishLody na Bema nie","1"
"5520","Przychodnia na Pabianickiej","1"
"5521","Poczta na rynku","1"
"5524","Przychodnia PCZ Sienkiewicza58","1"
"5525","Taxi","1"
"5528","kolejka","1"
"5529","zagadka","1"
"5537","Interview","1"
"5542","woda","1"
"5544","Valerian Dominikanska","1"
"5546","dzieci","1"
"5547","gołębie","1"
"5550","galeria domikanska","1"
"5552","Brama Oławska","1"
"5553","miniatury","1"
"5555","Szum","1"
"5557","Pakunek","1"
"5558","ziemią a drzewem","1"
"5559","Lodz","1"
"5560","drobiowa watrobka","1"
"5563","Sat","1"
"5564","Winda","1"
"5566","Gorące paczki","1"
"5567","Hotel Monopol","1"
"5568","Opera wrocławska","1"
"5569","Promenada Staromiejska","1"
"5570","Narodowe Forum Muzyki","1"
"5571","Muzeun","1"
"5572","Restauracja jedzenie","1"
"5573","Dworzec Główny PKP","1"
"5574","Dworzec PKS tymczasowy","1"
"5575","Zakład Wodociągów Nowa-Ruda","1"
"5576","BricoMarche Nowa-Ruda-Słupiec","1"
"5577","Mienice miejsce-na-ognisko","1"
"5579","street musician","1"
"5580","Gwizdanie","1"
"5581","poezja","1"
"5582","spotkania autorskie","1"
"5583","Frytki","1"
"5586","Punkt spotkania","1"
"5588","Pieśniarze","1"
"5589","piosenka autorska","1"
"5591","Meksyk","1"
"5593","Galeria Dominikanska","1"
"5594","Tosty","1"
"5596","rurki","1"
"5597","lodziarnia","1"
"5598","lato","1"
"5601","Urząd miasta","1"
"5603","Bar witek","1"
"5604","Księgarnia","1"
"5606","Przystań","1"
"5607","Most zakochanych","1"
"5608","Centrum wolontariatu","1"
"5611","Kantor","1"
"5612","tanio","1"
"5613","restauracja","1"
"5615","Kalambur","1"
"5616","Impreza","1"
"5617","srodmiescie","1"
"5618","pozdrawiam","1"
"5620","sueño","1"
"5623","kroki","1"
"5624","kamien","1"
"5625","cumowanie","1"
"5626","Xawery Dunikowski","1"
"5628","Wzgorze polski","1"
"5629","Rzezby ptaki","1"
"5630","Muzeum","1"
"5631","bluszcz","1"
"5632","Dab wolnosci","1"
"5633","Przejscie przez ulice","1"
"5634","Kamiennogórska","1"
"5635","Pasy","1"
"5636","dobiegniew","1"
"5638","atrakcje","1"
"5639","galerie sztuki","1"
"5641","Konferencja","1"
"5642","plac Dominikański","1"
"5643","kościół św. Wojciecha","1"
"5645","Tag inicial","1"
"5646","disaster","1"
"5657","enregistrament","1"
"5662","Edifici històric","1"
"5663","Presentació","1"
"5664","quickoff","1"
"5668","salablu","1"
"5674","mapatactil","1"
"5675","wayfindin","1"
"5680","Pescivendolo","1"
"5682","Gruppo anziani","1"
"5683","Fonderia","1"
"5684","bronzo","1"
"5687","devozione","1"
"5688","religione","1"
"5691","seconda guerra mondiale","1"
"5693","Sfollati di Pola","1"
"5694","caserma","1"
"5700","Battello 5","1"
"5701","linee guida","1"
"5704","pescado","1"
"5705","verduras","1"
"5706","Ca' Dario","1"
"5708","poeti","1"
"5709","Punta Dogana","1"
"5710","paesaggi","1"
"5711","orizzonti","1"
"5715","Wykop","1"
"5716","Mori","1"
"5717","rioba","1"
"5721","Casa del Tintoretto","1"
"5724","porticato","1"
"5746","Cassette postali","1"
"5749","querini stampalia","1"
"5751","Libreria acqua alta","1"
"5757","multietnicità","1"
"5758","Pianoforte","1"
"5765","puzza","1"
"5774","tristezza","1"
"5778","Puro","1"
"5779","peste","1"
"5780","tabaco","1"
"5782","Villa Heriot","1"
"5783","Centri civici","1"
"5784","Rio terrà","1"
"5785","Percorso tattile","1"
"5790","organo","1"
"5794","corde","1"
"5796","bagni publici","1"
"5797","follia","1"
"5803","eliche","1"
"5805","percorsi tattili inaccessibili","1"
"5809","Santuario","1"
"5810","tazzine","1"
"5811","campanello","1"
"5812","giocattolo","1"
"5813","spostarsi","1"
"5815","vetrina","1"
"5816","Gondolieri","1"
"5818","Borse","1"
"5819","cuoio","1"
"5820","Provare","1"
"5821","Impressioni","1"
"5822","Salmastro","1"
"5825","Parrucca","1"
"5826","microfono","1"
"5827","peloso","1"
"5828","ospedalw","1"
"5830","Antony","1"
"5832","Leggenda","1"
"5833","leggenda veneziana","1"
"5834","venezia oscura","1"
"5835","Serenissima","1"
"5837","conzafelsi","1"
"5838","scuola di San Marco","1"
"5842","portone","1"
"5846","bellezza","1"
"5847","Hare Krishna","1"
"5848","danze","1"
"5849","Gressan","1"
"5853","Ferrovvia","1"
"5857","carrello","1"
"5858","conad","1"
"5860","Posizione","1"
"5865","dialetto","1"
"5867","ambulanti","1"
"5868","Area di sosta","1"
"5869","San Giacometo","1"
"5871","punto di interesse","1"
"5872","guerra","1"
"5873","memorie","1"
"5889","glicine","1"
"5891","marin faliero","1"
"5892","colleoni","1"
"5893","Battello 4.1","1"
"5895","passerelle","1"
"5896","Foto","1"
"5897","Bottega.forcole.remi#","1"
"5899","station","1"
"5910","Antiquariato","1"
"5911","terrazze","1"
"5918","ringhiera","1"
"5923","Corderie","1"
"5928","cautelat","1"
"5931","trolley","1"
"5935","materiale","1"
"5939","strada nuova","1"
"5943","Frenesia","1"
"5944","accenti","1"
"5945","Monopattino","1"
"5946","Soffritto","1"
"5947","fegato","1"
"5948","Auditorium","1"
"5950","Canto","1"
"5952","Progetto blind.wiki","1"
"5953","Laguna sud","1"
"5957","Cantieri","1"
"5958","Varo","1"
"5961","fiera","1"
"5966","Rialto mercato","1"
"5976","colombi","1"
"5979","bucato","1"
"5982","ponti multidirezionali","1"
"5983","Museo della music","1"
"5986","benvenuti","1"
"5987","Porta arsenale","1"
"5988","suono campane","1"
"5989","sculture in rilievo","1"
"5995","gondola col tetto","1"
"5996","gondole","1"
"5999","pericolo mella strada","1"
"6001","angolo","1"
"6002","scultura tattile","1"
"6003","odore di fritto","1"
"6004","bambino urlante","1"
"6005","prima","1"
"6006","Campanella","1"
"6007","duomo","1"
"6008","murano","1"
"6009","Vociare","1"
"6010","Osmiza","1"
"6011","serata primaverile","1"
"6013","Nova versio","1"
"6014","associazione","1"
"6015","uici","1"
"6020","pasticcerie","1"
"6021","Parapetto","1"
"6022","Fiori","1"
"6023","fiorai","1"
"6024","fonrana","1"
"6029","Decorazioni","1"
"6031","iscrizione","1"
"6032","chiesa dei frari","1"
"6036","San tomà","1"
"6037","percorso pedotattile","1"
"6040","biblioteca tolentini","1"
"6047","sanrocco","1"
"6053","curve","1"
"6054","Trave sollevata","1"
"6056","Bracarizi","1"
"6060","vita notturna","1"
"6062","terrazze esterne","1"
"6064","noia","1"
"6065","attese","1"
"6066","Canti","1"
"6067","gruppo","1"
"6070","ferro","1"
"6071","scalino","1"
"6072","silenzi","1"
"6073","calli vuote","1"
"6074","parallele","1"
"6075","pipì","1"
"6078","sedie","1"
"6080","Direzioni","1"
"6083","san pantalon","1"
"6084","porte","1"
"6089","lampioni","1"
"6091","oggetti","1"
"6092","abbandonati","1"
"6094","ombra","1"
"6096","Cestino","1"
"6097","lampione","1"
"6098","Percorsi","1"
"6100","vetrine","1"
"6101","ambiguità","1"
"6102","fastidii","1"
"6106","estintore","1"
"6107","riflessi","1"
"6108","Multi direzionali","1"
"6110","san agostin","1"
"6112","ristorante due colonne","1"
"6115","Vintage shop","1"
"6117","Architetture","1"
"6118","Locanda Fiore","1"
"6120","Carabinieri","1"
"6123","Telefoni","1"
"6127","Tattili","1"
"6129","Storie","1"
"6132","multidirezionalità","1"
"6134","barriere","1"
"6135","Banche","1"
"6136","Moli","1"
"6140","Traghetto","1"
"6142","Porticati","1"
"6146","visivo","1"
"6149","studio di tatuaggi","1"
"6150","ronzio","1"
"6151","macchinetta","1"
"6156","lamenti","1"
"6161","muretto","1"
"6162","carrers per tothom","1"
"6165","basilica frari","1"
"6167","Stazione biglietteria","1"
"6169","Palazzo Mocenigo","1"
"6170","basilica","1"
"6171","loggia dei cavalli","1"
"6172","motosega","1"
"6176","Coffee breakfast bar","1"
"6178","university","1"
"6181","song","1"
"6182","nothing special","1"
"6183","but good","1"
"6184","car","1"
"6185","radio","1"
"6186","yaas","1"
"6187","riva degli schiavoni","1"
"6190","Chill","1"
"6191","giardini viale panchine","1"
"6192","orari","1"
"6194","Vedute","1"
"6200","spazi verdi","1"
"6202","barriera","1"
"6203","Spiazzo verde","1"
"6204","cestini","1"
"6205","Cane","1"
"6213","veneto","1"
"6215","corte interna","1"
"6220","morta","1"
"6225","tavoli esterni","1"
"6227","serre","1"
"6229","balaustra","1"
"6230","Farmacie","1"
"6232","pericolo altezza","1"
"6233","pericolo acqua 10 metri","1"
"6234","assesorato","1"
"6235","comune Venezia","1"
"6236","balconcino","1"
"6238","madonna","1"
"6239","altarino","1"
"6241","muro mattoni","1"
"6245","creazioni","1"
"6246","umano","1"
"6251","istituti","1"
"6254","CaFoscari","1"
"6257","pozzo al centro","1"
"6260","merci","1"
"6261","cancello","1"
"6264","pranzo","1"
"6269","folla","1"
"6271","sicurezze","1"
"6273","sede di ca' foscari","1"
"6274","liceo classico","1"
"6278","attenzione scalini","1"
"6279","Cicchetti","1"
"6282","museo ca' rezzonico","1"
"6284","Muretti","1"
"6286","S.Barnaba","1"
"6289","Telefono","1"
"6290","telefono pubblico","1"
"6291","tasti","1"
"6292","anni 90","1"
"6293","Toletta","1"
"6296","dolci","1"
"6297","take away","1"
"6298","giocare","1"
"6300","rio nuovo","1"
"6301","dorsoduro","1"
"6302","san barnaba","1"
"6304","verde","1"
"6305","foglie","1"
"6306","San Geremia","1"
"6307","Skyline","1"
"6310","san benetto","1"
"6311","Palazzo","1"
"6313","sanbenetto","1"
"6314","santo stefano","1"
"6318","conservatorio","1"
"6319","Rio terà","1"
"6320","ramo","1"
"6321","Periferia","1"
"6323","pisani","1"
"6325","Tags","1"
"6327","randomtag","1"
"6328","addedtag","1"
"6330","Spazio verde","1"
"6333","confine","1"
"6334","pittoresco","1"
"6335","vita quotidiana","1"
"6336","Forni","1"
"6338","info","1"
"6345","Restauro","1"
"6347","Fontadamenta","1"
"6349","fondazione","1"
"6350","Dornbusch","1"
"6351","Bäckerei","1"
"6352","HessischerRundfunk","1"
"6353","HR","1"
"6355","veneziani","1"
"6356","Garibaldi","1"
"6357","tartarughe","1"
"6358","Erba fresca","1"
"6359","erba tagliata","1"
"6360","panni stesi","1"
"6361","racconto","1"
"6362","margherite","1"
"6363","burloni","1"
"6364","mamme","1"
"6365","dolcezza","1"
"6367","Scalea","1"
"6370","hangdrum","1"
"6371","musicisti","1"
"6374","Illustrations","1"
"6375","esposizioni","1"
"6377","Crocefisso","1"
"6379","vino","1"
"6380","dentista","1"
"6381","collegio","1"
"6382","concerti","1"
"6383","patronato","1"
"6384","facciata","1"
"6385","Residenze","1"
"6386","camini","1"
"6387","copisteria","1"
"6388","aule","1"
"6389","Carceri","1"
"6391","vertigini","1"
"6392","Bimari","1"
"6393","Amicizie","1"
"6395","passi","1"
"6396","gatti","1"
"6397","deposito","1"
"6398","Area","1"
"6400","vie alternative","1"
"6401","enoteche","1"
"6402","pontile","1"
"6404","Mestre","1"
"6405","Arpa","1"
"6407","Feltrinelli","1"
"6408","dischi","1"
"6409","Isole","1"
"6412","TreOci ","1"
"6414","Piscina sacca fisola","1"
"6415","Prato","1"
"6416","Prat","1"
"6417","Prado","1"
"6419","Camp de futbol","1"
"6420","daisy","1"
"6422","painting","1"
"6423","Paintings","1"
"6426","terrace","1"
"6427","leone","1"
"6430","Boat","1"
"6431","sound","1"
"6432","Building","1"
"6433","colour","1"
"6434","families","1"
"6435","children","1"
"6436","cat","1"
"6437","Bow","1"
"6438","Venice","1"
"6439","Aperitivo","1"
"6440","feast","1"
"6441","plague","1"
"6442","Palladio","1"
"6443","Labirinto","1"
"6444","perdersi","1"
"6445","fritto","1"
"6446","pollini","1"
"6448","distanza","1"
"6450","Bar carizzi","1"
"6454","svago","1"
"6455","Gufo","1"
"6456","Vw","1"
"6460","campo da basket","1"
"6461","scivolo","1"
"6462","altalena","1"
"6463","panchina","1"
"6467","militari","1"
"6468","erba alta","1"
"6470","Cani","1"
"6472","Ambienti notturni","1"
"6473","Edificio","1"
"6474","Stadio","1"
"6475","Superfici","1"
"6476","Hotel San Elena","1"
"6478","dormiente","1"
"6479","attracco","1"
"6480","first aid","1"
"6481","Kit pronto soccorso","1"
"6482","Navi da crociera","1"
"6484","Porti","1"
"6485","Crociera","1"
"6486","Disturbo","1"
"6487","agevolazioni","1"
"6488","chiaro di luna","1"
"6491","spazi","1"
"6492","Animali notturni","1"
"6493","versi","1"
"6494","sacafisola","1"
"6496","sacca fisola","1"
"6497","tranquilla","1"
"6500","Ilton","1"
"6501","mulino Stucchi","1"
"6502","Distributore","1"
"6503","nave da crociera","1"
"6504","Chiostri","1"
"6506","Waterford Ireland River","1"
"6507","Attraversamento pedonale","1"
"6508","Pitura freska","1"
"6509","Furio","1"
"6510","reggae","1"
"6511","Magazzino","1"
"6512","San Basilio","1"
"6513","Hola","1"
"6515","tester","1"
"6516","prova2","1"
"6517","disaster2","1"
"6518","testeig","1"
"6519","tag2","1"
"6520","Prova abdroid","1"
"6522","WAV","1"
"6523","EditarTags","1"
"6524","Currywurst","1"
"6525","Pikant","1"
"6526","Pinacoteca Ravenna","1"
"6527","Tolentini","1"
"6529","lavanderia","1"
"6530","cartolibreria","1"
"6531","tabaccaio","1"
"6534","Barbiere","1"
"6535","fast food","1"
"6536","affollato","1"
"6537","Svincolo","1"
"6538","stucchi","1"
"6539","affreschi","1"
"6541","dipinti","1"
"6544","attraversamento","1"
"6546","Sala","1"
"6547","Attraversamenti","1"
"6548","percorsi podotattili","1"
"6549","passaggio pedonale","1"
"6550","siepi","1"
"6553","ombrelloni","1"
"6554","Money","1"
"6555","Sentiero","1"
"6556","Blue moon","1"
"6557","bagno","1"
"6558","tribune","1"
"6559","gradoni","1"
"6560","Defibrillatore","1"
"6561","fermate","1"
"6562","Grand Hotel Des Bains","1"
"6563","Morte a Venezia","1"
"6564","Death in Venice","1"
"6565","Fermate autobus","1"
"6566","Paesaggio","1"
"6567","rumore","1"
"6568","onde","1"
"6569","Acquazzone","1"
"6570","temporale estivo","1"
"6571","riparo","1"
"6572","portici","1"
"6573","gelateria","1"
"6574","Mercatino","1"
"6575","usato","1"
"6576","antiquario","1"
"6577","spese","1"
"6578","compere","1"
"6579","fisarmonica","1"
"6580","Posacenere","1"
"6581","sigaretta","1"
"6582","cura","1"
"6583","Punta della Dogana","1"
"6584","Gioco","1"
"6585","serrature","1"
"6587","bicchieri","1"
"6588","aperitivi","1"
"6589","fritto di mare","1"
"6590","stuzzichini","1"
"6591","cioccolata","1"
"6592","frittelle","1"
"6593","poste italiane","1"
"6594","alimentari","1"
"6595","tabacchino","1"
"6597","Aiuola","1"
"6598","gioia","1"
"6599","doposcuola","1"
"6600","piove","1"
"6601","Espositori mobili","1"
"6602","jw.org","1"
"6604","Erfurt","1"
"6605","esplanada de gespa","1"
"6606","Isoloto","1"
"6608","rio de malcanton","1"
"6609","Campiello mosca","1"
"6610","erba","1"
"6611","piedra","1"
"6612","pasos","1"
"6613","pavellonestadosunidos","1"
"6614","Padiglionebelgio","1"
"6615","pavellon","1"
"6616","eeuu","1"
"6617","Padiglionecentrale","1"
"6620","pedres","1"
"6621","eeuu>Israel","1"
"6622","bookshop","1"
"6623","gadget","1"
"6624","disabili","1"
"6625","Sassi","1"
"6626","suono","1"
"6627","cammino","1"
"6628","percorribile","1"
"6629","Israele","1"
"6630","Ristoro","1"
"6633","comunicato stampa","1"
"6634","juan calzadilla","1"
"6635","disegni","1"
"6637","francia","1"
"6638","cemento","1"
"6639","convivenza","1"
"6640","rusian","1"
"6641","pavilion","1"
"6642","safety","1"
"6643","trieste","1"
"6644","vent","1"
"6645","Carrer ample","1"
"6646","obres","1"
"6647","edificio historico","1"
"6650","table","1"
"6652","Ambientr sonoro","1"
"6656","cicale","1"
"6657","nit","1"
"6658","Free Wi Fi","1"
"6659","Helicopter","1"
"6660","Wassenberg","1"
"6661","wohnzimmer","1"
"6662","ausruhen","1"
"6663","Fernsehen gucken","1"
"6672","Muros de piedra","1"
"6673","alambres","1"
"6674","Caminos","1"
"6675","carreteras","1"
"6677","socavones","1"
"6679","reverberación","1"
"6681","Paso de cebra","1"
"6682","barandillas","1"
"6683","Turbos metal","1"
"6684","Muros","1"
"6688","rejas","1"
"6689","路很小","1"
"6691","Aceras anchas","1"
"6692","很危險","1"
"6693","autos","1"
"6694","車子多","1"
"6695","Aparcamientos","1"
"6696","路況","1"
"6697","停車場，出入口","1"
"6700","Casa azul","1"
"6701","paredes","1"
"6702","Motos subiendo cuesta","1"
"6711","hierro","1"
"6712","Ayuntamiento","1"
"6714","sonidos ambientes","1"
"6716","peluquerías","1"
"6718","niñxs","1"
"6719","Contenedores","1"
"6720","Tecturas","1"
"6722","Farola","1"
"6723","Reciclwta","1"
"6725","Somos","1"
"6726","Vidas","1"
"6729","Auguri","1"
"6731","Aldgate underground","1"
"6732","Minorías EC3","1"
"6733","Tower Gateway DLR Station","1"
"6734","Tower Gateway underground","1"
"6735","Great Tower Street","1"
"6736","Monument underground station","1"
"6737","Frenchurch street","1"
"6738","Leadenhall market","1"
"6739","Liverpool Street Station","1"
"6740","Spitalfields market","1"
"6741","Petticoat lane","1"
"6742","Toynbee Hall","1"
"6743","More London","1"
"6745","hermitage","1"
"6746","lectures","1"
"6750","german","1"
"6751","Bahnhof","1"
"6752","Zug","1"
"6753","Deutsch","1"
"6754","bühlstr","1"
"6755","crossing","1"
"6756","Rumor","1"
"6757","Мы находимся так было тоже самое набирай раз-два-три раз-два-три","1"
"6758","Qwe","1"
"6759","Fondazione Benetton","1"
"6760","Museum","1"
"6761","Berlin","1"
"6762","Skulptur","1"
"6763","Altstadt","1"
"6768","嗯这有一个自行车","1"
"6782","Jardín botánico","1"
"6791","aula","1"
"6800","tinglados","1"
"6801","Atardecer","1"
"6803","patinaje","1"
"6805","banda","1"
"6806","Cante","1"
"6807","flamenco","1"
"6808","bulerías","1"
"6811","Marina","1"
"6812","lloros","1"
"6815","Banderes","1"
"6823","Les arenas","1"
"6831","susurros","1"
"6832","compañía","1"
"6836","Bienestar","1"
"6837","pescaderia","1"
"6838","Agradable","1"
"6839","sensaciones","1"
"6841","amplitud","1"
"6845","Tacto","1"
"6850","Zona de juegos","1"
"6851","DrLluch","1"
"6852","Restos","1"
"6856","Campo de fútbol","1"
"6858","escucha","1"
"6864","Torrent","1"
"6867","historia de Valencia","1"
"6869","maquinaria","1"
"6871","salvado","1"
"6872","Museo arroz","1"
"6873","sonidos","1"
"6877","obrador","1"
"6878","coca de llanda","1"
"6880","Teatre el Musical","1"
"6881","Guitarra","1"
"6889","Helat","1"
"6891","veins","1"
"6892","Veins associacio","1"
"6893","Vains","1"
"6895","Escritor","1"
"6896","Museo Blasco Ibañez","1"
"6897","Casas del Cabanyal","1"
"6898","trencadís","1"
"6904","inicio de ruta","1"
"6906","edificios","1"
"6907","gentrificación","1"
"6908","Contrabando","1"
"6909","historias del Cabanyal","1"
"6916","contreras","1"
"6926","cítricos","1"
"6927","jardín botáncio","1"
"6930","tórtolas","1"
"6933","músicos","1"
"6934","árboles monumentales","1"
"6935","croquetas","1"
"6936","selva","1"
"6937","cara del moro","1"
"6938","pòrticos","1"
"6940","animación","1"
"6941","alerta","1"
"6942","sillas","1"
"6943","mesas","1"
"6944","penumbra","1"
"6946","vida","1"
"6951","mercat central","1"
"6957","Atarazanas","1"
"6958","exposición","1"
"6960","espacio","1"
"6967","cocina de bar","1"
"6968","chaflán","1"
"6969","Conversaciones","1"
"6971","Casita verde","1"
"6972","pequeña","1"
"6973","reformas","1"
"6975","Casa verde","1"
"6976","Museo Muving","1"
"6977","historia del barrio Velluter","1"
"6978","Recuerdos","1"
"6980","juego","1"
"6984","Ruina","1"
"6985","pedazos","1"
"6986","trozos","1"
"6987","El capítulet","1"
"6988","En el moving Jardín es","1"
"6989","Capilla del Capitulet","1"
"6990","Iglesia de Santa Lucía","1"
"6991","Palacio de la ceda","1"
"6992","Estación del Norte","1"
"6993","valencia","1"
"6995","pistas deportivas","1"
"6996","cruce con carril bicis","1"
"6997","carriles de coches","1"
"6998","cruce con carril bici","1"
"6999","y carriles de coches","1"
"7000","semáforo mal ubicado","1"
"7001","accesibilidad","1"
"7002","zona peatonal","1"
"7004","velero","1"
"7006","fuera Puerto de Valencia","1"
"7007","a bordo del Albert","1"
"7010","tercera parte","1"
"7012","golosinas","1"
"7013","compras","1"
"7015","Lonja","1"
"7016","viveros","1"
"7017","Primer hospital","1"
"7018","fundado","1"
"7019","En Valencia","1"
"7021","Historia hospital antiguo","1"
"7022","Primera","1"
"7023","origin","1"
"7026","puente","1"
"7028","barrio","1"
"7029","tapeado","1"
"7030","Agujero","1"
"7031","impedimento","1"
"7032","urbanismo","1"
"7033","maraña","1"
"7034","territorio abandonado","1"
"7035","Murales","1"
"7036","casas","1"
"7037","Lanzadora","1"
"7038","típico","1"
"7039","San Vicente de la roqueta","1"
"7043","Mislata","1"
"7047","palmera antigua","1"
"7049","cúpula del museo","1"
"7051","cauce del río","1"
"7054","Parque central","1"
"7055","aspecto general","1"
"7057","falso peatonal","1"
"7059","rius","1"
"7060","monopatines","1"
"7061","animales","1"
"7062","barcos","1"
"7063","patrimonio","1"
"7064","paseantes","1"
"7065","asociaciones","1"
"7066","aglomeración","1"
"7067","Helados","1"
"7068","colores","1"
"7069","Graffitis","1"
"7070","Adolescentes","1"
"7071","Árbol","1"
"7072","paraíso","1"
"7074","La muralla árabe","1"
"7075","la muralla cristiana","1"
"7076","colegio escolapios","1"
"7078","puerta muralla cristiana","1"
"7080","defensa","1"
"7081","Torres de Quart","1"
"7084","Botánico primera parte","1"
"7085","Botánico","1"
"7086","jardín","1"
"7087","Centro comercial","1"
"7088","compras navideñas","1"
"7089","Cruzar","1"
"7096","Statie ratb 104","1"
"7097","Atardecer en Av peru","1"
"7098","Viña del Mar","1"
"7099","dia","1"
"7100","home","1"
"7101","Urbino","1"
"7102","25 novembre","1"
"7103","giornata","1"
"7105","TalkBack","1"
"7111","Afragola","1"
"7125","Sobieszewo","1"
"7126","Sobieszewo - dzień 2","1"
"7138","finalmente","1"
"7142","complexo ferroviário","1"
"7144","Trabalho","1"
"7146","Centro Universitário Facens","1"
"7150","não tem","1"
"7153","ajudantes","1"
"7154","cadeirantes","1"
"7155","Cafezinho","1"
"7157","saccoman","1"
"7158","Dorenauil","1"
"7159","Expedição","1"
"7162","feira baratos","1"
"7171","Diversão","1"
"7174","reabilitação","1"
"7176","Coco natural","1"
"7178","banana","1"
"7179","frutas","1"
"7184","experiência sensorial","1"
"7185","Jô Soares","1"
"7186","humorista","1"
"7187","painel tátil","1"
"7189","centro de memória","1"
"7190","escritório","1"
"7191","HIV","1"
"7192","prevenção","1"
"7193","auto teste","1"
"7200","Oásis Urbano","1"
"7202","Judeus","1"
"7204","Detalhes Construtivos","1"
"7205","reclamar","1"
"7206","solicitar","1"
"7207","Supermecado","1"
"7211","Arte Concierge","1"
"7212","Regina Silveira","1"
"7213","Art Concierge","1"
"7215","Encontro","1"
"7218","#v","1"
"7219","Rota Blindwiki","1"
"7220","Anhangabaú","1"
"7221","Ladeira da memória","1"
"7222","BIKE TOUR SP","1"
"7223","Bicicleta","1"
"7225","Terraçoamdrade","1"
"7226","Biblioteca Mario dd Andrade","1"
"7228","Antigo Mappin","1"
"7230","Praça das Artes","1"
"7231","Fachada tátil","1"
"7232","mala","1"
"7234","SEsc 24","1"
"7235","SESC Bibliiteca","1"
"7236","Sesc 24 de Maio","1"
"7238","Street dancing","1"
"7240","jovens","1"
"7245","obra acessível","1"
"7248","família socializadora","1"
"7252","dejetos","1"
"7253","Amora","1"
"7254","Aplicativo","1"
"7257","Viva","1"
"7258","postar","1"
"7259","chá","1"
"7262","caminho","1"
"7263","dificuldade","1"
"7264","patas","1"
"7265","blog","1"
"7266","viagens","1"
"7267","dicas","1"
"7268","início","1"
"7269","direção","1"
"7271","Barreiras","1"
"7272","Cidade","1"
"7273","Falta de Acessibidade","1"
"7276","pátio aberto","1"
"7277","Abuso","1"
"7279","Escada em espiral","1"
"7282","biblioteca braille","1"
"7283","Dificuldades","1"
"7284","tenente Nascimento","1"
"7285","Parte superior aberta","1"
"7286","Jardim","1"
"7287","Prédios","1"
"7288","hospitais","1"
"7289","Solarium","1"
"7290","piquenique","1"
"7291","Jardim suspenso","1"
"7292","Piso superior 2","1"
"7293","horta","1"
"7295","voluntario","1"
"7296","adeveb","1"
"7297","além do limite","1"
"7298","um outro olhar","1"
"7299","Mata atlântica","1"
"7301","Centro Cultural Vergueiro","1"
"7302","Ensaios","1"
"7306","Biblioteca Louis Braille","1"
"7307","Arte Tátil","1"
"7308","deficiência visual","1"
"7312","orquestra","1"
"7315","medida","1"
"7318","pintura contemporanea","1"
"7319","série alturas","1"
"7324","Visão","1"
"7328","_optical walls","1"
"7329","o que não é visível","1"
"7331","Dentrofora","1"
"7333","Jardim japonês","1"
"7334","sociedade coletiva","1"
"7338","maquete","1"
"7340","Casa das rosas","1"
"7341","Janela de vidro","1"
"7344","Sesc paulista","1"
"7345","JHSP ACESSÍVEL","1"
"7347","Bolsas Japanhouse cultura","1"
"7351","Centro Cultural Itaú","1"
"7353","Saudejapanhouse madeira","1"
"7356","casarão","1"
"7357","Paulista música cultura","1"
"7358","sescpaulista","1"
"7359","Hospitalsanata Catarina avpaulista","1"
"7360","Painel hospitalsantacatarina avpaulista","1"
"7361","Escolarodriguesalves arquitetura","1"
"7362","Santa Catarina","1"
"7363","Itaú cultural","1"
"7365","Músicas avpaulista somdapaulista","1"
"7366","santacatarinahospital","1"
"7367","Relatos Urbanos","1"
"7368","Renato Alioti","1"
"7369","7 anjos","1"
"7370","Coco de pombo","1"
"7371","guarda-chuva","1"
"7372","hostipal Santa Catarina","1"
"7373","ragazzo","1"
"7374","Moradores de rua","1"
"7375","Bordados","1"
"7376","vozes","1"
"7377","manicômio","1"
"7378","navio","1"
"7379","exclusão social","1"
"7380","Grupo","1"
"7381","Esquemapreferido","1"
"7382","Colégio Rodrigues Alves","1"
"7383","Regina","1"
"7384","Sertanejo som cultura","1"
"7385","Lanchonete garoa Paulista","1"
"7386","Pospandemianapaulista","1"
"7387","Dançanapaulista","1"
"7388","Black Music","1"
"7389","Loucura","1"
"7391","dançar","1"
"7392","dancaderuapaulista","1"
"7393","Brechobocapreta @bocapreta_","1"
"7394","Curta a paulista","1"
"7395","aos domingos","1"
"7396","Musicanapaulista country","1"
"7398","Museu liceo pasteur","1"
"7399","Super heróis","1"
"7400","Galeria super variado","1"
"7403","Shopping garoa","1"
"7404","Clube homes","1"
"7405","shopingCidadeSaoPaulo","1"
"7406","Senaipaulista","1"
"7407","Rock in roll","1"
"7408","Edifício gazeta","1"
"7410","Pisotatilruim acessibilidade alerta","1"
"7411","pisotateodefeituoso","1"
"7413","sesi","1"
"7414","Masp","1"
"7415","Trianon","1"
"7416","Museu masp","1"
"7417","Parque trianon","1"
"7418","Mequi1000","1"
"7419","Máqui 1000","1"
"7421","mcdonalds","1"
"7422","Rua livre","1"
"7423","ocupação urbana","1"
"7424","humanos","1"
"7425","Artista","1"
"7426","a Paulista é nossa","1"
"7427","Lanchonete","1"
"7428","Banana split","1"
"7429","Condomínio nacional","1"
"7431","Sertanejonapaulista dança","1"
"7432","Sertanejo","1"
"7433","Rota Paulista","1"
"7434","Celebração","1"
"7436","Shopping center 3","1"
"7437","Elogios","1"
"7438","Instagram @blindwikibr","1"
"7439","Ims","1"
"7440","Antonio Machado","1"
"7441","Amigos pra valer","1"
"7442","Deficientes visuais","1"
"7444","Qrcode","1"
"7453","edifício do Gazeta","1"
"7456","prédio da FIESP","1"
"7457","ação saúde","1"
"7461","frei caneca","1"
"7462","DJ na Paulista","1"
"7463","igreja São Luiz Gonzaga","1"
"7467","cozinheira","1"
"7468","incrível","1"
"7469","caminhões","1"
"7470","passarinhos","1"
"7471","vale a pena","1"
"7472","memória","1"
"7473","tropeiros","1"
"7474","escravos","1"
"7475","morro","1"
"7477","cheirinho","1"
"7478","linha azul","1"
"7481","app","1"
"7483","fala povo","1"
"7484","reciclagem","1"
"7487","parquiño","1"
"7496","andré","1"
"7500","Subprefeitura Ipiranga","1"
"7501","posto SPTrans","1"
"7508","Óscar Freire","1"
"7509","Pandemia","1"
"7510","aula online","1"
"7511","pedagogia","1"
"7512","vacinação","1"
"7513","prefeito","1"
"7514","Pobre Juan","1"
"7515","jantar","1"
"7517","diversidade","1"
"7518","juntos","1"
"7519","vemos a possibilidade","1"
"7521","projeto político","1"
"7522","dar voz","1"
"7525","Oque postar","1"
"7526","talentos artísticos","1"
"7527","piadas","1"
"7528","Marchinha da acessibilidade","1"
"7530","Rota acessível","1"
"7531","uma","1"
"7532","acidentes","1"
"7533","ação cidadão","1"
"7534","Wiki: rede colaborativa","1"
"7535","rota06","1"
"7537","Laraparque","1"
"7538","Alegria","1"
"7539","Brincadeira","1"
"7540","Interação","1"
"7541","salve","1"
"7543","#praça Benedito Calixto","1"
"7544","Aprendizado diversão","1"
"7546","Entrada laramara","1"
"7547","Semáforo","1"
"7548","Trajeto metrô Marechal","1"
"7551","ponto de ônibus.","1"
"7552","Gabrielzinho manos crew","1"
"7554","SãoGonçalo","1"
"7555","Caminhada","1"
"7556","São Gonçalo","1"
"7557","Educação Física","1"
"7558","farol sonoro","1"
"7559","Pisotático","1"
"7560","Área comercial","1"
"7562","Deslocamento","1"
"7563","autonomia","1"
"7565","Marechal Deodoro","1"
"7566","banco Bradesco","1"
"7567","Meios de transporte","1"
"7569","supermercado J. jota","1"
"7570","Padaria Iracema","1"
"7571","Angélica","1"
"7572","Obstáculos aéreos","1"
"7573","Alta velocidade","1"
"7574","Planeta","1"
"7576","audiodescrição","1"
"7577","calçadas","1"
"7578","Shows","1"
"7579","apresentações","1"
"7580","Uni","1"
"7581","guarulhos","1"
"7582","morador de rua","1"
"7583","cegueira","1"
"7584","Theatro São Pedro","1"
"7585","Ópera","1"
"7586","Ver com Palavras","1"
"7589","Várzea do Carmo ubs","1"
"7590","posto inss","1"
"7591","Casa até laramara","1"
"7592","Casas antigas","1"
"7593","região da Barra funda","1"
"7594","piso tatil","1"
"7595","ambulantes","1"
"7596","cocô","1"
"7597","Rua Brigadeiro Galvão","1"
"7600","Museu da Inclusão","1"
"7601","estação Barra Funda","1"
"7603","Altar dos mortos","1"
"7604","caveira","1"
"7605","sobrenome","1"
"7606","numerología","1"
"7607","Memoerial  5","1"
"7608","falta","1"
"7611","baixa visão","1"
"7613","Pavilhão da Criatividade","1"
"7614","to fazendo falta","1"
"7615","caminhos musicais","1"
"7616","guarda civil metropolitana","1"
"7617","livraria","1"
"7619","Alda","1"
"7620","sinalsonoro","1"
"7621","atencao","1"
"7623","Terminal barra funda","1"
"7624","linha vermelha metro","1"
"7625","linhas ferrias","1"
"7627","Galetia 2001","1"
"7629","Nossa querida mãe","1"
"7633","Teco fotografia","1"
"7635","Expectativas","1"
"7640","Auditório","1"
"7641","reforma a terminar","1"
"7642","falta pouco!!!","1"
"7643","Apoio local","1"
"7644","São Jorge","1"
"7645","blindwiky","1"
"7646","Portao de Ferro","1"
"7647","Sorocabana","1"
"7648","italy","1"
"7649","Porgaoddferro","1"
"7650","polonia","1"
"7651","france","1"
"7652","uk","1"
"7653","poetry","1"
"7654","sky","1"
"7655","blind.wiki","1"
"7656","Estação Ferroviária Sorocabana","1"
"7657","chame francês","1"
"7659","Marie Curie","1"
"7660","difícil acessibilidade","1"
"7661","Rebeka Lima","1"
"7662","Cantora","1"
"7667","covardia","1"
"7669","Carolina Maria de Jesus","1"
"7670","Réplicas Táteis","1"
"7671","Igreja católica","1"
"7672","missa","1"
"7673","santa Rosália","1"
"7675","Beleza","1"
"7676","Senhor do Bonfim","1"
"7678","Brasil restaurante","1"
"7679","casa rosada","1"
"7684","rodoviario","1"
"7685","Vlt","1"
"7686","rj","1"
"7687","Avenida Paulista 200","1"
"7688","Luce-Prima","1"
"7689","luceprima","1"
"7691","Hebraica","1"
"7692","Salão de Arte","1"
"7693","Museu de Arte Sacra","1"
"7694","Exposição Itinerante","1"
"7695","Kiosk Kioto","1"
"7696","garapa e lanches","1"
"7698","gostaria","1"
"7699","pandeiro","1"
"7700","instrumentos musicais","1"
"7701","Rota_centro_SJCampos/SP","1"
"7702","Eugenio de Melo","1"
"7703","Distrito Eugenio de Melo","1"
"7704","Armazem Secos e Molhados","1"
"7705","Igreja Paroquia Imaculada Conceiçao","1"
"7706","melo","1"
"7707","vilela","1"
"7708","Parque da Cidade","1"
"7709","Banhado de SJCampos","1"
"7710","Canal motoboy","1"
"7711","neka","1"
"7713","Rota cultural","1"
"7714","Obra cantoneiras Ibirapuera","1"
"7715","Obra traca","1"
"7716","construcao do mundo","1"
"7718","Jardim das Esculturas","1"
"7719","Parque Ibirapuera","1"
"7720","Carrancas","1"
"7721","Amilcar de Castro","1"
"7722","Teco Barbero","1"
"7723","Fotógrafo","1"
"7725","Vicentinaaranha","1"
"7726","Ibirapuera","1"
"7727","Olhe","1"
"7728","imagine!","1"
"7729","Atualidade","1"
"7730","Cinthia","1"
"7731","Voluntariado","1"
"7732","projeto no Brasil","1"
"7733","Rota Mam","1"
"7736","produção blindwiki Brasil","1"
"7737","Palestra","1"
"7738","histórias","1"
"7739","Dublagem presencial","1"
"7740","Samba de roda","1"
"7741","Santo Amaro","1"
"7743","sorocabablindwiki","1"
"7744","artecontemporanea","1"
"7746","Arepa","1"
"7747","mensagem","1"
"7748","Agência correio","1"
"7749","Bos","1"
"7750","oftalmológico","1"
"7751","Natural","1"
"7753","do","1"
"7756","Ecologica","1"
"7757","Araraquara/SP","1"
"7759","caixa","1"
"7761","araraqura","1"
"7763","Universidade israelita","1"
"7764","Cinegrafista cega","1"
"7765","documentário Blind Wiki","1"
"7766","Entone Abad","1"
"7767","deficientevisual","1"
"7768","feira","1"
"7769","Trindade","1"
"7770","Ascessibilidade","1"
"7771","aeroporto","1"
"7772","Buraco","1"
"7773","Praça  da Sé","1"
"7774","Faculdade de comunicação","1"
"7775","Universidade Federal da Bahia","1"
"7776","jornalismo","1"
"7777","produção cultural","1"
"7778","oftalmologista","1"
"7779","Instituto Paulistano","1"
"7780","Dica","1"
"7783","zeca","1"
"7784","parque disposições","1"
"7785","espaço para shows","1"
"7786","vilaitororo","1"
"7788","literatura","1"
"7789","#Feiradeacessibilidade","1"
"7790","Banco do Brasil","1"
"7791","utopias disto pias","1"
"7792","ache contemporânea","1"
"7793","Museu de Arte Moderna da Bahia","1"
"7794","Cadevi","1"
"7795","Flores","1"
"7796","Japão","1"
"7797","centroculturalvergueiro","1"
"7798","auladeforró","1"
"7799","Romeu temdeviver","1"
"7800","segundasfeiras19h30","1"
"7801","FundaçãoDorina","1"
"7802","painel","1"
"7807","ongtemsentimento","1"
"7808","trans","1"
"7809","temsentimento","1"
"7810","santacecilia","1"
"7811","ong","1"
"7812","cracolandia","1"
"7813","Campanha gota eficiente","1"
"7816","baiana","1"
"7819","karaokê","1"
"7820","metrôcarrão","1"
"7821","Comida Árabe","1"
"7822","Esfirras","1"
"7823","Rhizomatiks","1"
"7824","Gaita","1"
"7826","Rua F","1"
"7827","Manoel Antonio Puig","1"
"7828","eleições","1"
"7829","comemoração","1"
"7830","candidatos","1"
"7831","Lula","1"
"7832","Presidência","1"
"7833","Ovelhas","1"
"7834","Alimentos orgânicos","1"
"7835","Tapioca","1"
"7836","Mimoo","1"
"7837","Grátis","1"
"7840","Sebastião Salgado @","1"
"7841","Amazonia","1"
"7842","Tartarugas Marinhas","1"
"7844","São Sebastião","1"
"7845","Denúncia","1"
"7846","Caraguatatuba","1"
"7847","Antiestresse","1"
"7848","Segurança","1"
"7849","linha vermelha sp","1"
"7850","estação Belém","1"
"7853","Natal","1"
"7854","vinhos","1"
"7855","queijos","1"
"7856","mariafumaca","1"
"7857","tremavapor","1"
"7858","mundogelado","1"
"7859","emocao","1"
"7860","amizadeantigas","1"
"7861","amizadesnovas","1"
"7862","são benedito","1"
"7863","Síndrome de Down","1"
"7864","Dom Quixote","1"
"7865","Doces","1"
"7868","Cultura accesible","1"
"7870","derechos","1"
"7871","sin miedo","1"
"7872","UPC","1"
"7874","Akimatsuri","1"
"7875","Festival de Outono","1"
"7876","Mogi das cruzes","1"
"7877","museu da imigração","1"
"7879","aline","1"
"7880","centroparalímpicobrasileiro","1"
"7881","cpb","1"
"7882","Bairro Olaria","1"
"7884","Square","1"
"7890","idílico","1"
"7894","campana","1"
"7895","altavoces","1"
"7896","Altavoz","1"
"7899","aeropuerto","1"
"7901","Dársenas","1"
"7902","Salida metro","1"
"7903","sin escaleras","1"
"7904","arc teriomph","1"
"7906","Parque de la citadella","1"
"7907","Mamut ciutadella","1"
"7908","francesc candi","1"
"7909","historiador","1"
"7910","ciutadella","1"
"7911","bcn","1"
"7912","Fira","1"
"7913","Reina","1"
"7914","bickcletes","1"
"7916","Parc ibfantil","1"
"7917","Paissatge sobir","1"
"7918","cartel de menú","1"
"7919","Sant antoni","1"
"7921","iPad","1"
"7924","Gchv","1"
"7925","uvhv","1"
"7926","Hbhb","1"
"7927","hhbb","1"
"7928","hhbbhnn","1"
"7929","hhhv","1"
"7930","Ubb","1"
"7931","hb","1"
"7939","carme","1"
"7942","descans","1"
"7944","Cant dels ocells","1"
"7948","dispensador","1"
"7951","vehicles","1"
"7952","possible perill","1"
"7953","ferradura dels cavalls","1"
"7955","pedra i fusta","1"
"7958","Ur","1"
"7960","Església de l’Alba","1"
"7962","bonito","1"
"7963","feo","1"
"7964","rural","1"
"7966","tram tranquil","1"
"7968","codi QR","1"
"7970","lectura","1"
"7971","segon tram","1"
"7972","punt de decisió","1"
"7973","inici","1"
"7975","Sèquia","1"
"7976","dificultats per caminar","1"
"7977","Soroll d’aigua","1"
"7979","carretera hospital transfronterer","1"
"7980","hospital transfronterer","1"
"7984","neu verge","1"
"7985","Porté-Puymorens","1"
"8005","flora","1"
"8006","Toulouse","1"
"8007","nom dels carrers","1"
"8008","Diagonal","1"
"8009","torres de la caixa","1"
"8011","racó dels ocells","1"
"8012","passeig","1"
"8013","estació del tren","1"
"8014","infants","1"
"8015","lleure","1"
"8017","Urgell","1"
"8019","cultura accessible","1"
"8020","maquetes tàctils","1"
"8021","maqueta tàctil","1"
"8023","parc","1"
"8024","eloi","1"
"8025","setmana Santa","1"
"8026","santa","1"
"8027","Trànsit","1"
"8028","Eixample","1"
"8037","good","1"
"8040","atm","1"
"8047","joke","1"
"8057","multiple","1"
"8066","Brazilian_culture","1"
"8071","Dance","1"
"8076","Game","1"
"8096","Vamos","1"
"8101","sport","1"
"8106","rain","1"
"8107","test1","1"
"8108","test12","1"
"8111","morning","1"
"8117","tactic","1"
"8124","sun","1"
"8132","humboldtallee","1"
"8133","fahrräder","1"
"8135","man","1"
"8137","martins","1"
"8138","tenho","1"
"8139","order","1"
"8140","rancho","1"
"8141","tropeiro","1"
"8142","ernesto","1"
"8144","associação","1"
"8145","imprensa","1"
"8146","rodas","1"
"8147","lights","1"
"8148","castañazo","1"
"8150","boulevard","1"
"8151","gossos","1"
"8152","repouso","1"
"8153","presente","1"
"8154","lar","1"
"8155","complexo","1"
"8156","margherita","1"
"8157","manuela","1"
"8158","eugenio","1"
"8159","tag","1"
"8161","super","1"
"8162","sociali","1"
"8165","maria","1"
"8166","avpaulista","1"
"8167","cuesta","1"
"8168","particolare","1"
"8169","química","1"
"8170","histórico","1"
"8171","visual","1"
"8172","tatil","1"
"8173","coordenadora","1"
"8174","imigração","1"
"8175","paissatge","1"
"8177","janeiro","1"
"8178","metrô","1"
"8179","parroquia","1"
"8180","campanes","1"
"8181","igualdade","1"
"8182","químico","1"
"8183","indicado","1"
"8184","paraje","1"
"8185","słońcem","1"
"8186","briefe","1"
"8187","bereich","1"
"8188","carrer","1"
"8189","turísticos","1"
"8190","jofre","1"
"8191","d'istria","1"
"8195","leite","1"
"8196","prefeitura","1"
"8197","acessível","1"
"8198","fortes","1"
"8199","pasuje","1"
"8200","superior","1"
"8201","direito","1"
"8202","rosas","1"
"8204","punxes","1"
"8206","ermita","1"
"8207","boa","1"
"8208","mundo","1"
"8209","tem","1"
"8212","crime","1"
"8213","die sonne scheint","1"
"8214","am ende ist ein tunnel","1"
"8215","aquí","1"
"8216","norte","1"
"8217","historia","1"
"8220","hallo","1"
"8222","ist","1"
"8223","ich","1"
"8224","günny","1"
"8225","dies","1"
"8226","uns","1"
"8228","nähe","1"
"8229","timmendorfer","1"
"8230","lande","1"
"8231","das","1"
"8232","pieszych","1"
"8233","e civile","1"
"8235","humitat","1"
"8236","franciscanos","1"
"8237","frei alvaci","1"
"8238","tvirgen","1"
"8239","desamparados","1"
"8248","concentração","1"
"8249","caldodecana","1"
"8250","vilaclementino","1"
"8251","bosko","1"
"8252","delícias","1"
"8253","típica","1"
"8254","italiana","1"
"8257","tax","1"
"8259","configuració","1"
"8261","model","1"
"8262","sintàctic","1"
"8281","problema","1"
"8284","etiquetes","1"
