id,name,count,name_eng
0,,0,
5170,Umgebungsgeräusche,394,Ambient noise
4626,pericoloso,213,dangerous
5541,water,133,water
4822,culture,127,culture
5695,ponti,118,bridges
5840,piazza,117,piazza
4723,accessibile,114,accessible
7148,sorocaba,88,sorocaba
5242,accesibilidade,78,accessibility
4958,Precaución,72,Caution
6785,paseo,69,paseo
5760,ambiente affollato,67,crowded environment
5115,Geruch,66,Odor
4968,Iglesia,63,Iglesia
4669,ristorante,62,ristorante
6882,exploración barrio,62,neighborhood exploration
4845,Music,57,Music
5019,. De referencia,57,. Reference
5908,Venezia di notte,55,Venice at night
5903,Calle morta,54,Dead calla
5056,Tactile,52,Tactile
4984,cafeteria,49,cafeteria
1710,bar,48,bar
5799,pozzi,47,wells
4896,garden,46,garden
5161,Humboldt Universität,42,Humboldt University
4705,campane,36,bells
7885,Coaabitat,35,He lives together
4825,shop,33,shop
5922,Barcarizzi,33,Barcarrizzi
6765,33Bienal,33,33Bienal
6796,poblats marítims,32,maritime towns
2889,Autobus,31,Bus
4790,tree,31,tree
5120,railway stations,31,railway stations
5152,history,31,history
4703,percorso loges,29,loges route
5231,Semáforos sonoros,29,Audible traffic lights
4820,drinking fountain,27,drinking fountain
4828,food,27,food
4679,machine,26,machine
4715,temporaneo,26,temporary
4863,park,26,park
5085,art,26,art
5771,canal grande,26,big channel
6810,cabanyal,25,cabin
5034,Vögel,24,Birds
4668,scale,22,scale
4675,riunione,22,meeting
5936,ghetto,22,ghetto
6875,Pasqual,22,Easter
5148,water fountain,21,water fountain
5296,Turismo,21,Turismo
6051,plataforma única,21,single platform
4704,marciapiede,20,sidewalk
4810,library,20,library
5014,espacio abierto,20,open space
5178,Benches,20,Benches
5619,niñas,20,girls
5941,Calli,20,Calli
6250,fondamente,20,foundations
6802,puerto,20,puerto
5236,Deporte,19,Sports
5759,carnevale,19,carnevale
5788,Gradini,18,Steps
5880,Sotoportego,18,Sotoportego
6764,Pisos táteis,18,Tactile floors
6948,Teatro,17,Theater
7529,Laramara,17,Laramara
4120,testing,16,testing
4975,carril bici,16,bike lane
5339,Non accesible,16,Non accesible
5732,barche,16,boats
5919,Calle chiusa,16,Calle closed
6247,natura,16,nature
6666,Proyecto,16,Project
6671,Palabras y más,16,Words and more
4693,tram,15,tram
5011,obstáculo,15,obstacle
5391,Vaporetto,15,Vaporetto
6114,Servizi,15,Services
6369,mare,15,mare
7322,Japan House,15,Japan House
4624,sole,14,sole
5283,Monumento,14,Monument
7631,MACS,14,MACS
4707,Science Politiche,13,Political Science
5057,sculptures,13,sculptures
5122,hotels,13,hotels
6050,carrers per a tothom,13,streets for everyone
6126,suoni,13,sounds
7342,Paulista,13,Paulista
4801,transport,12,transport
4851,Vision Australia,12,Vision Australia
5036,Kunstwerke,12,Artworks
5041,S-Bahn,12,S-Bahn
5173,Kaffeetische,12,Coffee tables
5421,Workshop,12,Workshop
5622,Gra miejska,12,City game
6148,Relax,12,Relax
6210,bassorilievi,12,bas-reliefs
6809,calles,12,streets
7239,centro cultural sp,12,sp cultural center
4722,fioriere,11,planters
5736,silenzio,11,silence
6063,luci,11,luci
4699,lavori,10,jobs
4812,good cafe,10,good cafe
5039,Spielplatz,10,playground
5140,Memorial,10,Memorial
5247,Aparcamiento minusvalidos,10,Disabled parking
5428,Szkola,10,School
5750,profumi,10,perfumes
5855,vento,10,vento
5864,Rumori,10,Noises
6814,Sensacions,10,Sensations
4284,strada,9,street
4785,test,9,test
5698,Bacari,9,Baccari
5753,persone,9,people
5965,mercato,9,market
6138,Targa,9,Targa
6390,binari,9,binary
7058,hospital,9,hospital
5072,Fahrrad,8,Bicycle
5303,Parque,8,Parque
5804,mappe tattili,8,tactile maps
6039,porta,8,porta
6079,Scultura,8,Sculpture
6130,descrizione,8,description
6778,Interiores,8,Interiors
7965,Camí dels enamorats,8,Path of lovers
4724,colonna,7,colonna
4795,furniture,7,furniture
4808,braille,7,braille
5020,arte urbano,7,urban art
5037,u-Bahn,7,u-Bahn
5104,Ampel,7,Traffic light
5137,tourists,7,tourists
5234,BlindWiki,7,BlindWiki
6340,farmacia,7,pharmacy
6348,archi,7,archi
7073,Arte callejero,7,street art
7599,Memorial da América latina,7,Memorial of Latin America
7717,MAM,7,MAM
7839,Museu do Amanhã,7,Museum of Tomorrow
4227,testApi,6,Testapipi
4228,apiTest,6,apiTest
4352,pioggia,6,rain
4865,leggende,6,legends
4869,sportello,6,door
5092,Demonstration,6,Demonstration
5256,Cajero automatico,6,ATM
5314,Museos,6,Museums
5365,pueblos,6,pueblos
5387,Scuola,6,School
5477,Przystanek,6,Stop
5738,gabbiani,6,seagulls
5781,Aosta,6,Aosta
5791,calma,6,calm
5888,pianta,6,plant
6025,San Rocco,6,San Rocco
6248,notturno,6,night
6266,sede centrale,6,headquarters
6552,spiaggia,6,beach
7079,muralla,6,wall
7110,Chalé francês,6,French Cottage
7177,sampa,6,branch
7506,Carlos,6,Carlos
4700,inciviltà,5,incivility
4819,entrance,5,entrance
4955,Lumpen,5,Rags
4996,obstáculo aéreo,5,aerial obstacle
5075,Hund,5,Dog
5079,Interviews,5,Interviews
5133,Neugier,5,curiosity
5158,Orientierung,5,orientation
5167,Verkehr,5,Traffic
5227,arquitectura,5,architecture
5281,Salud,5,Health
5299,Banco,5,Banco
5304,Semáforo sin sonido,5,Traffic light without sound
5357,jugos kerns,5,kern juices
5456,Krasnale,5,Dwarfs
5725,Trattoria Pontini,5,Pontini Trattoria
5742,libri,5,books
5762,Toilette,5,Toilette
5767,Venezia,5,Venezia
5879,gondola,5,gondola
5934,Scalini,5,Steps
5959,Redentore,5,Redeemer
5967,Mercato del pesce,5,Fish market
5974,tranquillità,5,calm
6069,marmo,5,marble
6085,tatto,5,touch
6086,legno,5,wood
6116,shopping,5,shopping
6228,Pericolo acqua,5,Water danger
6299,pace,5,pace
6331,ca foscari,5,like foscari
6341,tabacchi,5,tobacco
6410,giudecca,5,giudecca
6994,Upv,5,Upv
7199,Casa Modernista,5,Modernist House
7278,dança,5,dance
7294,Exposições,5,Exhibitions
7742,Brasil,5,Brazil
7947,perill,5,danger
7992,paisatge sonor,5,soundscape
4832,sensorygarden,4,sensorygarden
4954,Castelló,4,Castellón
4962,repostería tradicional,4,traditional pastry
5080,Oranienburgerstrasse,4,Oranienburgerstrasse
5081,CO Berlin,4,CO Berlin
5100,sidewalk,4,sidewalk
5182,Football,4,Football
5403,camino de santiago,4,road to santiago
5483,Zamek,4,Lock
5502,Staw,4,Joint
5532,ratusz,4,town hall
5538,center,4,center
5549,wywiad,4,interview
5621,silencio,4,silence
5644,Busstop,4,Bus stop
5681,Campo Santa Margherita,4,Campo Santa Margherita
5686,Capitello,4,Capital
5727,estacion,4,season
5802,iscrizioni,4,registrations
5854,Voci,4,Voices
5909,toccare,4,touch
5913,scorrimano,4,handrail
5926,fermata,4,stop
5927,Crocevia,4,Crossroads
5985,Eco,4,Eco
6027,rilievo,4,relief
6041,portico,4,portico
6042,chiostro,4,cloister
6155,Imbarcaderi,4,Piers
6173,primavera,4,primavera
6195,giochi,4,games
6316,Cortili,4,Courtyards
6421,view,4,view
6471,ponti morti,4,dead bridges
6505,Service,4,Service
6532,pozzo,4,pozzo
6670,Amor,4,Amor
7044,palmeras,4,palm trees
7141,mobilidade,4,mobility
7175,inclusão,4,inclusion
7180,pastel,4,pastel
7183,caldo de cana,4,sugarcane juice
7203,Curiosidade,4,Curiosity
7242,teste,4,test
7247,Cão guia,4,Guide dog
7323,Avenida Paulista,4,Avenida Paulista
7401,sao,4,sao
7412,Fiesp,4,Fiesp
7561,minhocão,4,worm
7610,Gastronomia,4,Gastronomy
7677,Bahia,4,Bahia
7681,Salvador,4,Salvador
7866,barcelona,4,barcelona
7900,estación norte,4,north station
7941,senderisme,4,hiking
8072,Dangerous,4,Dangerous
8194,centro,4,center
8210,garoa,4,time
8243,yokoham,4,yokoham
2902,pizza,3,pizza
4712,ponteggi,3,scaffolding
4816,courtyard,3,courtyard
4871,presidi sanitari,3,health facilities
4966,cosas raras,3,strange things
4981,Rampa,3,Ramp
4989,Barrera,3,Barrera
4993,Angelito de perrita,3,little dog angel
5000,niños correteando,3,children running around
5010,Acera a ras,3,sidewalk level
5062,Büro,3,Office
5068,Berlinische Galerie,3,Berlin Gallery
5070,Travel,3,Travel
5082,Postfuhramt,3,Post office
5112,Museumsinsel,3,Museum Island
5139,fences,3,fences
5141,experience,3,experience
5165,Stelenfeld,3,Stelenfeld
5174,Freunde,3,Friends
5184,playing fields,3,playing fields
5229,Piscinas,3,Swimming pools
5295,Alameda,3,Alameda
5329,catedral,3,cathedral
5392,padiglione catalano,3,Catalan pavilion
5402,Santiago de Compostela,3,Santiago de Compostela
5526,Bank pkobp rynek,3,Bank pkobp market
5565,klub,3,club
5587,Książki,3,Books
5740,Libreria,3,Bookshelf
5769,Appetitoso,3,Appetizing
5829,Colori,3,Colors
5874,santa Marta,3,Saint Martha
5877,Parco giochi,3,Playground
5878,basket,3,basket
5882,passaggio,3,ride
5886,calle stretta,3,narrow street
5898,Multidirezionale,3,Multidirectional
5942,Barca,3,Barca
5978,portale,3,portal
6019,pasticceria,3,pastry shop
6099,scuole,3,schools
6158,Squero,3,Squero
6189,entrata,3,entrance
6198,viale,3,avenue
6206,vuoto,3,empty
6221,abbandono,3,abandonment
6249,fruttivendoli,3,greengrocers
6280,osteria,3,osteria
6312,fortuny,3,fortune
6344,Gelato,3,Ice-cream
6366,divertimento,3,fun
6403,People Mover,3,People Mover
6483,Darsena,3,Darsena
6631,padiglione,3,pavilion
6649,pluja,3,rain
6678,túneles,3,tunnels
6813,concierto,3,concert
6834,Bullicio,3,Bustle
6863,l'horta,3,l'horta
6901,sombra,3,sombra
6954,sonora,3,sonora
7008,plaza de toros,3,bullring
7027,Nazaret,3,Nazareth
7040,La Roqueta,3,La Roqueta
7143,Deus,3,Deus
7161,feira livre,3,free market
7173,dorinanowill,3,dorinanowill
7197,ônibus,3,bus
7217,Vale do Anhangabau,3,Anhangabau Valley
7243,paulo,3,paulo
7250,acesso,3,access
7260,Vergueiro,3,Vergueiro
7261,bengala,3,Bengal
7314,Alex Flemming,3,Alex Flemming
7348,Hospital Santa Catarina,3,Santa Catarina Hospital
7430,casa,3,casa
7465,fotografia,3,photograph
7497,associação cadevi,3,cadevi association
7587,falta de acessibilidade,3,lack of accessibility
7598,GCM,3,GCM
7612,Barra Funda,3,Barra Funda
7632,morango,3,strawberry
7636,Museu,3,Museum
7639,arte contemporânea,3,contemporary art
7664,exposição,3,exhibition
7666,Sesc,3,Sesc
7758,trilha,3,trail
7762,Museu do folclore,3,Folklore Museum
7883,Street,3,Street
7893,Calle peatonal,3,Pedestrian street
7898,Camino,3,Camino
7915,Semàfor sonor,3,sound traffic light
7943,ruta,3,ruta
7950,Pont,3,Pont
7959,Cerdanya,3,Cerdanya
7978,primer tram,3,first tram
7991,Vall del corb,3,Raven Valley
7993,Vinyes,3,vines
8022,postal sonora,3,sound postcard
8211,anos,3,years
8221,hier,3,here
4671,ciottoli,2,pebbles
4716,segnaletica,2,signage
4717,motorini,2,engine
4728,medici,2,medici
4775,catene,2,chains
4793,stalls,2,stalls
4809,MECO,2,MECO
4817,Italian forum,2,Italian forum
4836,hhome,2,hhome
4860,pilastro dissuasore,2,deterrent pillar
4864,aspettare,2,wait
4946,Domingo,2,Domingo
4959,Cocas,2,cokes
4974,Trabajo,2,Job
4976,Cajas de fruta,2,fruit boxes
4979,parada bus,2,bus stop
5051,Ping-pong,2,Ping-pong
5059,BB9,2,BB9
5067,Liegestühle,2,Deck chairs
5074,Bier,2,Bier
5088,Polizei,2,police
5097,ABSV,2,ABSV
5105,defekt,2,defect
5107,fehlende taktile Pflasterung,2,lack of tactile paving
5109,Kreuzung,2,Crossing
5127,cinemas,2,cinemas
5149,violin,2,violin
5164,Brandenburger Tor,2,Brandenburg Gate
5171,üben,2,practice
5175,selfies,2,selfies
5193,Water pump,2,Water pump
5208,Vorstellung,2,Performance
5220,Galway,2,Galway
5221,NCBI,2,NCBI
5233,Antoni Abad,2,Antoni Abad
5237,Lagoa,2,Pond
5290,Educacion,2,Education
5308,Colegio,2,School
5309,Pedras,2,Stones
5310,Cabina telefo,2,Cabin phone
5315,CORREOS,2,CORREOS
5320,casco vello,2,hair helmet
5338,Parada taxi,2,taxi stop
5353,agua potable,2,drinking water
5372,Info generica,2,Generic info
5376,Bereich Lebensmittel,2,Food area
5380,Calor,2,Heat
5383,Narrow street,2,Narrow street
5407,Brakprzejscia,2,No transition
5417,Dziura w chodniku,2,Hole in the sidewalk
5422,Powitanie,2,Welcome
5426,Polski Związek Niewidomych,2,Polish Association of the Blind
5455,Kameleon,2,Chameleon
5491,Rekreacja,2,Recreation
5501,Biedronka,2,Ladybird
5531,makieta,2,model
5534,Placki,2,Pies
5578,Piano,2,Piano
5592,Kiosk,2,Kiosk
5595,Lody,2,Ice-cream
5609,Szumiąca zagadka,2,A humming puzzle
5637,supermarkety,2,supermarkets
5640,Dworzec glowny,2,Main station
5649,,2,
5659,Drum,2,Drum
5660,silence,2,silence
5661,gretapower,2,gretapower
5667,prosecco,2,prosecco
5696,ponte di Calatrava,2,Calatrava bridge
5697,Piazzale Roma,2,Piazzale Roma
5741,acqualta,2,acqualt
5743,magia,2,magic
5761,San Marco,2,San Marco
5772,Guggenheim,2,Guggenheim
5801,fondaco tedeschi,2,German warehouse
5808,Giocattoli,2,Toys
5859,laguna,2,laguna
5862,Carcere,2,Prison
5866,Rialto,2,Rialto
5881,buio,2,dark
5905,foresta,2,forest
5906,nightinvenice,2,nightinvenice
5921,statue,2,statue
5924,Arsenale,2,Arsenal
5929,Affollamento,2,Crowding
5955,Cantiere,2,Worksite
5956,tradizione,2,tradition
5971,pesce,2,pesce
5972,Aaudiolibro,2,Aaudiolibro
6048,modellino edificio,2,building model
6052,andanes,2,platforms
6057,Locali,2,Local
6059,Edicola,2,News kiosk
6088,inferriata,2,railing
6095,scuola san rocco,2,San Rocco school
6104,frari,2,frari
6105,san polo,2,san polo
6119,poesia,2,poetry
6122,tavoli,2,tables
6124,accesso disabili,2,disabled access
6133,riva,2,riva
6153,targhe,2,license plates
6166,rocco,2,rocco
6174,Passerella,2,Catwalk
6193,informazioni,2,information
6197,Riposo,2,Rest
6199,giostre,2,rides
6209,tombini,2,manholes
6212,Partigiane,2,Partisans
6214,parcheggio,2,parking
6259,navi,2,navi
6270,Sete,2,Seven
6272,studenti,2,students
6281,spritz,2,spritz
6309,donne,2,donne
6322,palazzi,2,buildings
6332,Giobbe,2,Job
6337,sinagoga,2,synagogue
6339,panificio,2,bakery
6343,artigianato,2,craftsmanship
6354,Movimento,2,Movement
6372,Aigua,2,water
6373,soroll,2,noise
6376,pizzeria,2,pizzeria
6378,corte,2,court
6394,Parcheggi,2,Parking
6418,Ostello,2,Hostel
6425,venetians,2,venetians
6447,Lido,2,Lido
6449,piscina,2,pool
6459,campo da tennis,2,tennis court
6465,s.Elena,2,s.Elena
6489,Utilities,2,Utilities
6521,Oficina,2,Office
6528,souvenir,2,souvenir
6533,supermercato,2,supermarket
6540,Casinò,2,Casino
6545,Descrizione ambientale,2,Environmental description
6551,Spiagge,2,Beaches
6603,Ortsbeschreibung,2,Location description
6607,família,2,family
6618,Olafur Eliasson,2,Olafur Eliasson
6619,Green Light,2,Green Light
6632,Venezuela,2,Venezuela
6636,paesi nordici,2,Nordic countries
6648,tempesta,2,storm
6651,Festa,2,Party
6653,documenta,2,documenta
6655,Concerto,2,Concerto
6667,rosa,2,rosa
6676,pendientes,2,earrings
6685,texturas,2,textures
6710,incivico,2,uncivic
6721,Plantas,2,Plants
6724,Amores,2,Loves
6747,Moscowneversleeps,2,Moscowneversleeps
6749,Center of the travelers,2,Center of the travelers
6783,fauna,2,fauna
6820,Cantar,2,Sing
6826,detalles urbanos,2,urban details
6829,cauce,2,channel
6862,Picanya,2,Picanya
6876,Horno,2,Oven
6902,sabores,2,flavors
6923,Tranquilidad,2,Tranquillity
6924,Palomas,2,Pigeons
6928,mirlos,2,blackbirds
6931,arena,2,arena
6932,música callejera,2,street music
6947,voz,2,voice
6949,espectaculo,2,show
6950,mercat,2,market
6952,entrevista,2,interview
6959,pintura,2,paint
6964,juegos,2,games
7005,navegando,2,browsing
7009,segunda parte,2,second part
7024,Aroma,2,Aroma
7025,césped,2,grass
7077,Torres Quart,2,Torres Quart
7082,La primera Once de Valencia,2,The first Valencia XI
7083,Churros,2,Churros
7170,São Paulo,2,São Paulo
7188,Dorina Nowill,2,Dorina Nowill
7201,Arquitetura,2,Architecture
7208,vivência,2,experience
7209,Rosewood,2,Rosewood
7210,Cidade Matarazzo,2,City Matarazzo
7214,Pão de queijo,2,Cheese bread
7244,Centro cultural,2,Cultural center
7249,instituto magnus,2,a great institution
7274,piso tátil do lado direito,2,tactile floor on the right
7275,piso,2,piso
7311,ensaio,2,rehearsal
7343,#,2,
7350,blindwikibr,2,blindwikibr
7354,Roselene,2,Roselene
7364,Bispo do Rosário,2,Bishop of Rosario
7409,Shopping cidade São Paulo,2,Shopping city São Paulo
7420,Mequi 1000,2,Mequi 1000
7435,Agradecimento,2,Thanks
7445,Instituto Moreira Salles,2,Moreira Salles Institute
7449,cantando e encantando,2,singing and enchanting
7450,comércio ambulante,2,street trading
7454,diversidade na Paulista,2,diversity in Paulista
7458,artesanato na Paulista,2,crafts in Paulista
7459,artista de rua,2,street artist
7466,Moreira Salles,2,Moreira Salles
7476,árvores,2,trees
7485,lixo,2,trash
7491,Asac,2,Assoc
7523,pessoas,2,people
7524,buracos,2,holes
7549,faculdade Oswaldo Cruz,2,Oswaldo Cruz College
7553,superação,2,resilience
7564,Calçada,2,Sidewalk
7602,Memorial America Latina,2,Memorial America Latina
7609,Rua Camaragibe,2,Camaragibe Street
7634,Rota Sorocaba,2,Sorocaba Route
7663,Sesc Sorocaba,2,Sesc Sorocaba
7665,Carolina Maria,2,Carolina Maria
7668,sp,2,sp
7683,Eodoviaria,2,Eodoviaria
7712,Rota,2,Rota
7724,Depoimento,2,Testimonial
7734,Olhar diferente,2,Different look
7745,Taste festival,2,Taste festival
7754,Basalto,2,Basalt
7787,nascente,2,spring
7838,Gostosuras,2,Treats
7843,Sustentabilidade,2,Sustainability
7851,Novo servidor,2,New server
7869,reivindicar,2,claim
7897,autobuses,2,bus
7905,Arc de triomph,2,Arc de triomph
7920,paissatge sonor,2,sound landscape
7937,parcs,2,parks
7940,Camí,2,road
7946,atenció,2,attention
7949,elements urbans,2,urban elements
7954,element tàctil,2,touch element
7956,riu,2,riu
7957,muntanya,2,mountain
7961,Random,2,random
7967,panell informatiu,2,information panel
7969,Església de Rigolisa,2,Church of Rigolisa
7981,cavalls,2,horses
7983,sons,2,sons
7994,Mas Fogonussa,2,But Fogonussa
8010,Parc de l’oreneta,2,Oreneta park
8016,Tàrrega,2,load
8018,Monestir de Pedralbes,2,Monastery of Pedralbes
8039,hello,2,hello
8045,well,2,well
8050,ambient,2,ambient
8087,Road,2,Road
8094,Walk,2,Walk
8100,obstacle,2,obstacle
8136,corrego,2,I run
8160,parte,2,part
8163,campiello,2,campiello
8164,fontana,2,fontana
8176,ocells,2,birds
8205,cascades,2,cascades
8241,pati interior,2,to suffer inwardly
8242,terraza,2,terrace
1754,prova,1,trial
2916,obj.casa,1,obj.casa
4619,accademia,1,accademia
4677,mappe,1,maps
4805,plans,1,plans
4811,Indian restaurant,1,Indian restaurant
4813,Garden pub,1,Garden pub
4814,outdoors,1,outdoors
4821,Italian restaurant,1,Italian restaurant
4823,exercise,1,exercise
4824,Irish pub,1,Irish pub
4827,inconveniences,1,inconveniences
4835,Indian Pakistani restaurant,1,Indian Pakistani restaurant
4837,very manly,1,very manly
4839,ferwharf,1,ferwharf
4840,helpful staff,1,helpful staff
4841,walking exercise,1,walking exercise
4842,fantastic pub food,1,fantastic pub food
4843,exercisey,1,exercisey
4844,laundromat,1,laundromat
4846,support group,1,support group
4868,antest,1,antecedent
4870,me non sa,1,I don't know
4948,Probeta,1,Test tube
4949,En el eacc,1,in the eacc
4952,cosas,1,things
4957,nubes,1,clouds
4960,pan de leña,1,wood bread
4961,bollería,1,pastries
4963,Descripcion,1,Description
4965,recinto de ferias,1,fairground
4971,Ayuda,1,Aid
4980,bordillos,1,curbs
4986,Terra,1,Terra
4991,Relax sin coffee,1,Relax sin coffee
4992,chica grey,1,chica grey
4994,Armarios,1,Wardrobes
4999,encima de la acera,1,above the sidewalk
5005,máquina expendedora,1,vending machine
5006,largo,1,largo
5007,muchos metros,1,many meters
5008,corte ingles,1,english court
5009,parque ribalta,1,limelight park
5017,Cañón,1,Canon
5018,rubia,1,blonde
5030,Wifi,1,Wifi
5050,Exhibition,1,Exhibition
5055,anfassen,1,touch
5058,faces,1,faces
5060,Ferry,1,Ferry
5065,Gurke,1,Cucumber
5069,Wurm,1,Wurm
5071,geheim,1,secret
5076,Grill,1,Grill
5077,Aufnahme,1,Recording
5078,willkommen,1,welcome
5084,Tacheles,1,Tacheles
5086,squat,1,squat
5089,best,1,best
5090,Wasserturm,1,Water tower
5091,springen,1,jump
5093,MIDI,1,MIDI
5095,Klanginstallation,1,Sound installation
5096,Treppenhaus,1,Staircase
5098,meeting,1,meeting
5099,supermarket,1,supermarket
5108,campus,1,campus
5111,Tastmodell,1,Tastmodell
5113,Flohmarkt,1,Flea market
5116,Holz,1,Holz
5117,Empfehlung,1,Recommendation
5123,cultural centers,1,cultural centers
5128,performances,1,performances
5129,pedestrian crossings,1,pedestrian crossings
5130,university campus,1,university campus
5131,audio guides,1,audio guides
5132,Seitenstraße,1,Side street
5134,akustisches Signal,1,acoustic signal
5135,Hähnchen,1,chicken
5136,Brandenburgertor,1,Brandenburgertor
5146,Denke mal,1,Think about it
5147,Tiergarten,1,Zoo
5151,Reichstag,1,Reichstag
5154,Spree,1,Spree
5155,Street crossing,1,Street crossing
5160,ruhig,1,quiet
5162,Verschwörungstheorie,1,Conspiracy theory
5163,Friedenslauf,1,Peace Run
5169,Hoffnung,1,Hope
5172,nervig,1,annoying
5176,Raben,1,Raben
5177,Kastanienallee,1,Chestnut Avenue
5179,Berlin Wall,1,Berlin Wall
5180,Saxophone,1,Saxophone
5185,Bakery,1,Bakery
5187,Balzer,1,Balzer
5188,Cul-de-sac,1,Dead end
5189,oasis,1,oasis
5191,Einkaufen in Berlin,1,Shopping in Berlin
5192,backyard,1,backyard
5194,no drinking water,1,no drinking water
5195,Öffentlicher Raum,1,Public space
5197,Anezettelt,1,Anezettelt
5198,Strandbad Mitte,1,Central lido
5199,Springbrunnen,1,fountain
5200,französische Botschaft,1,French embassy
5201,Pariser Platz,1,Paris Square
5202,Lärm,1,Noise
5203,Stille,1,Quiet
5204,Holocaust Denkmal,1,Holocaust Denkmal
5206,Veranstaltungen,1,Events
5207,Michael Jackson,1,Michael Jackson
5209,Hohenschönhausen,1,Hohenschönhausen
5210,Jail,1,Jail
5211,blind guided tour,1,blind guided tour
5212,helmut,1,helmut
5214,moin,1,moin
5215,BSBH,1,Bsbh
5216,blind,1,blind
5217,sehbehindert,1,visually impaired
5218,blindenselbsthilfe,1,blind self-help
5219,Beratung,1,Advice
5222,First,1,First
5223,i m on Market Square,1,i m on Market Square
5230,Compostela,1,Compostela
5232,Gaiteiro,1,Gaiteiro
5239,balea,1,the whale
5240,Milladoiro,1,milladoiro
5241,Ames,1,Ames
5246,ONCE,1,ONCE
5248,Oficina tráfico,1,Traffic workshop
5251,Fochanca,1,Fochanca
5254,paso,1,paso
5255,Fotocopias,1,Photocopies
5257,servicios alumnado,1,student services
5258,Obras,1,Works
5260,Semáforos no sonoros,1,Non-sounding traffic lights
5262,Civus,1,A citizen
5264,matemáticas,1,mathematics
5266,Feuga,1,do it
5267,Escuela ingeniería,1,engineering school
5269,Mata ciegos,1,Kill the blind
5270,IA,1,IA
5271,Iiaa,1,Ia
5273,IIT,1,IIT
5274,rampa con peligro,1,dangerous ramp
5276,CACTUS,1,CACTUS
5277,TYC,1,TYC
5278,Imprenta,1,Printing
5280,OPUS,1,OPUS
5282,Pistas atletismo,1,Athletics tracks
5285,Precaución mami,1,Caution mommy
5286,Zona verde,1,green area
5291,Institutos,1,Institutes
5294,Kioscos,1,Kiosks
5300,Semaforo sonoro,1,Sound traffic light
5302,Cerveceria,1,Brewery
5305,línea 5,1,line 5
5306,Igrexas,1,Churches
5311,Entrada inaccesible,1,Inaccessible entrance
5312,Supermercados,1,Supermarkets
5313,froiz,1,frozen
5319,Franco,1,Franco
5322,Xamon,1,Hamon
5323,buenjamon,1,goodjamon
5324,merenda,1,snack
5325,RECORDOS,1,MEMORIES
5326,tradicional,1,traditional
5328,Plataformas,1,Platforms
5330,hostal,1,hostel
5331,con cello,1,with cello
5333,Obradoiro,1,workshop
5335,Tabernas,1,Taverns
5336,convento,1,convent
5340,santa lucia,1,holy lucia
5341,peregrinos,1,pilgrims
5342,Ferias,1,Fairs
5343,San Martín Pinario,1,San Martin Pinario
5344,Claustro,1,Cloister
5345,Acceso minusvalidos,1,Disabled access
5347,Casa da Troia,1,House of Troy
5352,descanso,1,rest
5358,Portales,1,Portals
5359,Obras finalizada,1,Works completed
5361,Verán,1,summer
5362,Plazos discapacitados,1,Disabled deadlines
5364,Aldeas,1,Villages
5371,ein,1,a
5373,strand,1,strand
5374,Italian,1,Italian
5375,extertal,1,extertal
5377,Drogerie Markt,1,Drugstore market
5378,tapeten,1,the wallpaper
5381,Sightseeing,1,Sightseeing
5382,Info generali,1,General info
5384,Fitness,1,Fitness
5385,Recomendado para visitar,1,Recommended to visit
5390,Cartello,1,Sign
5393,Totem,1,Totem
5404,Halo,1,Halo
5409,Ogromny kot,1,A huge cat
5411,podwórko,1,backyard
5413,Wiersz na murze,1,A poem on the wall
5414,duze skrzyzowanie,1,big intersection
5415,Wąski chodnik,1,Narrow sidewalk
5416,udźwiękowione,1,voiced
5418,Kirche,1,Church
5419,church,1,church
5420,église,1,church
5423,Witam Tadeusz,1,Hello Tadeusz
5424,Tomek,1,Tomek
5427,Zamieszkuje Iza Dawidowicz,1,Iza Dawidowicz lives here
5429,Gródek,1,Gródek
5430,Szukamy internetu,1,We are looking for the Internet
5432,Muchomory,1,Muchomory
5433,grzyby,1,mushrooms
5434,Boisko,1,Field
5435,sztuczna nawierzchnia,1,artificial surface
5436,Palarnia,1,Smoking room
5437,W kierunku centrum,1,Towards the center
5438,Dąb,1,Oak
5439,Laka,1,Laka Laka
5440,stadion,1,stadium
5443,hałas,1,noise
5444,duży ruch,1,heavy traffic
5445,skrzyżowanie,1,intersection
5446,Granie na trawie,1,Playing on the grass
5447,Przychodnia Pulsantis,1,Pulsantis Clinic
5448,Hala Targowa,1,Market Hall
5452,funlife,1,funlife
5453,Szkolenie,1,Training
5454,Fontanna rynek,1,Market fountain
5458,Pregież rynek Wrocław,1,Pregież market square in Wrocław
5460,teraz,1,Now
5461,Schody do nikad,1,Stairs to Never
5462,Dobra,1,Good
5463,Plac strzelecki,1,Shooting square
5464,Spacer,1,Spacer
5465,Feniks,1,Phoenix
5467,Zus,1,Out
5468,Urząd miasta Wrocław,1,Wrocław City Hall
5469,Read them into croissant no shit I can hours if you,1,Read them into croissant no shit I can hours if you
5472,Wodka,1,vodka
5473,Jas i Malgosia,1,According to the Malgosia
5475,pasaż,1,passage
5478,Kino helios,1,Kino helios
5479,Chatka na jatkach,1,A hut on a shambles
5480,Witaminka rynek Wrocław,1,Vitaminka market in Wrocław
5481,kałuże,1,puddles
5484,zwiędłe kwiaty,1,withered flowers
5485,piękna zieleń,1,beautiful greenery
5486,Łucznicy,1,Archers
5487,ukryte schody,1,hidden stairs
5488,Turystyka,1,Tourism
5489,wyjście,1,Exit
5490,brak przejscia,1,no passage
5492,Zamek staw,1,Castle pond
5493,światła,1,lights
5494,tir,1,tir
5495,uwaga,1,Attention
5496,brak biedy,1,no poverty
5497,trawnik,1,lawn
5498,rośliny,1,plants
5499,Plac zabw,1,Safety square
5500,Stachu kontener dom,1,Stachu container house
5503,kaczki,1,ducks
5504,ryby,1,fish
5505,Błoto,1,Mud
5506,Antoni,1,Antoni
5507,Harmonijka,1,Harmonica
5508,cichy lowca,1,silent hunter
5509,pomost,1,bridge
5510,nie kąpiemy się,1,we don't bathe
5511,Grajek,1,Musician
5513,Cyganka,1,Cyganka
5514,jessica,1,jessica
5516,Piekarnia na Bema,1,Bakery on Bema Street
5517,PolishLody na Bema nie,1,EnglishNo ice cream on Bem
5520,Przychodnia na Pabianickiej,1,Clinic on Pabianicka Street
5521,Poczta na rynku,1,Post office in the market square
5524,Przychodnia PCZ Sienkiewicza58,1,PCZ Sienkiewicza clinic58
5525,Taxi,1,Taxi
5528,kolejka,1,queue
5529,zagadka,1,riddle
5537,Interview,1,Interview
5542,woda,1,water
5544,Valerian Dominikanska,1,Valerian Dominican
5546,dzieci,1,kids
5547,gołębie,1,squab
5550,galeria domikanska,1,galeria domikanska
5552,Brama Oławska,1,Oława Gate
5553,miniatury,1,miniatures
5555,Szum,1,Noise
5557,Pakunek,1,Package
5558,ziemią a drzewem,1,earth and tree
5559,Lodz,1,Lodz
5560,drobiowa watrobka,1,chicken liver
5563,Sat,1,Sat
5564,Winda,1,lost
5566,Gorące paczki,1,Hot packs
5567,Hotel Monopol,1,Hotel Monopol
5568,Opera wrocławska,1,Wrocław Opera
5569,Promenada Staromiejska,1,Promenade Staromiejska
5570,Narodowe Forum Muzyki,1,National Music Forum
5571,Muzeun,1,MUSEUM
5572,Restauracja jedzenie,1,Restaurant food
5573,Dworzec Główny PKP,1,Main Railway Station
5574,Dworzec PKS tymczasowy,1,Temporary bus station
5575,Zakład Wodociągów Nowa-Ruda,1,Nowa-Ruda Waterworks Plant
5576,BricoMarche Nowa-Ruda-Słupiec,1,BricoMarche Nowa-Ruda-Słupiec
5577,Mienice miejsce-na-ognisko,1,Mienice place-for-a-bonfire
5579,street musician,1,street musician
5580,Gwizdanie,1,Whistling
5581,poezja,1,poetry
5582,spotkania autorskie,1,author meetings
5583,Frytki,1,Fries
5586,Punkt spotkania,1,Meeting point
5588,Pieśniarze,1,Singers
5589,piosenka autorska,1,original song
5591,Meksyk,1,Mexico
5593,Galeria Dominikanska,1,Galeria Dominicana
5594,Tosty,1,Toast
5596,rurki,1,tubes
5597,lodziarnia,1,ice cream shop
5598,lato,1,lato
5601,Urząd miasta,1,City Hall
5603,Bar witek,1,Bar witek
5604,Księgarnia,1,Bookstore
5606,Przystań,1,Harbor
5607,Most zakochanych,1,Bridge of lovers
5608,Centrum wolontariatu,1,Volunteer center
5611,Kantor,1,Kantor
5612,tanio,1,cheaply
5613,restauracja,1,restaurant
5615,Kalambur,1,Kalambur
5616,Impreza,1,Impreza
5617,srodmiescie,1,downtown
5618,pozdrawiam,1,Regards
5620,sueño,1,dream
5623,kroki,1,steps
5624,kamien,1,Kamien
5625,cumowanie,1,mooring
5626,Xawery Dunikowski,1,Xawery Dunikowski
5628,Wzgorze polski,1,Polish hill
5629,Rzezby ptaki,1,Bird sculptures
5630,Muzeum,1,Museum
5631,bluszcz,1,ivy
5632,Dab wolnosci,1,Freedom oak
5633,Przejscie przez ulice,1,Crossing the streets
5634,Kamiennogórska,1,Kamienna Góra
5635,Pasy,1,Belts
5636,dobiegniew,1,dobiegniew
5638,atrakcje,1,attractions
5639,galerie sztuki,1,art galleries
5641,Konferencja,1,Conference
5642,plac Dominikański,1,Dominikański Square
5643,kościół św. Wojciecha,1,church of st. Wojciech
5645,Tag inicial,1,Home Tag
5646,disaster,1,disaster
5657,enregistrament,1,recording
5662,Edifici històric,1,Historic building
5663,Presentació,1,presentation
5664,quickoff,1,quickoff
5668,salablu,1,salablu
5674,mapatactil,1,touchable
5675,wayfindin,1,wayfindin
5680,Pescivendolo,1,Fishmonger
5682,Gruppo anziani,1,Elderly group
5683,Fonderia,1,Foundry
5684,bronzo,1,bronze
5687,devozione,1,devotion
5688,religione,1,religion
5691,seconda guerra mondiale,1,Second World War
5693,Sfollati di Pola,1,Displaced people from Pula
5694,caserma,1,barracks
5700,Battello 5,1,Boat 5
5701,linee guida,1,guidelines
5704,pescado,1,fish
5705,verduras,1,vegetables
5706,Ca' Dario,1,Ca' Dario
5708,poeti,1,poets
5709,Punta Dogana,1,Punta Customs
5710,paesaggi,1,landscapes
5711,orizzonti,1,horizons
5715,Wykop,1,Excavation
5716,Mori,1,Mori
5717,rioba,1,rioba
5721,Casa del Tintoretto,1,Tintoretto's house
5724,porticato,1,porch
5746,Cassette postali,1,Mailboxes
5749,querini stampalia,1,querini stampalia
5751,Libreria acqua alta,1,High water library
5757,multietnicità,1,multiethnicity
5758,Pianoforte,1,Pianoforte
5765,puzza,1,stink
5774,tristezza,1,sadness
5778,Puro,1,Pure
5779,peste,1,fish
5780,tabaco,1,tobacco
5782,Villa Heriot,1,Villa Heriot
5783,Centri civici,1,Civic centers
5784,Rio terrà,1,Rio will hold
5785,Percorso tattile,1,Tactile path
5790,organo,1,organo
5794,corde,1,rope
5796,bagni publici,1,public baths
5797,follia,1,follia
5803,eliche,1,propellers
5805,percorsi tattili inaccessibili,1,inaccessible tactile paths
5809,Santuario,1,Sanctuary
5810,tazzine,1,cups
5811,campanello,1,doorbell
5812,giocattolo,1,toy
5813,spostarsi,1,move
5815,vetrina,1,dispay window
5816,Gondolieri,1,Gondolieri
5818,Borse,1,Purses
5819,cuoio,1,leather
5820,Provare,1,Try
5821,Impressioni,1,Impressions
5822,Salmastro,1,Salty
5825,Parrucca,1,Wig
5826,microfono,1,microphone
5827,peloso,1,hairy
5828,ospedalw,1,hospitalw
5830,Antony,1,Antony
5832,Leggenda,1,Legend
5833,leggenda veneziana,1,Venetian legend
5834,venezia oscura,1,dark Venice
5835,Serenissima,1,Very serene
5837,conzafelsi,1,conzafelsi
5838,scuola di San Marco,1,San Marco school
5842,portone,1,door
5846,bellezza,1,beauty
5847,Hare Krishna,1,Hare Krishna
5848,danze,1,dances
5849,Gressan,1,Gressan
5853,Ferrovvia,1,Railway
5857,carrello,1,cart
5858,conad,1,conad
5860,Posizione,1,Position
5865,dialetto,1,dialect
5867,ambulanti,1,clinics
5868,Area di sosta,1,Rest area
5869,San Giacometo,1,Saint James
5871,punto di interesse,1,point of interest
5872,guerra,1,guerra
5873,memorie,1,memory
5889,glicine,1,wisteria
5891,marin faliero,1,marin faliero
5892,colleoni,1,colleoni
5893,Battello 4.1,1,Boat 4.1
5895,passerelle,1,gateway
5896,Foto,1,Photo
5897,Bottega.forcole.remi#,1,Shop.forcole.remi#
5899,station,1,station
5910,Antiquariato,1,Antiques
5911,terrazze,1,terraces
5918,ringhiera,1,railing
5923,Corderie,1,Ropemaking
5928,cautelat,1,cautions
5931,trolley,1,trolley
5935,materiale,1,material
5939,strada nuova,1,new road
5943,Frenesia,1,Frenzy
5944,accenti,1,accents
5945,Monopattino,1,Scooter
5946,Soffritto,1,Fried
5947,fegato,1,liver
5948,Auditorium,1,Auditorium
5950,Canto,1,Canto
5952,Progetto blind.wiki,1,blind.wiki project
5953,Laguna sud,1,South lagoon
5957,Cantieri,1,Construction sites
5958,Varo,1,Precautionary
5961,fiera,1,fair
5966,Rialto mercato,1,Rialto market
5976,colombi,1,pigeons
5979,bucato,1,laundry
5982,ponti multidirezionali,1,multidirectional bridges
5983,Museo della music,1,Music Museum
5986,benvenuti,1,welcome
5987,Porta arsenale,1,Arsenal door
5988,suono campane,1,I ring bells
5989,sculture in rilievo,1,relief sculptures
5995,gondola col tetto,1,gondola with roof
5996,gondole,1,gondola
5999,pericolo mella strada,1,danger on the road
6001,angolo,1,corner
6002,scultura tattile,1,tactile sculpture
6003,odore di fritto,1,fried smell
6004,bambino urlante,1,screaming child
6005,prima,1,prima
6006,Campanella,1,Campanella
6007,duomo,1,duomo
6008,murano,1,murano
6009,Vociare,1,Voicing
6010,Osmiza,1,osmiza
6011,serata primaverile,1,spring evening
6013,Nova versio,1,New version
6014,associazione,1,association
6015,uici,1,uici
6020,pasticcerie,1,pastry shops
6021,Parapetto,1,Parapet
6022,Fiori,1,Fiori
6023,fiorai,1,florists
6024,fonrana,1,face
6029,Decorazioni,1,Decorations
6031,iscrizione,1,registration
6032,chiesa dei frari,1,Frari church
6036,San tomà,1,San Tomà
6037,percorso pedotattile,1,pedotactile path
6040,biblioteca tolentini,1,Tolentini library
6047,sanrocco,1,sanrocco
6053,curve,1,curve
6054,Trave sollevata,1,Beam raised
6056,Bracarizi,1,Hugs
6060,vita notturna,1,nightlife
6062,terrazze esterne,1,outdoor terraces
6064,noia,1,noia
6065,attese,1,waits
6066,Canti,1,You sing
6067,gruppo,1,group
6070,ferro,1,ferro
6071,scalino,1,step
6072,silenzi,1,silences
6073,calli vuote,1,empty calluses
6074,parallele,1,parallel
6075,pipì,1,pee
6078,sedie,1,seats
6080,Direzioni,1,Directions
6083,san pantalon,1,where is pants
6084,porte,1,porte
6089,lampioni,1,street lamps
6091,oggetti,1,objects
6092,abbandonati,1,abandoned
6094,ombra,1,shadow
6096,Cestino,1,Basket
6097,lampione,1,street lamp
6098,Percorsi,1,Routes
6100,vetrine,1,shop windows
6101,ambiguità,1,ambiguity
6102,fastidii,1,disgust
6106,estintore,1,Fire extinguisher
6107,riflessi,1,reflexes
6108,Multi direzionali,1,Multi directional
6110,san agostin,1,san agostin
6112,ristorante due colonne,1,two column restaurant
6115,Vintage shop,1,Vintage shop
6117,Architetture,1,Architectures
6118,Locanda Fiore,1,Locanda Fiore
6120,Carabinieri,1,Carabinieri
6123,Telefoni,1,Telephone
6127,Tattili,1,Tactile
6129,Storie,1,Stories
6132,multidirezionalità,1,multidirectionality
6134,barriere,1,barriers
6135,Banche,1,Banks
6136,Moli,1,Lights
6140,Traghetto,1,Ferry
6142,Porticati,1,Porticoes
6146,visivo,1,visual
6149,studio di tatuaggi,1,tattoo studio
6150,ronzio,1,buzz
6151,macchinetta,1,machine
6156,lamenti,1,moans
6161,muretto,1,wall
6162,carrers per tothom,1,streets for everyone
6165,basilica frari,1,frari basilica
6167,Stazione biglietteria,1,Ticket station
6169,Palazzo Mocenigo,1,Mocenigo Palace
6170,basilica,1,basilica
6171,loggia dei cavalli,1,horse lodge
6172,motosega,1,chainsaw
6176,Coffee breakfast bar,1,Coffee breakfast bar
6178,university,1,university
6181,song,1,song
6182,nothing special,1,nothing special
6183,but good,1,but good
6184,car,1,car
6185,radio,1,radio
6186,yaas,1,yes
6187,riva degli schiavoni,1,Riva degli Schiavoni
6190,Chill,1,Chill
6191,giardini viale panchine,1,gardens avenue benches
6192,orari,1,times
6194,Vedute,1,Views
6200,spazi verdi,1,green spaces
6202,barriera,1,barrier
6203,Spiazzo verde,1,Green clearing
6204,cestini,1,baskets
6205,Cane,1,Cane
6213,veneto,1,veneto
6215,corte interna,1,internal cut
6220,morta,1,dead
6225,tavoli esterni,1,outdoor tables
6227,serre,1,tight
6229,balaustra,1,balustrade
6230,Farmacie,1,Pharmacy
6232,pericolo altezza,1,height danger
6233,pericolo acqua 10 metri,1,water danger 10 meters
6234,assesorato,1,assessor
6235,comune Venezia,1,municipality of Venice
6236,balconcino,1,balcony
6238,madonna,1,madonna
6239,altarino,1,altar
6241,muro mattoni,1,brick wall
6245,creazioni,1,creations
6246,umano,1,allegedly
6251,istituti,1,institutes
6254,CaFoscari,1,CaFoscari
6257,pozzo al centro,1,well in the center
6260,merci,1,merci
6261,cancello,1,gate
6264,pranzo,1,lunch
6269,folla,1,folla
6271,sicurezze,1,securities
6273,sede di ca' foscari,1,headquarters of Ca' Foscari
6274,liceo classico,1,classical high school
6278,attenzione scalini,1,be careful of the steps
6279,Cicchetti,1,Cicchetti
6282,museo ca' rezzonico,1,ca' rezzonico museum
6284,Muretti,1,Walls
6286,S.Barnaba,1,S. Barnabas
6289,Telefono,1,Telephone
6290,telefono pubblico,1,public telephone
6291,tasti,1,keys
6292,anni 90,1,90s
6293,Toletta,1,Toilet
6296,dolci,1,sweets
6297,take away,1,take away
6298,giocare,1,play
6300,rio nuovo,1,new river
6301,dorsoduro,1,hardback
6302,san barnaba,1,Saint Barnaba
6304,verde,1,verde
6305,foglie,1,leaves
6306,San Geremia,1,Saint Jeremiah
6307,Skyline,1,Skyline
6310,san benetto,1,Saint Benedict
6311,Palazzo,1,Palazzo
6313,sanbenetto,1,sanbenetto
6314,santo stefano,1,Boxing Day
6318,conservatorio,1,conservatory
6319,Rio terà,1,Rio will be
6320,ramo,1,branch
6321,Periferia,1,Outskirts
6323,pisani,1,pisani
6325,Tags,1,Tags
6327,randomtag,1,random tag
6328,addedtag,1,addedtag
6330,Spazio verde,1,Green space
6333,confine,1,confine
6334,pittoresco,1,picturesque
6335,vita quotidiana,1,daily life
6336,Forni,1,Ovens
6338,info,1,info
6345,Restauro,1,Restoration
6347,Fontadamenta,1,foundation
6349,fondazione,1,foundation
6350,Dornbusch,1,Dornbusch
6351,Bäckerei,1,bakery
6352,HessischerRundfunk,1,HessischerRundfunk
6353,HR,1,HR
6355,veneziani,1,Venetians
6356,Garibaldi,1,Garibaldi
6357,tartarughe,1,turtles
6358,Erba fresca,1,Fresh grass
6359,erba tagliata,1,cut grass
6360,panni stesi,1,clothes hanging
6361,racconto,1,tale
6362,margherite,1,daisies
6363,burloni,1,pranksters
6364,mamme,1,mothers
6365,dolcezza,1,sweetness
6367,Scalea,1,Scalea
6370,hangdrum,1,hangdrum
6371,musicisti,1,musicians
6374,Illustrations,1,Illustrations
6375,esposizioni,1,exhibitions
6377,Crocefisso,1,Crucifix
6379,vino,1,vino
6380,dentista,1,dentist
6381,collegio,1,college
6382,concerti,1,concerts
6383,patronato,1,patronage
6384,facciata,1,facade
6385,Residenze,1,Residences
6386,camini,1,fireplaces
6387,copisteria,1,copy shop
6388,aule,1,classrooms
6389,Carceri,1,Prisons
6391,vertigini,1,dizziness
6392,Bimari,1,Illness
6393,Amicizie,1,Friendships
6395,passi,1,steps
6396,gatti,1,gatti
6397,deposito,1,deposit
6398,Area,1,Area
6400,vie alternative,1,vie alternative
6401,enoteche,1,wine bars
6402,pontile,1,pier
6404,Mestre,1,Teacher
6405,Arpa,1,Arpa
6407,Feltrinelli,1,Feltrinelli
6408,dischi,1,discs
6409,Isole,1,Islands
6412,TreOci ,1,TreOci
6414,Piscina sacca fisola,1,Fisola bag swimming pool
6415,Prato,1,Prato
6416,Prat,1,Prat
6417,Prado,1,Prado
6419,Camp de futbol,1,soccer camp
6420,daisy,1,daisy
6422,painting,1,painting
6423,Paintings,1,Paintings
6426,terrace,1,terrace
6427,leone,1,leone
6430,Boat,1,Boat
6431,sound,1,sound
6432,Building,1,Building
6433,colour,1,colour
6434,families,1,families
6435,children,1,children
6436,cat,1,cat
6437,Bow,1,Bow
6438,Venice,1,Venice
6439,Aperitivo,1,Aperitif
6440,feast,1,feast
6441,plague,1,plague
6442,Palladio,1,Palladio
6443,Labirinto,1,Maze
6444,perdersi,1,get lost
6445,fritto,1,fried
6446,pollini,1,pollen
6448,distanza,1,distance
6450,Bar carizzi,1,Nice bar
6454,svago,1,leisure
6455,Gufo,1,Owl
6456,Vw,1,Vw
6460,campo da basket,1,basketball court
6461,scivolo,1,slide
6462,altalena,1,swing
6463,panchina,1,bench
6467,militari,1,military
6468,erba alta,1,tall grass
6470,Cani,1,Dogs
6472,Ambienti notturni,1,Nocturnal environments
6473,Edificio,1,Building
6474,Stadio,1,Stadio
6475,Superfici,1,Surfaces
6476,Hotel San Elena,1,Hotel San Elena
6478,dormiente,1,sleeper
6479,attracco,1,docking
6480,first aid,1,first aid
6481,Kit pronto soccorso,1,First aid kit
6482,Navi da crociera,1,Cruise ships
6484,Porti,1,Ports
6485,Crociera,1,Cruise
6486,Disturbo,1,I disturb
6487,agevolazioni,1,concessions
6488,chiaro di luna,1,moonlight
6491,spazi,1,spaces
6492,Animali notturni,1,Nocturnal animals
6493,versi,1,version
6494,sacafisola,1,sacafisola
6496,sacca fisola,1,fisola bag
6497,tranquilla,1,Calm
6500,Ilton,1,Ilton
6501,mulino Stucchi,1,Stucchi mill
6502,Distributore,1,Distributor
6503,nave da crociera,1,cruise ship
6504,Chiostri,1,Cloisters
6506,Waterford Ireland River,1,Waterford Ireland River
6507,Attraversamento pedonale,1,Pedestrian crossing
6508,Pitura freska,1,Pitura fresco
6509,Furio,1,Fury
6510,reggae,1,reggae
6511,Magazzino,1,Warehouse
6512,San Basilio,1,San Basilio
6513,Hola,1,Hello
6515,tester,1,tester
6516,prova2,1,prova2
6517,disaster2,1,disaster2
6518,testeig,1,witness
6519,tag2,1,tags 2
6520,Prova abdroid,1,Prova abdroid
6522,WAV,1,WAV
6523,EditarTags,1,EditarTags
6524,Currywurst,1,Currywurst
6525,Pikant,1,Spicy
6526,Pinacoteca Ravenna,1,Ravenna Art Gallery
6527,Tolentini,1,Tolentini
6529,lavanderia,1,laundry
6530,cartolibreria,1,stationery bookshop
6531,tabaccaio,1,tobacconist
6534,Barbiere,1,Barber
6535,fast food,1,fast food
6536,affollato,1,crowded
6537,Svincolo,1,Release
6538,stucchi,1,stucco
6539,affreschi,1,frescoes
6541,dipinti,1,paintings
6544,attraversamento,1,crossing
6546,Sala,1,Sala
6547,Attraversamenti,1,Crossings
6548,percorsi podotattili,1,podotactile paths
6549,passaggio pedonale,1,pedestrian crossing
6550,siepi,1,hedges
6553,ombrelloni,1,umbrellas
6554,Money,1,Money
6555,Sentiero,1,Path
6556,Blue moon,1,Blue moon
6557,bagno,1,bath
6558,tribune,1,tribune
6559,gradoni,1,steps
6560,Defibrillatore,1,Defibrillator
6561,fermate,1,stops
6562,Grand Hotel Des Bains,1,Grand Hotel Des Bains
6563,Morte a Venezia,1,Death in Venice
6564,Death in Venice,1,Death in Venice
6565,Fermate autobus,1,Bus stops
6566,Paesaggio,1,Landscape
6567,rumore,1,noise
6568,onde,1,where
6569,Acquazzone,1,Downpour
6570,temporale estivo,1,summer storm
6571,riparo,1,shelter
6572,portici,1,porches
6573,gelateria,1,ice cream shop
6574,Mercatino,1,Market
6575,usato,1,used
6576,antiquario,1,antique dealer
6577,spese,1,expenses
6578,compere,1,shopping
6579,fisarmonica,1,accordion
6580,Posacenere,1,Ashtray
6581,sigaretta,1,cigarette
6582,cura,1,treatment
6583,Punta della Dogana,1,Punta della Dogana
6584,Gioco,1,Game
6585,serrature,1,locks
6587,bicchieri,1,glasses
6588,aperitivi,1,aperitifs
6589,fritto di mare,1,fried seafood
6590,stuzzichini,1,appetizers
6591,cioccolata,1,chocolate
6592,frittelle,1,fritters
6593,poste italiane,1,Italian post office
6594,alimentari,1,food
6595,tabacchino,1,tobacconist
6597,Aiuola,1,Flowerbed
6598,gioia,1,gioia
6599,doposcuola,1,after school
6600,piove,1,rains
6601,Espositori mobili,1,Mobile displays
6602,jw.org,1,jw.org
6604,Erfurt,1,Erfurt
6605,esplanada de gespa,1,gespa esplanade
6606,Isoloto,1,Isolate
6608,rio de malcanton,1,malcanton river
6609,Campiello mosca,1,Campiello fly
6610,erba,1,four
6611,piedra,1,piedra
6612,pasos,1,steps
6613,pavellonestadosunidos,1,united states pavilions
6614,Padiglionebelgio,1,Belgian Pavilion
6615,pavellon,1,pavellon
6616,eeuu,1,USA
6617,Padiglionecentrale,1,Central Pavilion
6620,pedres,1,stones
6621,eeuu>Israel,1,usa>Israel
6622,bookshop,1,bookshop
6623,gadget,1,gadget
6624,disabili,1,disabled
6625,Sassi,1,Stones
6626,suono,1,sound
6627,cammino,1,I walk
6628,percorribile,1,passable
6629,Israele,1,Israel
6630,Ristoro,1,Refreshment
6633,comunicato stampa,1,press release
6634,juan calzadilla,1,juan calzadilla
6635,disegni,1,drawings
6637,francia,1,France
6638,cemento,1,cement
6639,convivenza,1,coexistence
6640,rusian,1,Russian
6641,pavilion,1,pavilion
6642,safety,1,safety
6643,trieste,1,trieste
6644,vent,1,vent
6645,Carrer ample,1,wide street
6646,obres,1,works
6647,edificio historico,1,historic building
6650,table,1,table
6652,Ambientr sonoro,1,Sound atmosphere
6656,cicale,1,cicadas
6657,nit,1,nit
6658,Free Wi Fi,1,Free Wi Fi
6659,Helicopter,1,Helicopter
6660,Wassenberg,1,Wassenberg
6661,wohnzimmer,1,living room
6662,ausruhen,1,relax
6663,Fernsehen gucken,1,watch TV
6672,Muros de piedra,1,stone walls
6673,alambres,1,wires
6674,Caminos,1,Paths
6675,carreteras,1,roads
6677,socavones,1,sinkholes
6679,reverberación,1,reverberation
6681,Paso de cebra,1,Zebra crossing
6682,barandillas,1,railings
6683,Turbos metal,1,Turbos metal
6684,Muros,1,Walls
6688,rejas,1,bars
6689,路很小,1,The road is very small
6691,Aceras anchas,1,wide sidewalks
6692,很危險,1,很危險
6693,autos,1,autos
6694,車子多,1,車子多
6695,Aparcamientos,1,Parking
6696,路況,1,路況
6697,停車場，出入口,1,停車場，出入口
6700,Casa azul,1,blue house
6701,paredes,1,paredes
6702,Motos subiendo cuesta,1,Motorcycles going uphill
6711,hierro,1,hierro
6712,Ayuntamiento,1,City hall
6714,sonidos ambientes,1,ambient sounds
6716,peluquerías,1,hairdressers
6718,niñxs,1,niñxs
6719,Contenedores,1,Containers
6720,Tecturas,1,Roofs
6722,Farola,1,street lamp
6723,Reciclwta,1,Recycle
6725,Somos,1,We are
6726,Vidas,1,Lives
6729,Auguri,1,Congratulations
6731,Aldgate underground,1,Aldgate underground
6732,Minorías EC3,1,EC3 Minorities
6733,Tower Gateway DLR Station,1,Tower Gateway DLR Station
6734,Tower Gateway underground,1,Tower Gateway underground
6735,Great Tower Street,1,Great Tower Street
6736,Monument underground station,1,Monument underground station
6737,Frenchurch street,1,Frenchurch street
6738,Leadenhall market,1,Leadenhall market
6739,Liverpool Street Station,1,Liverpool Street Station
6740,Spitalfields market,1,Spitalfields market
6741,Petticoat lane,1,Petticoat lane
6742,Toynbee Hall,1,Toynbee Hall
6743,More London,1,More London
6745,hermitage,1,hermitage
6746,lectures,1,lectures
6750,german,1,german
6751,Bahnhof,1,Railroad station
6752,Zug,1,Zug
6753,Deutsch,1,Deutsch
6754,bühlstr,1,bühlstr
6755,crossing,1,crossing
6756,Rumor,1,Rumor
6757,Мы находимся так было тоже самое набирай раз-два-три раз-два-три,1,"We are here, it was the same thing, dial one-two-three one-two-three"
6758,Qwe,1,What
6759,Fondazione Benetton,1,Benetton Foundation
6760,Museum,1,Museum
6761,Berlin,1,Berlin
6762,Skulptur,1,Sculpture
6763,Altstadt,1,Old town
6768,嗯这有一个自行车,1,Well there's a bicycle
6782,Jardín botánico,1,Botanical garden
6791,aula,1,classroom
6800,tinglados,1,listen
6801,Atardecer,1,Sunset
6803,patinaje,1,skating
6805,banda,1,banda
6806,Cante,1,Sing
6807,flamenco,1,flamenco
6808,bulerías,1,bulerías
6811,Marina,1,Marina
6812,lloros,1,parrots
6815,Banderes,1,flags
6823,Les arenas,1,The sands
6831,susurros,1,whispers
6832,compañía,1,company
6836,Bienestar,1,Welfare
6837,pescaderia,1,fish market
6838,Agradable,1,Pleasant
6839,sensaciones,1,sensations
6841,amplitud,1,amplitude
6845,Tacto,1,Touch
6850,Zona de juegos,1,play area
6851,DrLluch,1,Drill
6852,Restos,1,Remains
6856,Campo de fútbol,1,soccer field
6858,escucha,1,listen
6864,Torrent,1,Torrent
6867,historia de Valencia,1,history of Valencia
6869,maquinaria,1,machinery
6871,salvado,1,bran
6872,Museo arroz,1,Rice Museum
6873,sonidos,1,sounds
6877,obrador,1,workshop
6878,coca de llanda,1,country cake
6880,Teatre el Musical,1,Musical Theater
6881,Guitarra,1,Guitar
6889,Helat,1,Helat
6891,veins,1,veins
6892,Veins associacio,1,Winds association
6893,Vains,1,Vain
6895,Escritor,1,Writer
6896,Museo Blasco Ibañez,1,Blasco Ibañez Museum
6897,Casas del Cabanyal,1,Houses of Cabanyal
6898,trencadís,1,broken
6904,inicio de ruta,1,start of route
6906,edificios,1,buildings
6907,gentrificación,1,gentrification
6908,Contrabando,1,Smuggling
6909,historias del Cabanyal,1,stories from Cabanyal
6916,contreras,1,contreras
6926,cítricos,1,citrus
6927,jardín botáncio,1,botanical garden
6930,tórtolas,1,doves
6933,músicos,1,musicians
6934,árboles monumentales,1,monumental trees
6935,croquetas,1,croquettes
6936,selva,1,selva
6937,cara del moro,1,dear of the Moor
6938,pòrticos,1,porches
6940,animación,1,animation
6941,alerta,1,alert
6942,sillas,1,chairs
6943,mesas,1,mesas
6944,penumbra,1,penumbra
6946,vida,1,life
6951,mercat central,1,central market
6957,Atarazanas,1,Shipyards
6958,exposición,1,exhibition
6960,espacio,1,space
6967,cocina de bar,1,bar kitchen
6968,chaflán,1,chamfer
6969,Conversaciones,1,Conversations
6971,Casita verde,1,Green house
6972,pequeña,1,small
6973,reformas,1,reforms
6975,Casa verde,1,green house
6976,Museo Muving,1,Museo Muving
6977,historia del barrio Velluter,1,history of the Velluter neighborhood
6978,Recuerdos,1,Memories
6980,juego,1,game
6984,Ruina,1,Ruin
6985,pedazos,1,pieces
6986,trozos,1,pieces
6987,El capítulet,1,The chapter
6988,En el moving Jardín es,1,In the moving garden it is
6989,Capilla del Capitulet,1,Capitulet Chapel
6990,Iglesia de Santa Lucía,1,Church of Saint Lucia
6991,Palacio de la ceda,1,ceda palace
6992,Estación del Norte,1,North Station
6993,valencia,1,valencia
6995,pistas deportivas,1,sports courts
6996,cruce con carril bicis,1,intersection with bike lane
6997,carriles de coches,1,car lanes
6998,cruce con carril bici,1,crossing with bike lane
6999,y carriles de coches,1,and car lanes
7000,semáforo mal ubicado,1,poorly located traffic light
7001,accesibilidad,1,accessibility
7002,zona peatonal,1,pedestrian zone
7004,velero,1,sailboat
7006,fuera Puerto de Valencia,1,outside Port of Valencia
7007,a bordo del Albert,1,aboard the Albert
7010,tercera parte,1,third
7012,golosinas,1,candies
7013,compras,1,shopping
7015,Lonja,1,Slice
7016,viveros,1,nurseries
7017,Primer hospital,1,Primer hospital
7018,fundado,1,founded
7019,En Valencia,1,In Valencia
7021,Historia hospital antiguo,1,Old hospital history
7022,Primera,1,First
7023,origin,1,origin
7026,puente,1,puente
7028,barrio,1,barrio
7029,tapeado,1,taped
7030,Agujero,1,Hole
7031,impedimento,1,impediment
7032,urbanismo,1,urbanism
7033,maraña,1,tangle
7034,territorio abandonado,1,abandoned territory
7035,Murales,1,Murals
7036,casas,1,casas
7037,Lanzadora,1,Launcher
7038,típico,1,typical
7039,San Vicente de la roqueta,1,San Vicente de la Roqueta
7043,Mislata,1,Mislata
7047,palmera antigua,1,ancient palm tree
7049,cúpula del museo,1,museum dome
7051,cauce del río,1,riverbed
7054,Parque central,1,central park
7055,aspecto general,1,general appearance
7057,falso peatonal,1,false pedestrian
7059,rius,1,rivers
7060,monopatines,1,monopatines
7061,animales,1,animals
7062,barcos,1,boats
7063,patrimonio,1,heritage
7064,paseantes,1,walkers
7065,asociaciones,1,associations
7066,aglomeración,1,agglomeration
7067,Helados,1,Ice cream
7068,colores,1,colors
7069,Graffitis,1,Graffiti
7070,Adolescentes,1,Teenagers
7071,Árbol,1,Tree
7072,paraíso,1,paradise
7074,La muralla árabe,1,The Arab wall
7075,la muralla cristiana,1,the christian wall
7076,colegio escolapios,1,piarist school
7078,puerta muralla cristiana,1,christian wall door
7080,defensa,1,defense
7081,Torres de Quart,1,Torres de Quart
7084,Botánico primera parte,1,Botanical part one
7085,Botánico,1,Botanical
7086,jardín,1,garden
7087,Centro comercial,1,Mall
7088,compras navideñas,1,christmas shopping
7089,Cruzar,1,Cross
7096,Statie ratb 104,1,Ratb station 104
7097,Atardecer en Av peru,1,Atardecer a Of peru
7098,Viña del Mar,1,Vina del Mar
7099,dia,1,is
7100,home,1,home
7101,Urbino,1,Urbino
7102,25 novembre,1,November 25th
7103,giornata,1,day
7105,TalkBack,1,TalkBack
7111,Afragola,1,Afragola
7125,Sobieszewo,1,Sobieszewo
7126,Sobieszewo - dzień 2,1,Sobieszewo - day 2
7138,finalmente,1,finally
7142,complexo ferroviário,1,railway complex
7144,Trabalho,1,Work
7146,Centro Universitário Facens,1,Facens University Center
7150,não tem,1,it does not have
7153,ajudantes,1,helpers
7154,cadeirantes,1,wheelchair users
7155,Cafezinho,1,Coffee
7157,saccoman,1,saccoman
7158,Dorenauil,1,Dorenauil
7159,Expedição,1,Expedition
7162,feira baratos,1,cheap fair
7171,Diversão,1,Fun
7174,reabilitação,1,rehabilitation
7176,Coco natural,1,Coco natural
7178,banana,1,banana
7179,frutas,1,fruits
7184,experiência sensorial,1,sensory experience
7185,Jô Soares,1,Jo Soares
7186,humorista,1,humorist
7187,painel tátil,1,touch panel
7189,centro de memória,1,memory center
7190,escritório,1,desk
7191,HIV,1,HIV
7192,prevenção,1,prevention
7193,auto teste,1,car heads
7200,Oásis Urbano,1,Urban Oasis
7202,Judeus,1,Jews
7204,Detalhes Construtivos,1,Construction Details
7205,reclamar,1,complain
7206,solicitar,1,request
7207,Supermecado,1,supermarket
7211,Arte Concierge,1,Art Concierge
7212,Regina Silveira,1,Regina Silveira
7213,Art Concierge,1,Art Concierge
7215,Encontro,1,Meeting
7218,#v,1,#v
7219,Rota Blindwiki,1,Rota Blindwiw
7220,Anhangabaú,1,Anhangabaú
7221,Ladeira da memória,1,Slope of memory
7222,BIKE TOUR SP,1,BIKE TOUR SP
7223,Bicicleta,1,Bicycle
7225,Terraçoamdrade,1,terrace
7226,Biblioteca Mario dd Andrade,1,Andrade
7228,Antigo Mappin,1,Old Mappin
7230,Praça das Artes,1,Arts Square
7231,Fachada tátil,1,Tactile facade
7232,mala,1,mala
7234,SEsc 24,1,SEsc 24
7235,SESC Bibliiteca,1,SESC Library
7236,Sesc 24 de Maio,1,Sesc May 24th
7238,Street dancing,1,Street dancing
7240,jovens,1,young people
7245,obra acessível,1,accessible work
7248,família socializadora,1,socializing family
7252,dejetos,1,waste
7253,Amora,1,Blackberry
7254,Aplicativo,1,Application
7257,Viva,1,Viva
7258,postar,1,post
7259,chá,1,tea
7262,caminho,1,path
7263,dificuldade,1,difficulty
7264,patas,1,paws
7265,blog,1,blog
7266,viagens,1,trips
7267,dicas,1,tips
7268,início,1,start
7269,direção,1,direction
7271,Barreiras,1,Barriers
7272,Cidade,1,City
7273,Falta de Acessibidade,1,Lack of Accessibility
7276,pátio aberto,1,open courtyard
7277,Abuso,1,Abuse
7279,Escada em espiral,1,Spiral staircase
7282,biblioteca braille,1,braille library
7283,Dificuldades,1,Difficulties
7284,tenente Nascimento,1,Lieutenant Nascimento
7285,Parte superior aberta,1,Open top
7286,Jardim,1,Garden
7287,Prédios,1,Buildings
7288,hospitais,1,hospitals
7289,Solarium,1,Solarium
7290,piquenique,1,picnic
7291,Jardim suspenso,1,hanging garden
7292,Piso superior 2,1,Upper floor 2
7293,horta,1,horta
7295,voluntario,1,voluntary
7296,adeveb,1,adeveb
7297,além do limite,1,beyond the limit
7298,um outro olhar,1,another look
7299,Mata atlântica,1,Atlantic forest
7301,Centro Cultural Vergueiro,1,Vergueiro Cultural Center
7302,Ensaios,1,Tests
7306,Biblioteca Louis Braille,1,Biblioteca Louis Braille
7307,Arte Tátil,1,Tactile Art
7308,deficiência visual,1,visual impairment
7312,orquestra,1,orchestra
7315,medida,1,measure
7318,pintura contemporanea,1,contemporary painting
7319,série alturas,1,heights series
7324,Visão,1,Vision
7328,_optical walls,1,_optical walls
7329,o que não é visível,1,what is not visible
7331,Dentrofora,1,Insideoutside
7333,Jardim japonês,1,Japanese garden
7334,sociedade coletiva,1,collective society
7338,maquete,1,model
7340,Casa das rosas,1,House of Roses
7341,Janela de vidro,1,glass window
7344,Sesc paulista,1,Sesc paulista
7345,JHSP ACESSÍVEL,1,AFFORDABLE JHSP
7347,Bolsas Japanhouse cultura,1,Japanhouse Culture Bags
7351,Centro Cultural Itaú,1,Itaú Cultural Center
7353,Saudejapanhouse madeira,1,Saudejapanhouse wood
7356,casarão,1,mansion
7357,Paulista música cultura,1,Paulista music culture
7358,sescpaulista,1,sescpaulista
7359,Hospitalsanata Catarina avpaulista,1,Hospitalsanata Catarina avpaulista
7360,Painel hospitalsantacatarina avpaulista,1,Panel hospitalsantacatarina avpaulista
7361,Escolarodriguesalves arquitetura,1,Escolarodriguesalves architecture
7362,Santa Catarina,1,Santa Catarina
7363,Itaú cultural,1,Itaú cultural
7365,Músicas avpaulista somdapaulista,1,avpaulista somdapaulista songs
7366,santacatarinahospital,1,santacatarinahospital
7367,Relatos Urbanos,1,Urban Stories
7368,Renato Alioti,1,Renato Aliotti
7369,7 anjos,1,7 anjos
7370,Coco de pombo,1,pombo coconut
7371,guarda-chuva,1,umbrella
7372,hostipal Santa Catarina,1,Hostipal Santa Catarina
7373,ragazzo,1,lad
7374,Moradores de rua,1,Homeless people
7375,Bordados,1,Embroidery
7376,vozes,1,voices
7377,manicômio,1,madhouse
7378,navio,1,ship
7379,exclusão social,1,social exclusion
7380,Grupo,1,Group
7381,Esquemapreferido,1,preferred scheme
7382,Colégio Rodrigues Alves,1,Rodrigues Alves College
7383,Regina,1,Regina
7384,Sertanejo som cultura,1,Sertanejo sound culture
7385,Lanchonete garoa Paulista,1,Drizzle cafeteria Paulista
7386,Pospandemianapaulista,1,Post-pandemianapaulista
7387,Dançanapaulista,1,Dançanapaulista
7388,Black Music,1,Black Music
7389,Loucura,1,Craziness
7391,dançar,1,to dance
7392,dancaderuapaulista,1,dancaderuapaulista
7393,Brechobocapreta @bocapreta_,1,Brechobocapreta @bocapreta_
7394,Curta a paulista,1,Enjoy São Paulo
7395,aos domingos,1,on Sundays
7396,Musicanapaulista country,1,Musicanapaulista country
7398,Museu liceo pasteur,1,Liceo Pasteur Museum
7399,Super heróis,1,Super heroes
7400,Galeria super variado,1,Super varied gallery
7403,Shopping garoa,1,drizzle mall
7404,Clube homes,1,Clube homes
7405,shopingCidadeSaoPaulo,1,shoppingCidadeSaoPaulo
7406,Senaipaulista,1,From Senaipoul
7407,Rock in roll,1,Rock in roll
7408,Edifício gazeta,1,gazette building
7410,Pisotatilruim acessibilidade alerta,1,Pisotatilbad accessibility alert
7411,pisotateodefeituoso,1,tramplingdefective
7413,sesi,1,session
7414,Masp,1,Masp
7415,Trianon,1,Trianon
7416,Museu masp,1,masp museum
7417,Parque trianon,1,trianon park
7418,Mequi1000,1,Mequi1000
7419,Máqui 1000,1,Machine 1000
7421,mcdonalds,1,mcdonalds
7422,Rua livre,1,Free street
7423,ocupação urbana,1,urban occupation
7424,humanos,1,humans
7425,Artista,1,Artist
7426,a Paulista é nossa,1,Paulista is ours
7427,Lanchonete,1,Cafeteria
7428,Banana split,1,Banana split
7429,Condomínio nacional,1,National condominium
7431,Sertanejonapaulista dança,1,Sertanejonapaulista dance
7432,Sertanejo,1,Countryside
7433,Rota Paulista,1,Paulista Route
7434,Celebração,1,Celebration
7436,Shopping center 3,1,Shopping center 3
7437,Elogios,1,Compliments
7438,Instagram @blindwikibr,1,Instagram @blindwikibr
7439,Ims,1,Ims
7440,Antonio Machado,1,Antonio Machado
7441,Amigos pra valer,1,Real friends
7442,Deficientes visuais,1,Visually impaired
7444,Qrcode,1,Qrcode
7453,edifício do Gazeta,1,Gazeta building
7456,prédio da FIESP,1,FIESP building
7457,ação saúde,1,health action
7461,frei caneca,1,frei mug
7462,DJ na Paulista,1,DJ in Paulista
7463,igreja São Luiz Gonzaga,1,São Luiz Gonzaga church
7467,cozinheira,1,cook
7468,incrível,1,incredible
7469,caminhões,1,trucks
7470,passarinhos,1,little birds
7471,vale a pena,1,it is worth it
7472,memória,1,memory
7473,tropeiros,1,drovers
7474,escravos,1,slaves
7475,morro,1,morro
7477,cheirinho,1,smell
7478,linha azul,1,blue line
7481,app,1,app
7483,fala povo,1,speak people
7484,reciclagem,1,recycling
7487,parquiño,1,playground
7496,andré,1,andré
7500,Subprefeitura Ipiranga,1,Ipiranga Subprefecture
7501,posto SPTrans,1,SPTrans station
7508,Óscar Freire,1,Oscar Freire
7509,Pandemia,1,Pandemic
7510,aula online,1,online class
7511,pedagogia,1,pedagogy
7512,vacinação,1,vaccination
7513,prefeito,1,mayor
7514,Pobre Juan,1,Poor John
7515,jantar,1,to have lunch
7517,diversidade,1,diversity
7518,juntos,1,together
7519,vemos a possibilidade,1,we see the possibility
7521,projeto político,1,political project
7522,dar voz,1,give voice
7525,Oque postar,1,What to post
7526,talentos artísticos,1,artistic talents
7527,piadas,1,jokes
7528,Marchinha da acessibilidade,1,Accessibility march
7530,Rota acessível,1,Accessible route
7531,uma,1,one
7532,acidentes,1,accidents
7533,ação cidadão,1,citizen action
7534,Wiki: rede colaborativa,1,Wiki: collaborative network
7535,rota06,1,rota06
7537,Laraparque,1,Laraparque
7538,Alegria,1,Happiness
7539,Brincadeira,1,Joke
7540,Interação,1,Interaction
7541,salve,1,salve
7543,#praça Benedito Calixto,1,#Praça Benedito Calixto
7544,Aprendizado diversão,1,Fun learning
7546,Entrada laramara,1,laramara entrance
7547,Semáforo,1,Traffic light
7548,Trajeto metrô Marechal,1,Marechal subway route
7551,ponto de ônibus.,1,bus stop.
7552,Gabrielzinho manos crew,1,Gabrielzinho brothers crew
7554,SãoGonçalo,1,SãoGonçalo
7555,Caminhada,1,Walk
7556,São Gonçalo,1,São Gonçalo
7557,Educação Física,1,Physical education
7558,farol sonoro,1,sound beacon
7559,Pisotático,1,Pisotatic
7560,Área comercial,1,Commercial area
7562,Deslocamento,1,Displacement
7563,autonomia,1,autonomy
7565,Marechal Deodoro,1,Marshal Deodoro
7566,banco Bradesco,1,Bradesco bank
7567,Meios de transporte,1,Means of transport
7569,supermercado J. jota,1,J. jota supermarket
7570,Padaria Iracema,1,Iracema Bakery
7571,Angélica,1,Angelica
7572,Obstáculos aéreos,1,Aerial obstacles
7573,Alta velocidade,1,High speed
7574,Planeta,1,Planet
7576,audiodescrição,1,audio description
7577,calçadas,1,sidewalks
7578,Shows,1,Shows
7579,apresentações,1,presentations
7580,Uni,1,Uni
7581,guarulhos,1,guarulhos
7582,morador de rua,1,homeless person
7583,cegueira,1,blindness
7584,Theatro São Pedro,1,São Pedro Theater
7585,Ópera,1,Opera
7586,Ver com Palavras,1,See with Words
7589,Várzea do Carmo ubs,1,Várzea do Carmo ubs
7590,posto inss,1,post inss
7591,Casa até laramara,1,House to laramara
7592,Casas antigas,1,Old houses
7593,região da Barra funda,1,Barra Funda region
7594,piso tatil,1,piso holiday
7595,ambulantes,1,street vendors
7596,cocô,1,coconut
7597,Rua Brigadeiro Galvão,1,Brigadeiro Galvão Street
7600,Museu da Inclusão,1,Museum of Inclusion
7601,estação Barra Funda,1,Barra Funda station
7603,Altar dos mortos,1,Altar of the dead
7604,caveira,1,skull
7605,sobrenome,1,surname
7606,numerología,1,numerology
7607,Memoerial  5,1,Memoerial  5
7608,falta,1,lack
7611,baixa visão,1,low vision
7613,Pavilhão da Criatividade,1,Creativity Pavilion
7614,to fazendo falta,1,I'm missing
7615,caminhos musicais,1,musical paths
7616,guarda civil metropolitana,1,metropolitan civil guard
7617,livraria,1,bookstore
7619,Alda,1,Alda
7620,sinalsonoro,1,sinalsonoro
7621,atencao,1,attention
7623,Terminal barra funda,1,Deep bar terminal
7624,linha vermelha metro,1,metro red line
7625,linhas ferrias,1,ferry lines
7627,Galetia 2001,1,Galatia 2001
7629,Nossa querida mãe,1,Our dear mother
7633,Teco fotografia,1,Teco photography
7635,Expectativas,1,Expectations
7640,Auditório,1,Auditorium
7641,reforma a terminar,1,reform to finish
7642,falta pouco!!!,1,Not long!!!
7643,Apoio local,1,Local support
7644,São Jorge,1,Saint George
7645,blindwiky,1,blindwiky
7646,Portao de Ferro,1,Iron Gate
7647,Sorocabana,1,Sorocabana
7648,italy,1,italy
7649,Porgaoddferro,1,Porgaoddferro
7650,polonia,1,Poland
7651,france,1,france
7652,uk,1,uk
7653,poetry,1,poetry
7654,sky,1,sky
7655,blind.wiki,1,blind.wiki
7656,Estação Ferroviária Sorocabana,1,Sorocabana Railway Station
7657,chame francês,1,call French
7659,Marie Curie,1,Marie Curie
7660,difícil acessibilidade,1,difficult accessibility
7661,Rebeka Lima,1,Rebekah Lima
7662,Cantora,1,Singer
7667,covardia,1,cowardice
7669,Carolina Maria de Jesus,1,Carolina Maria de Jesus
7670,Réplicas Táteis,1,Tactile Replicas
7671,Igreja católica,1,Catholic church
7672,missa,1,lose
7673,santa Rosália,1,Saint Rosalia
7675,Beleza,1,Beauty
7676,Senhor do Bonfim,1,Lord of Bonfim
7678,Brasil restaurante,1,Brazil restaurant
7679,casa rosada,1,pink house
7684,rodoviario,1,highway
7685,Vlt,1,Vlt
7686,rj,1,rj
7687,Avenida Paulista 200,1,Avenida Paulista 200
7688,Luce-Prima,1,Light-First
7689,luceprima,1,first light
7691,Hebraica,1,Hebrew
7692,Salão de Arte,1,Art Hall
7693,Museu de Arte Sacra,1,Museum of Sacred Art
7694,Exposição Itinerante,1,Traveling Exhibition
7695,Kiosk Kioto,1,Kiosk Kyoto
7696,garapa e lanches,1,garapa and snacks
7698,gostaria,1,I would like
7699,pandeiro,1,tambourine
7700,instrumentos musicais,1,musical instruments
7701,Rota_centro_SJCampos/SP,1,Rota_centro_SJCampos/SP
7702,Eugenio de Melo,1,Eugenio de Melo
7703,Distrito Eugenio de Melo,1,Eugenio de Melo District
7704,Armazem Secos e Molhados,1,Dry and Wet Store
7705,Igreja Paroquia Imaculada Conceiçao,1,Immaculate Conception Parish Church
7706,melo,1,melo
7707,vilela,1,village
7708,Parque da Cidade,1,City park
7709,Banhado de SJCampos,1,Banhado de SJCampos
7710,Canal motoboy,1,motorcycle courier channel
7711,neka,1,let
7713,Rota cultural,1,Cultural route
7714,Obra cantoneiras Ibirapuera,1,Ibirapuera corner works
7715,Obra traca,1,Fireworks
7716,construcao do mundo,1,construction of the world
7718,Jardim das Esculturas,1,Sculpture Garden
7719,Parque Ibirapuera,1,Ibirapuera Park
7720,Carrancas,1,Frowns
7721,Amilcar de Castro,1,Amilcar de Castro
7722,Teco Barbero,1,Teco Barbero
7723,Fotógrafo,1,Photographer
7725,Vicentinaaranha,1,Vicentinaaranha
7726,Ibirapuera,1,Ibirapuera
7727,Olhe,1,Look
7728,imagine!,1,imagine!
7729,Atualidade,1,Current affairs
7730,Cinthia,1,Cynthia
7731,Voluntariado,1,volunteering
7732,projeto no Brasil,1,project in Brazil
7733,Rota Mam,1,Mom Rota
7736,produção blindwiki Brasil,1,production blindwiki Brazil
7737,Palestra,1,Lecture
7738,histórias,1,stories
7739,Dublagem presencial,1,In-person dubbing
7740,Samba de roda,1,samba de roda
7741,Santo Amaro,1,Saint Amaro
7743,sorocabablindwiki,1,sorocabablindwiki
7744,artecontemporanea,1,artecontemporanea
7746,Arepa,1,Alpha
7747,mensagem,1,message
7748,Agência correio,1,Post office
7749,Bos,1,Bos
7750,oftalmológico,1,ophthalmological
7751,Natural,1,Natural
7753,do,1,do
7756,Ecologica,1,Ecological
7757,Araraquara/SP,1,Araraquara/SP
7759,caixa,1,box
7761,araraqura,1,araraqura
7763,Universidade israelita,1,Israeli university
7764,Cinegrafista cega,1,Blind cameraman
7765,documentário Blind Wiki,1,Blind Wiki documentary
7766,Entone Abad,1,Entone Abad
7767,deficientevisual,1,deficientevisual
7768,feira,1,fair
7769,Trindade,1,Trinity
7770,Ascessibilidade,1,Abcessibility
7771,aeroporto,1,airport
7772,Buraco,1,Hole
7773,Praça  da Sé,1,Cathedral Square
7774,Faculdade de comunicação,1,Faculty of Communication
7775,Universidade Federal da Bahia,1,Federal University of Bahia
7776,jornalismo,1,journalism
7777,produção cultural,1,cultural production
7778,oftalmologista,1,ophthalmologist
7779,Instituto Paulistano,1,Instituto Paulistano
7780,Dica,1,Tip
7783,zeca,1,zeca
7784,parque disposições,1,park provisions
7785,espaço para shows,1,concert space
7786,vilaitororo,1,vilatororo
7788,literatura,1,literature
7789,#Feiradeacessibilidade,1,#AccessibilityFair
7790,Banco do Brasil,1,Bank of Brazil
7791,utopias disto pias,1,utopias of this sinks
7792,ache contemporânea,1,find it contemporary
7793,Museu de Arte Moderna da Bahia,1,Museum of Modern Art of Bahia
7794,Cadevi,1,You fell
7795,Flores,1,Flores
7796,Japão,1,Japan
7797,centroculturalvergueiro,1,centroculturalvergueiro
7798,auladeforró,1,classroomdeforró
7799,Romeu temdeviver,1,Romeo has to live
7800,segundasfeiras19h30,1,Mondays7:30pm
7801,FundaçãoDorina,1,Dorina Foundation
7802,painel,1,panel
7807,ongtemsentimento,1,ongtemsentimento
7808,trans,1,trans
7809,temsentimento,1,havefeeling
7810,santacecilia,1,Santa Cecilia
7811,ong,1,ong
7812,cracolandia,1,cracolandia
7813,Campanha gota eficiente,1,Efficient drop campaign
7816,baiana,1,Bahian
7819,karaokê,1,karaoke
7820,metrôcarrão,1,metrocarrão
7821,Comida Árabe,1,Arabic Food
7822,Esfirras,1,Esfirras
7823,Rhizomatiks,1,Rhizomatic
7824,Gaita,1,Harmonica
7826,Rua F,1,F Street
7827,Manoel Antonio Puig,1,Manoel Antonio Puig
7828,eleições,1,elections
7829,comemoração,1,celebration
7830,candidatos,1,candidates
7831,Lula,1,Lula
7832,Presidência,1,Presidency
7833,Ovelhas,1,Sheep
7834,Alimentos orgânicos,1,organic foods
7835,Tapioca,1,Tapioca
7836,Mimoo,1,Saint
7837,Grátis,1,Free
7840,Sebastião Salgado @,1,Sebastião Salgado @
7841,Amazonia,1,Amazonia
7842,Tartarugas Marinhas,1,Sea Turtles
7844,São Sebastião,1,San Sebastian
7845,Denúncia,1,Complaint
7846,Caraguatatuba,1,Caraguatatuba
7847,Antiestresse,1,Anti-stress
7848,Segurança,1,Security
7849,linha vermelha sp,1,red line sp
7850,estação Belém,1,Belém station
7853,Natal,1,Natal
7854,vinhos,1,wines
7855,queijos,1,cheeses
7856,mariafumaca,1,mariafumaca
7857,tremavapor,1,Trema Vapor
7858,mundogelado,1,frozen world
7859,emocao,1,emocao
7860,amizadeantigas,1,friendshipold
7861,amizadesnovas,1,new friendships
7862,são benedito,1,Saint Benedict
7863,Síndrome de Down,1,Down syndrome
7864,Dom Quixote,1,Don Quixote
7865,Doces,1,Candy
7868,Cultura accesible,1,Accessible culture
7870,derechos,1,rights
7871,sin miedo,1,fearless
7872,UPC,1,UPC
7874,Akimatsuri,1,Akimatsuri
7875,Festival de Outono,1,Autumn Festival
7876,Mogi das cruzes,1,Mogi das Cruzes
7877,museu da imigração,1,immigration museum
7879,aline,1,aline
7880,centroparalímpicobrasileiro,1,Brazilian Paralympic Center
7881,cpb,1,cpb
7882,Bairro Olaria,1,Olaria Neighborhood
7884,Square,1,Square
7890,idílico,1,idyllic
7894,campana,1,campana
7895,altavoces,1,speakers
7896,Altavoz,1,Speaker
7899,aeropuerto,1,airport
7901,Dársenas,1,give them
7902,Salida metro,1,Metro exit
7903,sin escaleras,1,no stairs
7904,arc teriomph,1,arc teriomph
7906,Parque de la citadella,1,citadella park
7907,Mamut ciutadella,1,Ciutadella mammoth
7908,francesc candi,1,francesc candi
7909,historiador,1,historian
7910,ciutadella,1,citadel
7911,bcn,1,bcn
7912,Fira,1,Fira
7913,Reina,1,Reina
7914,bickcletes,1,bickcletes
7916,Parc ibfantil,1,Parc ibfantil
7917,Paissatge sobir,1,Sovereign landscape
7918,cartel de menú,1,menu poster
7919,Sant antoni,1,Sant Antoni
7921,iPad,1,iPad
7924,Gchv,1,Gchv
7925,uvhv,1,uvv
7926,Hbhb,1,Hbhb
7927,hhbb,1,hhbb
7928,hhbbhnn,1,hhbbhnn
7929,hhhv,1,hhhhv
7930,Ubb,1,ubb
7931,hb,1,hb
7939,carme,1,Carmen
7942,descans,1,rest
7944,Cant dels ocells,1,Birdsong
7948,dispensador,1,dispenser
7951,vehicles,1,vehicles
7952,possible perill,1,possible danger
7953,ferradura dels cavalls,1,horseshoe
7955,pedra i fusta,1,stone and wood
7958,Ur,1,Ur
7960,Església de l’Alba,1,Church of the Dawn
7962,bonito,1,bonito
7963,feo,1,feo
7964,rural,1,rural
7966,tram tranquil,1,quiet tram
7968,codi QR,1,QR codes
7970,lectura,1,reading
7971,segon tram,1,second section
7972,punt de decisió,1,decision point
7973,inici,1,start
7975,Sèquia,1,ditch
7976,dificultats per caminar,1,difficulty walking
7977,Soroll d’aigua,1,Noise of water
7979,carretera hospital transfronterer,1,cross-border hospital road
7980,hospital transfronterer,1,cross-border hospital
7984,neu verge,1,new
7985,Porté-Puymorens,1,Porté-Puymorens
8005,flora,1,flora
8006,Toulouse,1,Toulouse
8007,nom dels carrers,1,street name
8008,Diagonal,1,Diagonal
8009,torres de la caixa,1,box towers
8011,racó dels ocells,1,corner of the birds
8012,passeig,1,walk
8013,estació del tren,1,train station
8014,infants,1,infants
8015,lleure,1,leisure
8017,Urgell,1,Urgell
8019,cultura accessible,1,cultura accessible
8020,maquetes tàctils,1,touch models
8021,maqueta tàctil,1,touch model
8023,parc,1,parc
8024,eloi,1,eloi
8025,setmana Santa,1,holy week
8026,santa,1,santa
8027,Trànsit,1,transit
8028,Eixample,1,Eixample
8037,good,1,good
8040,atm,1,atm
8047,joke,1,joke
8057,multiple,1,multiple
8066,Brazilian_culture,1,Brazilian_culture
8071,Dance,1,Dance
8076,Game,1,Game
8096,Vamos,1,Let's go
8101,sport,1,sport
8106,rain,1,rain
8107,test1,1,test1
8108,test12,1,test 12
8111,morning,1,morning
8117,tactic,1,tactic
8124,sun,1,sun
8132,humboldtallee,1,humboldtallee
8133,fahrräder,1,bicycles
8135,man,1,man
8137,martins,1,martins
8138,tenho,1,I have
8139,order,1,order
8140,rancho,1,rancho
8141,tropeiro,1,drover
8142,ernesto,1,ernesto
8144,associação,1,association
8145,imprensa,1,press
8146,rodas,1,arises
8147,lights,1,lights
8148,castañazo,1,chestnut
8150,boulevard,1,boulevard
8151,gossos,1,dogs
8152,repouso,1,rest
8153,presente,1,gift
8154,lar,1,lar
8155,complexo,1,complex
8156,margherita,1,margherita
8157,manuela,1,manuela
8158,eugenio,1,eugenio
8159,tag,1,tag
8161,super,1,super
8162,sociali,1,social
8165,maria,1,maria
8166,avpaulista,1,avpaulista
8167,cuesta,1,cuesta
8168,particolare,1,particular
8169,química,1,chemical
8170,histórico,1,history
8171,visual,1,visual
8172,tatil,1,holiday
8173,coordenadora,1,coordinator
8174,imigração,1,immigration
8175,paissatge,1,landscape
8177,janeiro,1,January
8178,metrô,1,subway
8179,parroquia,1,parish
8180,campanes,1,bells
8181,igualdade,1,equality
8182,químico,1,chemical
8183,indicado,1,indicated
8184,paraje,1,place
8185,słońcem,1,sun
8186,briefe,1,letters
8187,bereich,1,area
8188,carrer,1,street
8189,turísticos,1,tourist
8190,jofre,1,jofre
8191,d'istria,1,d'istria
8195,leite,1,leite
8196,prefeitura,1,city ​​hall
8197,acessível,1,accessible
8198,fortes,1,fortes
8199,pasuje,1,it suits
8200,superior,1,superior
8201,direito,1,right
8202,rosas,1,rosas
8204,punxes,1,spikes
8206,ermita,1,hermitage
8207,boa,1,boa
8208,mundo,1,world
8209,tem,1,tem
8212,crime,1,crime
8213,die sonne scheint,1,the sun is shining
8214,am ende ist ein tunnel,1,at the end there is a tunnel
8215,aquí,1,here
8216,norte,1,norte
8217,historia,1,history
8220,hallo,1,hallo
8222,ist,1,is
8223,ich,1,I
8224,günny,1,gunny
8225,dies,1,dies
8226,uns,1,us
8228,nähe,1,vicinity
8229,timmendorfer,1,timmendorfer
8230,lande,1,lande
8231,das,1,the
8232,pieszych,1,pedestrians
8233,e civile,1,and civil
8235,humitat,1,humidity
8236,franciscanos,1,Franciscans
8237,frei alvaci,1,frei alvaci
8238,tvirgen,1,tvirgen
8239,desamparados,1,helpless
8248,concentração,1,concentration
8249,caldodecana,1,caldodecana
8250,vilaclementino,1,vilaclementino
8251,bosko,1,divinely
8252,delícias,1,delights
8253,típica,1,typical
8254,italiana,1,Italian
8257,tax,1,tax
8259,configuració,1,configuration
8261,model,1,model
8262,sintàctic,1,syntactic
8281,problema,1,problem
8284,etiquetes,1,tags
