tag_id,text,cluster,count,x,y
5170,Ambient noise,27,394,8.136525,2.1553655
4626,dangerous,-1,213,3.3378453,4.9289937
5541,water,23,133,6.0362043,8.332509
4822,culture,29,127,4.434802,2.0297832
5695,bridges,-1,118,0.100631945,3.2168155
5840,piazza,-1,117,0.8231542,7.919399
4723,accessible,49,114,3.2460186,3.1395903
7148,sorocaba,58,88,3.597827,8.647178
5242,accessibility,49,78,3.2428353,3.1043057
4958,Caution,51,72,2.9427361,4.428611
6785,paseo,57,69,2.8379173,9.265868
5760,crowded environment,-1,67,2.961949,2.5204666
5115,Odor,-1,66,6.860462,9.362719
4968,Iglesia,41,63,0.71650726,9.803487
4669,ristorante,15,62,7.4956636,10.456847
6882,neighborhood exploration,22,62,1.1546562,7.4544234
4845,Music,30,57,7.171884,1.3155406
5019,. Reference,-1,57,4.9830117,3.3824644
5908,Venice at night,50,55,2.2617018,10.645104
5903,Dead calla,54,54,4.02545,5.0869846
5056,Tactile,34,52,6.911803,5.7490315
4984,cafeteria,15,49,7.4487596,10.344849
1710,bar,14,48,6.4098587,9.965449
5799,wells,46,47,5.0320706,6.8056
4896,garden,21,46,5.2620277,9.884125
5161,Humboldt University,16,42,3.249397,0.7805737
4705,bells,-1,36,7.567844,2.3465803
7885,He lives together,-1,35,3.2876792,7.2716837
4825,shop,37,33,2.0428326,5.437806
5922,Barcarrizzi,57,33,2.77923,9.68159
6765,33Bienal,-1,33,3.6637776,7.3382363
6796,maritime towns,1,32,-1.6217289,7.8306923
2889,Bus,3,31,-1.3931509,3.0790877
4790,tree,20,31,5.112827,10.470465
5120,railway stations,3,31,-1.2210022,3.712854
5152,history,61,31,5.060555,4.0265083
4703,loges route,33,29,3.890424,2.5053763
5231,Audible traffic lights,25,29,7.4727306,7.0325856
4820,drinking fountain,23,27,6.0168285,8.262
4828,food,15,27,7.3450794,9.992643
4679,machine,-1,26,3.25621,5.87123
4715,temporary,-1,26,5.1238775,4.633547
4863,park,10,26,-0.96441394,5.638468
5085,art,35,26,7.7706075,5.549352
5771,big channel,1,26,-1.3209963,7.441861
6810,cabin,22,25,0.82963383,6.317433
5034,Birds,12,24,7.79338,8.192436
4668,scale,-1,22,3.5887306,5.4856095
4675,meeting,-1,22,4.9532576,2.505308
5936,ghetto,22,22,0.741161,7.3588614
6875,Easter,40,22,0.29744425,9.543591
5148,water fountain,23,21,6.00674,8.267739
5296,Turismo,-1,21,3.0622318,9.302296
6051,single platform,49,21,2.8229163,3.3798006
4704,sidewalk,9,20,-0.28043652,1.6195529
4810,library,47,20,5.1971273,3.1137893
5014,open space,22,20,2.0302253,7.3233194
5178,Benches,10,20,-0.8454194,5.6420813
5619,girls,17,20,3.0562863,1.6287128
5941,Calli,58,20,3.8186455,8.571019
6250,foundations,-1,20,4.1358976,5.800041
6802,puerto,1,20,-1.5823101,7.7954555
5236,Sports,11,19,-0.25517642,4.90009
5759,carnevale,-1,19,0.5595523,5.3767834
5788,Steps,0,18,1.3817297,0.1621389
5880,Sotoportego,57,18,2.5214372,9.240679
6764,Tactile floors,34,18,6.8093076,5.719448
6948,Theater,-1,17,6.5557246,1.20495
7529,Laramara,-1,17,2.7447584,8.74256
4120,testing,56,16,5.045825,5.4750295
4975,bike lane,7,16,-0.3571087,2.645416
5339,Non accesible,49,16,3.268258,3.2218037
5732,boats,1,16,-1.5987611,7.808052
5919,Calle closed,-1,16,3.6646109,4.6868353
6247,nature,19,16,5.3076634,9.06255
6666,Project,-1,16,2.0094593,6.1783266
6671,Words and more,-1,16,5.7991414,3.541898
4693,tram,3,15,-1.1153831,3.3871226
5011,obstacle,53,15,3.859043,5.3679953
5391,Vaporetto,-1,15,5.1806364,7.4832006
6114,Services,52,15,3.2794292,3.8959286
6369,mare,58,15,3.7446654,8.994224
7322,Japan House,22,15,0.7498931,6.393639
4624,sole,55,14,4.2452116,6.698262
5283,Monument,28,14,5.6604166,1.5734428
7631,MACS,49,14,2.8531497,3.5538585
4707,Political Science,52,13,4.3929105,4.3140454
5057,sculptures,-1,13,7.3131433,5.8528333
5122,hotels,22,13,0.69209605,6.684526
6050,streets for everyone,9,13,-0.24625574,1.6643884
6126,sounds,27,13,7.8404784,2.0122855
7342,Paulista,57,13,1.5843555,8.884689
4801,transport,3,12,-0.808997,2.9153118
4851,Vision Australia,36,12,7.521481,4.6541624
5036,Artworks,35,12,7.7351255,5.483229
5041,S-Bahn,3,12,-1.0965368,3.4427462
5173,Coffee tables,15,12,7.3011045,10.474852
5421,Workshop,44,12,2.944853,5.546902
5622,City game,22,12,0.5705136,7.3446665
6148,Relax,2,12,9.064819,6.7343097
6210,bas-reliefs,30,12,7.3800335,1.3636702
6809,streets,9,12,-0.35378996,1.6593623
7239,sp cultural center,29,12,4.6405725,1.83312
4722,planters,21,11,5.1443653,9.909677
5736,silence,2,11,9.041625,6.362517
6063,luci,-1,11,7.0747075,7.109679
4699,jobs,44,10,2.8504307,5.3996034
4812,good cafe,15,10,7.4641414,10.435324
5039,playground,10,10,-0.7353815,5.4027667
5140,Memorial,-1,10,5.6353326,1.6338689
5247,Disabled parking,3,10,-1.189333,2.8130054
5428,School,16,10,3.2335486,0.9639823
5750,perfumes,-1,10,6.8338075,9.458637
5855,vento,-1,10,5.9391947,7.1821346
5864,Noises,27,10,8.066963,2.1415427
6814,Sensations,59,10,6.2398477,4.8502254
4284,street,9,9,-0.30469278,1.6354057
4785,test,56,9,5.064948,5.4560513
5698,Baccari,58,9,3.6883388,9.0579605
5753,people,-1,9,3.1194663,2.5025089
5965,market,38,9,1.387911,5.433523
6138,Targa,58,9,3.5850346,8.398198
6390,binary,45,9,3.4683602,6.2472434
7058,hospital,42,9,1.9964694,3.8289793
5072,Bicycle,7,8,-0.38936242,2.866523
5303,Parque,10,8,-0.96360487,5.6431437
5804,tactile maps,34,8,6.8526425,5.7114577
6039,porta,6,8,1.1379411,4.4299226
6079,Sculpture,-1,8,7.3237047,5.8511367
6130,description,-1,8,5.1876845,3.6573915
6778,Interiors,22,8,0.7203236,6.3428407
7965,Path of lovers,32,8,4.254645,2.7440202
4724,colonna,58,7,3.9748132,8.336062
4795,furniture,22,7,0.57197326,6.149376
4808,braille,47,7,5.35012,3.1859176
5020,urban art,35,7,7.844063,5.5527706
5037,u-Bahn,3,7,-1.0836931,3.471743
5104,Traffic light,25,7,7.4509134,7.0539207
5137,tourists,29,7,4.531483,1.7003058
5234,BlindWiki,-1,7,7.8019557,4.124335
6340,pharmacy,37,7,1.9426904,5.3219976
6348,archi,58,7,4.0073447,8.107358
7073,street art,35,7,7.8499284,5.5093503
7599,Memorial of Latin America,57,7,2.2943897,9.3209505
7717,MAM,58,7,3.554882,7.621328
7839,Museum of Tomorrow,28,7,5.49962,1.223677
4227,Testapipi,58,6,4.374059,7.5620165
4228,apiTest,56,6,5.05685,5.50862
4352,rain,24,6,6.250243,7.6795316
4865,legends,-1,6,5.3956156,3.8286524
4869,door,6,6,1.1303169,4.492321
5092,Demonstration,28,6,5.133327,1.8262769
5256,ATM,44,6,2.7730033,5.650169
5314,Museums,28,6,5.5345044,1.2757186
5365,pueblos,22,6,1.3387164,7.313677
5387,School,16,6,3.1807668,0.9383807
5477,Stop,-1,6,4.486658,4.850716
5738,seagulls,12,6,7.7802644,8.217916
5781,Aosta,58,6,3.3539224,8.514805
5791,calm,2,6,9.119125,6.513209
5888,plant,21,6,5.1202908,9.971639
6025,San Rocco,50,6,2.1920578,10.2260895
6248,night,26,6,6.829538,7.183671
6266,headquarters,-1,6,2.8049,5.0885587
6552,beach,23,6,5.5008326,8.358407
7079,wall,5,6,0.8150126,4.785798
7110,French Cottage,22,6,0.83089113,6.866745
7177,branch,20,6,5.127614,10.510475
7506,Carlos,57,6,2.7294393,9.295456
4700,incivility,52,5,4.0511546,4.1982255
4819,entrance,6,5,1.1231519,4.3471384
4955,Rags,-1,5,2.9797778,6.24659
4996,aerial obstacle,53,5,3.6598299,5.3500686
5075,Dog,12,5,7.300653,8.026159
5079,Interviews,-1,5,6.004338,3.0044801
5133,curiosity,60,5,5.8847036,4.7956862
5158,orientation,-1,5,4.2962937,3.3811557
5167,Traffic,8,5,-0.8653639,2.3797352
5227,architecture,22,5,1.273433,6.660217
5281,Health,42,5,2.355857,3.9754603
5299,Banco,-1,5,2.7963398,5.8123827
5304,Traffic light without sound,25,5,7.468346,7.0409665
5357,kern juices,18,5,4.4242325,9.858215
5456,Dwarfs,24,5,6.0251827,7.563296
5725,Pontini Trattoria,58,5,3.7296212,8.900904
5742,books,47,5,5.1830516,3.0912201
5762,Toilette,-1,5,5.521836,7.9960194
5767,Venezia,50,5,2.2996378,10.570532
5879,gondola,1,5,-1.6833566,7.8767743
5934,Steps,0,5,1.3715552,0.15243557
5959,Redeemer,-1,5,5.1082,5.095888
5967,Fish market,13,5,7.0958567,8.899488
5974,calm,2,5,9.079328,6.4730344
6069,marble,46,5,5.138415,6.9794
6085,touch,48,5,2.3247669,2.9536033
6086,wood,-1,5,5.4054523,10.28786
6116,shopping,37,5,2.006093,5.4795322
6228,Water danger,23,5,5.9258537,8.389563
6299,pace,2,5,9.0815935,6.5013556
6331,like foscari,-1,5,4.046332,8.864437
6341,tobacco,-1,5,4.8330455,8.420157
6410,giudecca,58,5,3.3529894,8.959566
6994,Upv,55,5,4.1749563,6.4306917
7199,Modernist House,22,5,0.7858593,6.5967894
7278,dance,4,5,1.3863146,2.1429286
7294,Exhibitions,28,5,5.1586323,1.5721755
7742,Brazil,57,5,2.2142527,8.811983
7947,danger,-1,5,3.3184896,4.9295015
7992,soundscape,27,5,7.8302765,1.9320314
4832,sensorygarden,21,4,5.282456,9.883178
4954,Castellón,-1,4,2.2646947,9.646317
4962,traditional pastry,15,4,7.810033,10.004445
5080,Oranienburgerstrasse,39,4,2.6526935,6.84317
5081,CO Berlin,39,4,2.4826517,6.6046085
5100,sidewalk,9,4,-0.26886484,1.5856392
5182,Football,11,4,-0.14904699,4.942384
5403,road to santiago,57,4,1.8774939,9.07171
5483,Lock,-1,4,1.5982444,4.416142
5502,Joint,58,4,4.2290106,7.455171
5532,town hall,22,4,0.68885404,7.198486
5538,center,29,4,4.8429327,2.0200734
5549,interview,-1,4,5.986121,2.9989731
5621,silence,2,4,9.053032,6.3754044
5644,Bus stop,3,4,-1.4371156,3.0274963
5681,Campo Santa Margherita,57,4,2.1270468,9.457227
5686,Capital,22,4,0.5791,7.286104
5727,season,-1,4,5.875421,6.8165293
5802,registrations,52,4,3.5125792,4.079969
5854,Voices,31,4,6.6864944,2.6182714
5909,touch,48,4,2.3216896,2.956818
5913,handrail,-1,4,0.1962157,3.7395864
5926,stop,54,4,4.491135,4.9398527
5927,Crossroads,-1,4,-0.23554483,2.1582704
5985,Eco,19,4,5.218241,9.054929
6027,relief,52,4,3.7105143,4.015404
6041,portico,6,4,1.1211462,4.4733324
6042,cloister,-1,4,4.4767957,6.7028522
6155,Piers,1,4,-1.6014539,7.8194227
6173,primavera,24,4,6.1060505,7.5579195
6195,games,11,4,-0.11585365,4.946092
6316,Courtyards,22,4,1.0072987,7.1908336
6421,view,36,4,7.479148,4.744428
6471,dead bridges,-1,4,0.114866,3.2419846
6505,Service,-1,4,3.2484257,3.7101011
6532,pozzo,58,4,3.301869,9.187053
6670,Amor,32,4,4.4398685,3.0626252
7044,palm trees,20,4,4.9662156,10.302614
7141,mobility,-1,4,0.2810563,2.547819
7175,inclusion,52,4,3.8814316,4.067175
7180,pastel,15,4,7.7151213,9.955645
7183,sugarcane juice,18,4,4.389055,9.893215
7203,Curiosity,60,4,5.8948426,4.801219
7242,test,56,4,5.0811353,5.459317
7247,Guide dog,-1,4,7.2454157,8.010708
7323,Avenida Paulista,57,4,1.7620624,9.049603
7401,sao,60,4,5.741777,4.4957724
7412,Fiesp,-1,4,4.783956,7.5222015
7561,worm,13,4,6.9500327,8.720836
7610,Gastronomy,15,4,7.362168,10.216524
7677,Bahia,57,4,2.2946353,8.83717
7681,Salvador,57,4,2.349345,9.011028
7866,barcelona,57,4,2.1451912,9.191234
7900,north station,3,4,-1.1993264,3.7452817
7941,hiking,33,4,3.9686768,2.3858106
8072,Dangerous,-1,4,3.3152564,4.9769526
8194,center,29,4,4.823475,1.9951915
8210,time,-1,4,5.3739448,4.303432
8243,yokoham,-1,4,3.4899812,7.3888826
2902,pizza,15,3,7.5553765,10.302454
4712,scaffolding,-1,3,1.9015989,6.32634
4816,courtyard,22,3,0.9257459,7.218676
4871,health facilities,42,3,1.9905545,3.8238854
4966,strange things,-1,3,5.930669,5.0380054
4981,Ramp,-1,3,4.245394,6.7434874
4989,Barrera,-1,3,2.7213306,8.79738
4993,little dog angel,12,3,7.416239,8.060161
5000,children running around,17,3,2.9337585,1.7311301
5010,sidewalk level,9,3,-0.2404533,1.6647092
5062,Office,-1,3,2.8058786,5.063482
5068,Berlin Gallery,28,3,5.192753,1.4664828
5070,Travel,29,3,4.381192,1.8656316
5082,Post office,-1,3,2.5322022,4.85188
5112,Museum Island,28,3,5.470707,1.1996973
5139,fences,6,3,1.0817271,4.483779
5141,experience,-1,3,6.152053,4.1777363
5165,Stelenfeld,39,3,2.7731233,6.9313183
5174,Friends,32,3,4.217204,2.919848
5184,playing fields,11,3,-0.3181122,5.0517054
5229,Swimming pools,23,3,5.957081,8.316189
5295,Alameda,-1,3,2.6299853,8.84033
5329,cathedral,-1,3,0.46526405,9.4289875
5392,Catalan pavilion,-1,3,0.1399554,5.8212476
5402,Santiago de Compostela,57,3,2.1047363,9.3293915
5526,Bank pkobp market,-1,3,2.6027224,5.7085958
5565,club,32,3,3.9997764,3.001215
5587,Books,47,3,5.196298,3.1019728
5740,Bookshelf,47,3,5.1627264,3.0458715
5769,Appetizing,15,3,7.4308295,9.945813
5829,Colors,35,3,7.6023407,5.39749
5874,Saint Martha,41,3,0.8020163,9.871729
5877,Playground,10,3,-0.7766903,5.444427
5878,basket,-1,3,1.7392544,5.61982
5882,ride,7,3,-0.3713287,2.8929636
5886,narrow street,9,3,-0.33550033,1.6185871
5898,Multidirectional,-1,3,4.2490134,3.4681957
5942,Barca,57,3,2.3911915,9.230153
5978,portal,-1,3,1.3465006,4.113255
6019,pastry shop,15,3,7.9283314,10.18082
6099,schools,16,3,3.1950245,0.89783835
6158,Squero,-1,3,4.5316544,7.286199
6189,entrance,6,3,1.1233813,4.3368545
6198,avenue,9,3,-0.43306205,1.7807776
6206,empty,54,3,4.1786733,4.900782
6221,abandonment,54,3,4.0688715,4.855035
6249,greengrocers,-1,3,4.775365,9.511315
6280,osteria,13,3,7.1329317,8.836366
6312,fortune,60,3,5.266139,4.4223037
6344,Ice-cream,15,3,8.025808,9.837665
6366,fun,-1,3,6.305578,5.004899
6403,People Mover,4,3,0.65670854,2.3160975
6483,Darsena,58,3,3.7256312,7.792056
6631,pavilion,-1,3,0.13891163,5.7968636
6649,rain,24,3,6.2690496,7.670835
6678,tunnels,-1,3,-0.5383417,3.7965004
6813,concert,30,3,6.94582,1.1942136
6834,Bustle,-1,3,4.5327015,7.377914
6863,l'horta,58,3,3.4228745,8.65583
6901,sombra,26,3,6.740725,7.2259707
6954,sonora,27,3,7.805098,1.9603761
7008,bullring,-1,3,4.6830163,7.0139294
7027,Nazareth,40,3,0.48110655,9.684562
7040,La Roqueta,57,3,2.4227839,9.300186
7143,Deus,40,3,0.42631775,9.6746235
7161,free market,38,3,1.4337155,5.3076253
7173,dorinanowill,58,3,3.5250664,8.07697
7197,bus,3,3,-1.3781371,3.0550523
7217,Anhangabau Valley,58,3,3.0364828,8.132718
7243,paulo,57,3,1.5895147,8.872832
7250,access,49,3,3.2338905,3.1636097
7260,Vergueiro,58,3,3.6933174,8.258999
7261,Bengal,-1,3,3.6113443,6.746644
7314,Alex Flemming,58,3,3.8663065,7.6887074
7348,Santa Catarina Hospital,-1,3,1.5433918,9.611443
7430,casa,22,3,0.6788476,6.416211
7465,photograph,35,3,7.599625,5.142943
7497,cadevi association,32,3,4.1718664,2.9514635
7587,lack of accessibility,49,3,3.2509282,3.1829035
7598,GCM,-1,3,4.082447,6.1447215
7612,Barra Funda,57,3,2.56495,8.697057
7632,strawberry,18,3,4.461722,9.902269
7636,Museum,28,3,5.529021,1.1838645
7639,contemporary art,35,3,7.83777,5.522561
7664,exhibition,28,3,5.149442,1.5917169
7666,Sesc,46,3,5.1344204,6.8245015
7758,trail,33,3,3.9373224,2.454607
7762,Folklore Museum,28,3,5.4747214,1.2948915
7883,Street,9,3,-0.36465502,1.6371533
7893,Pedestrian street,-1,3,-0.02074863,1.9271979
7898,Camino,33,3,3.8641665,2.4883158
7915,sound traffic light,25,3,7.4863205,7.029893
7943,ruta,33,3,3.8645713,2.5137382
7950,Pont,23,3,5.929917,8.4926815
7959,Cerdanya,-1,3,4.5579214,7.262764
7978,first tram,3,3,-1.1040852,3.3787558
7991,Raven Valley,58,3,3.0076413,8.066158
7993,vines,-1,3,5.9718447,9.872256
8022,sound postcard,27,3,7.7940183,1.9543132
8211,years,61,3,5.210238,4.106303
8221,here,60,3,5.850348,4.550918
4671,pebbles,46,2,5.10032,7.0361114
4716,signage,-1,2,4.6124425,3.7570777
4717,engine,-1,2,3.306105,5.8842444
4728,medici,42,2,2.1785502,3.9157524
4775,chains,45,2,3.391405,6.124087
4793,stalls,38,2,1.3065801,5.389116
4809,MECO,58,2,3.3845859,9.044279
4817,Italian forum,50,2,2.4157455,10.416572
4836,hhome,58,2,3.8314462,6.9889574
4860,deterrent pillar,51,2,2.827131,4.3306117
4864,wait,60,2,5.6056676,4.652099
4946,Domingo,57,2,2.1522865,9.47945
4959,cokes,-1,2,5.106341,7.526423
4974,Job,44,2,2.8632617,5.4399905
4976,fruit boxes,18,2,4.396709,9.886265
4979,bus stop,3,2,-1.4372911,3.0175583
5051,Ping-pong,11,2,-0.18931995,4.958427
5059,BB9,45,2,3.4792767,6.407537
5067,Deck chairs,22,2,0.47460854,6.081404
5074,Bier,14,2,6.5045376,9.923437
5088,police,-1,2,2.736466,4.704278
5097,ABSV,55,2,4.0901203,6.537388
5105,defect,54,2,4.249295,5.1786118
5107,lack of tactile paving,34,2,6.8269863,5.7048163
5109,Crossing,-1,2,0.054852683,2.5180507
5127,cinemas,-1,2,6.0968895,1.293379
5149,violin,30,2,7.170435,1.2258474
5164,Brandenburg Gate,6,2,1.1839709,4.430249
5171,practice,-1,2,1.500543,2.5947473
5175,selfies,35,2,7.5343566,5.1255856
5193,Water pump,23,2,6.0184245,8.300067
5208,Performance,-1,2,6.4102044,1.3255832
5220,Galway,-1,2,6.049113,9.210394
5221,NCBI,45,2,3.57392,6.4119954
5233,Antoni Abad,-1,2,2.7316694,9.669955
5237,Pond,23,2,5.989062,8.495924
5290,Education,16,2,3.3090625,0.93481696
5308,School,16,2,3.2160223,0.93439883
5309,Stones,46,2,5.0718637,6.990784
5310,Cabin phone,-1,2,2.4361968,4.7191634
5315,CORREOS,58,2,3.9251957,8.501357
5320,hair helmet,58,2,4.001008,7.0691895
5338,taxi stop,3,2,-1.2782238,2.8994308
5353,drinking water,23,2,5.969825,8.328423
5372,Generic info,-1,2,4.768403,3.3602514
5376,Food area,15,2,7.4006753,10.156021
5380,Heat,24,2,5.861612,7.4962153
5383,Narrow street,9,2,-0.35533747,1.5889384
5407,No transition,54,2,4.0885334,4.8705134
5417,Hole in the sidewalk,46,2,4.946788,6.6894236
5422,Welcome,43,2,6.602189,4.026638
5426,Polish Association of the Blind,36,2,7.630578,4.345698
5455,Chameleon,-1,2,4.2670093,8.777445
5491,Recreation,10,2,-0.71529126,5.3823705
5501,Ladybird,12,2,7.7842917,8.1971655
5531,model,22,2,1.7316291,6.372702
5534,Pies,15,2,7.720119,9.920034
5578,Piano,30,2,7.2430143,1.211594
5592,Kiosk,37,2,1.9991186,5.4690647
5595,Ice-cream,15,2,8.01412,9.844033
5609,A humming puzzle,-1,2,7.4502325,2.2868283
5637,supermarkets,37,2,1.7832869,5.319692
5640,Main station,3,2,-1.2546868,3.7161953
5659,Drum,30,2,7.3587193,1.4030669
5660,silence,2,2,9.019249,6.3489075
5661,gretapower,-1,2,3.3375962,4.3808203
5667,prosecco,-1,2,2.993502,9.716194
5696,Calatrava bridge,-1,2,0.06436738,3.286522
5697,Piazzale Roma,50,2,2.275274,10.433857
5741,acqualt,58,2,4.0182104,7.871349
5743,magic,59,2,6.2397733,4.933645
5761,San Marco,50,2,2.0042758,10.041124
5772,Guggenheim,28,2,5.452567,1.2915804
5801,German warehouse,-1,2,2.4434242,6.357577
5808,Toys,-1,2,6.5145545,5.2518597
5859,laguna,23,2,5.909902,8.494352
5862,Prison,22,2,0.8230994,6.484184
5866,Rialto,-1,2,3.1466637,9.1488905
5881,dark,26,2,6.791131,7.2314577
5905,forest,20,2,5.1355677,10.415416
5906,nightinvenice,26,2,6.7574363,7.133164
5921,statue,-1,2,7.323642,5.858768
5924,Arsenal,11,2,0.038392663,4.879367
5929,Crowding,-1,2,2.987892,2.5361485
5955,Worksite,44,2,2.6932263,5.612635
5956,tradition,61,2,5.083042,3.966039
5971,pesce,13,2,7.1560097,8.864858
5972,Aaudiolibro,27,2,7.546255,1.7859215
6048,building model,22,2,1.5667988,6.4666
6052,platforms,49,2,2.8808753,3.4318874
6057,Local,22,2,1.4251161,7.363702
6059,News kiosk,-1,2,2.4545517,4.897616
6088,railing,-1,2,0.23607358,3.7713165
6095,San Rocco school,-1,2,1.9894606,10.155917
6104,frari,58,2,3.6684146,8.558075
6105,san polo,50,2,2.0413053,9.936807
6119,poetry,-1,2,5.7189307,3.3192904
6122,tables,15,2,7.231995,10.507423
6124,disabled access,49,2,3.1603644,3.2673132
6133,riva,58,2,3.8074946,8.19143
6153,license plates,8,2,-0.91918993,2.3008556
6166,rocco,-1,2,2.5458891,10.158769
6174,Catwalk,-1,2,-0.028563669,1.8930117
6193,information,-1,2,4.78596,3.4105015
6197,Rest,2,2,9.079754,6.831585
6199,rides,7,2,-0.41004553,2.8953123
6209,manholes,46,2,4.9312673,6.7183385
6212,Partisans,52,2,4.19499,4.244957
6214,parking,3,2,-1.2144997,2.8379838
6259,navi,58,2,4.0190325,7.2562184
6270,Seven,60,2,5.412371,4.5003777
6272,students,16,2,3.2761142,0.9395788
6281,spritz,-1,2,4.8637886,7.528095
6309,donne,17,2,3.1383097,1.9786168
6322,buildings,22,2,0.8702388,7.117984
6332,Job,44,2,2.8625278,5.436922
6337,synagogue,40,2,0.31009606,9.516739
6339,bakery,15,2,7.9462366,10.195875
6343,craftsmanship,-1,2,3.020113,5.825817
6354,Movement,4,2,0.7320056,2.3316681
6372,water,23,2,5.9930854,8.345667
6373,noise,27,2,8.113569,2.1880004
6376,pizzeria,15,2,7.6064687,10.46963
6378,court,11,2,-0.13314983,4.8808155
6394,Parking,3,2,-1.1968033,2.8256109
6418,Hostel,22,2,0.7697627,6.5905304
6425,venetians,50,2,2.331526,10.561674
6447,Lido,-1,2,3.636582,9.230719
6449,pool,23,2,6.008535,8.308316
6459,tennis court,11,2,-0.26737413,4.929428
6465,s.Elena,-1,2,3.3199692,7.931611
6489,Utilities,-1,2,3.2521203,3.9975293
6521,Office,-1,2,2.782959,5.064764
6528,souvenir,28,2,5.514576,1.6256703
6533,supermarket,37,2,1.8134203,5.3122034
6540,Casino,11,2,-0.082192235,5.094602
6545,Environmental description,19,2,5.2190294,9.0121975
6551,Beaches,23,2,5.539164,8.367657
6603,Location description,22,2,1.4795649,7.373352
6607,family,-1,2,3.5139408,2.6059804
6618,Olafur Eliasson,58,2,3.6257744,7.781722
6619,Green Light,-1,2,7.1843233,7.101845
6632,Venezuela,57,2,2.740687,9.2551155
6636,Nordic countries,39,2,2.75211,6.84305
6648,storm,24,2,6.221599,7.562005
6651,Party,32,2,3.9771917,2.9571605
6653,documenta,-1,2,4.930894,3.3632495
6655,Concerto,30,2,7.036485,1.1774415
6667,rosa,-1,2,4.6319084,9.442058
6676,earrings,36,2,7.3699565,4.6995125
6685,textures,34,2,6.8021064,5.65781
6710,uncivic,54,2,4.260521,4.699712
6721,Plants,21,2,5.1989512,9.913953
6724,Loves,32,2,4.379035,2.9875944
6747,Moscowneversleeps,-1,2,3.1387174,7.1282682
6749,Center of the travelers,29,2,4.573621,1.8399394
6783,fauna,-1,2,5.5647945,9.162029
6820,Sing,31,2,6.928066,2.1825933
6826,urban details,22,2,0.779245,7.4264703
6829,channel,1,2,-1.2686727,7.3606844
6862,Picanya,60,2,5.7776036,4.6280756
6876,Oven,14,2,6.8627453,9.914276
6902,flavors,15,2,7.2186885,9.701642
6923,Tranquillity,2,2,9.08752,6.499458
6924,Pigeons,12,2,7.812271,8.183251
6928,blackbirds,12,2,7.7701583,8.174925
6931,arena,11,2,-0.22457454,4.931052
6932,street music,30,2,7.039031,1.2393051
6947,voice,-1,2,6.7472653,2.5669405
6949,show,28,2,5.3415494,1.6536103
6950,market,38,2,1.373111,5.410045
6952,interview,-1,2,6.013174,2.9934256
6959,paint,35,2,7.738361,5.4281006
6964,games,11,2,-0.100114554,4.9596925
7005,browsing,49,2,3.3195438,3.0966196
7009,second part,-1,2,5.3287535,4.533416
7024,Aroma,-1,2,6.9532557,9.482574
7025,grass,21,2,5.2539196,9.603028
7077,Torres Quart,57,2,2.7898655,9.026089
7082,The first Valencia XI,57,2,2.1260643,9.369081
7083,Churros,58,2,3.8316088,8.744201
7170,São Paulo,57,2,2.1621518,8.87241
7188,Dorina Nowill,58,2,3.4738312,8.012375
7201,Architecture,22,2,1.2463709,6.6404786
7208,experience,60,2,6.107263,4.2618318
7209,Rosewood,20,2,5.1570644,10.332035
7210,City Matarazzo,57,2,1.9863387,9.457056
7214,Cheese bread,15,2,7.573468,9.99454
7244,Cultural center,29,2,4.6167974,1.820339
7249,a great institution,16,2,3.353512,0.7829045
7274,tactile floor on the right,34,2,6.8074408,5.6957445
7275,piso,22,2,1.2156572,6.235654
7311,rehearsal,30,2,6.6726394,1.2138327
7350,blindwikibr,-1,2,7.7806215,4.1202297
7354,Roselene,-1,2,4.5629444,9.272446
7364,Bishop of Rosario,41,2,0.74353236,9.849139
7409,Shopping city São Paulo,57,2,1.9946793,8.844599
7420,Mequi 1000,45,2,3.4262145,6.449007
7435,Thanks,43,2,6.588892,4.038414
7445,Moreira Salles Institute,57,2,2.0950172,8.990313
7449,singing and enchanting,31,2,6.98101,2.164207
7450,street trading,38,2,1.4558916,5.441199
7454,diversity in Paulista,57,2,1.7680057,8.810967
7458,crafts in Paulista,-1,2,2.002468,8.657202
7459,street artist,35,2,7.8170757,5.5096774
7466,Moreira Salles,57,2,2.7147393,9.109281
7476,trees,20,2,5.1213875,10.465769
7485,trash,44,2,2.843699,6.133563
7491,Assoc,58,2,3.9042003,7.724078
7523,people,-1,2,3.1013923,2.503597
7524,holes,46,2,4.9222293,6.6497726
7549,Oswaldo Cruz College,57,2,2.1372645,9.149455
7553,resilience,-1,2,3.411885,4.526644
7564,Sidewalk,9,2,-0.25668505,1.630983
7602,Memorial America Latina,57,2,2.3289135,9.2805
7609,Camaragibe Street,57,2,1.7812717,9.01467
7634,Sorocaba Route,57,2,2.4543924,9.207205
7663,Sesc Sorocaba,57,2,2.6852338,9.134931
7665,Carolina Maria,-1,2,1.7075872,9.600274
7668,sp,-1,2,4.8504148,7.4442115
7683,Eodoviaria,58,2,3.7548156,8.626299
7712,Rota,58,2,4.0488586,7.829267
7724,Testimonial,-1,2,7.2713275,4.290347
7734,Different look,-1,2,7.1542892,4.8332
7745,Taste festival,15,2,7.2728295,9.75661
7754,Basalt,46,2,4.9972043,6.97999
7787,spring,24,2,6.1485753,7.605792
7838,Treats,15,2,7.322078,9.8677025
7843,Sustainability,19,2,5.1569533,9.090934
7851,New server,49,2,3.1813304,3.366962
7869,claim,-1,2,4.1513486,4.6388464
7897,bus,3,2,-1.4142883,3.043886
7905,Arc de triomph,-1,2,2.7827988,8.108686
7920,sound landscape,27,2,7.9458723,2.037383
7937,parks,10,2,-0.95937043,5.6398025
7940,road,8,2,-0.58638203,2.1230166
7946,attention,-1,2,4.6734176,3.9337153
7949,urban elements,22,2,0.712687,7.407355
7954,touch element,48,2,2.3449368,2.9886029
7956,riu,-1,2,5.907701,4.876207
7957,mountain,58,2,3.0130303,8.0997925
7961,random,56,2,5.096474,5.246948
7967,information panel,-1,2,4.691845,2.9684706
7969,Church of Rigolisa,41,2,0.7855728,9.82756
7981,horses,12,2,7.082105,7.9878407
7983,sons,17,2,3.0795617,1.7390503
7994,But Fogonussa,58,2,3.2005897,8.614954
8010,Oreneta park,10,2,-0.9763428,5.6431775
8016,load,49,2,3.04112,3.1896234
8018,Monastery of Pedralbes,41,2,0.8542951,9.834989
8039,hello,43,2,6.608042,4.0019946
8045,well,60,2,5.8789797,4.280647
8050,ambient,19,2,5.222134,8.915088
8087,Road,8,2,-0.6115376,2.1582723
8094,Walk,4,2,0.6087271,2.2385056
8100,obstacle,-1,2,3.8595772,5.3196526
8136,I run,4,2,1.4165826,2.4070125
8160,part,60,2,5.3361797,4.5816813
8163,campiello,58,2,3.6037738,8.8679
8164,fontana,23,2,6.07569,8.260052
8176,birds,12,2,7.829924,8.169
8205,cascades,24,2,6.253814,7.7806606
8241,to suffer inwardly,54,2,4.523276,4.9990444
8242,terrace,22,2,1.5457399,6.673634
1754,trial,56,1,5.119559,5.4243307
2916,obj.casa,22,1,0.6822438,6.414774
4619,accademia,16,1,3.2886994,0.8984707
4677,maps,22,1,1.6956791,7.243603
4805,plans,52,1,3.3345726,3.9918623
4811,Indian restaurant,15,1,7.5313473,10.425119
4813,Garden pub,21,1,5.3859444,9.851497
4814,outdoors,22,1,1.6271796,6.8930955
4821,Italian restaurant,15,1,7.5252347,10.481601
4823,exercise,4,1,1.3094016,2.3901577
4824,Irish pub,14,1,6.341133,9.758962
4827,inconveniences,-1,1,4.3508053,5.3944445
4835,Indian Pakistani restaurant,15,1,7.5187654,10.45724
4837,very manly,58,1,3.77024,6.9849563
4839,ferwharf,23,1,5.9514356,8.653138
4840,helpful staff,-1,1,3.3280067,3.7636418
4841,walking exercise,4,1,0.9579671,2.3158627
4842,fantastic pub food,15,1,7.4250407,10.249806
4843,exercisey,4,1,1.3345485,2.4034634
4844,laundromat,44,1,2.690004,6.0484276
4846,support group,-1,1,3.847865,2.9816532
4868,antecedent,61,1,5.03829,4.080924
4870,I don't know,54,1,4.5236697,5.0986557
4948,Test tube,56,1,5.13039,5.6184464
4949,in the eacc,-1,1,4.4400725,5.9949756
4952,things,-1,1,5.321593,3.902919
4957,clouds,24,1,6.302094,7.3614736
4960,wood bread,15,1,7.513144,9.972955
4961,pastries,15,1,7.856887,9.939781
4963,Description,-1,1,5.120789,3.7090816
4965,fairground,-1,1,0.4120568,5.4269824
4971,Aid,52,1,3.46094,3.850877
4980,curbs,9,1,-0.30482286,1.6181432
4986,Terra,19,1,5.2885246,8.779317
4991,Relax sin coffee,15,1,7.5911202,10.247466
4992,chica grey,58,1,3.201137,8.338703
4994,Wardrobes,44,1,2.5878975,5.963949
4999,above the sidewalk,9,1,-0.22096956,1.62146
5005,vending machine,-1,1,2.1795478,5.3532763
5006,largo,58,1,3.7848167,7.6352797
5007,many meters,-1,1,3.5438735,5.490931
5008,english court,61,1,5.118998,4.1447744
5009,limelight park,10,1,-1.0475152,5.720395
5017,Canon,-1,1,4.5043554,6.6682796
5018,blonde,-1,1,7.3840466,5.3052287
5030,Wifi,49,1,3.1665227,3.357528
5050,Exhibition,28,1,5.1571865,1.5805248
5055,touch,48,1,2.301443,2.9298854
5058,faces,-1,1,7.0696216,5.079867
5060,Ferry,1,1,-1.6439584,7.842355
5065,Cucumber,18,1,4.406406,9.790238
5069,Wurm,58,1,4.029805,7.136648
5071,secret,-1,1,2.6738088,4.488692
5076,Grill,15,1,7.1373963,9.929764
5077,Recording,27,1,7.485151,1.9897891
5078,welcome,43,1,6.5984225,4.0328856
5084,Tacheles,34,1,6.9000435,5.850209
5086,squat,-1,1,2.3782635,6.2655277
5089,best,60,1,6.1780844,4.295574
5090,Water tower,23,1,6.0831985,8.449724
5091,jump,4,1,1.4119394,2.1617792
5093,MIDI,30,1,7.305661,1.3765961
5095,Sound installation,27,1,7.7994742,1.8965126
5096,Staircase,0,1,1.3229021,0.15281789
5098,meeting,-1,1,4.9764633,2.4716434
5099,supermarket,37,1,1.8014694,5.29419
5108,campus,16,1,3.2194793,0.8142483
5111,Tastmodell,48,1,2.323839,2.9823918
5113,Flea market,38,1,1.3592526,5.4133296
5116,Holz,58,1,4.1278944,7.1622987
5117,Recommendation,-1,1,3.032337,3.93774
5123,cultural centers,29,1,4.574862,1.8103461
5128,performances,30,1,6.6063757,1.2049624
5129,pedestrian crossings,-1,1,0.013137534,2.09796
5130,university campus,16,1,3.2478185,0.8017967
5131,audio guides,27,1,7.7280464,1.8918626
5132,Side street,9,1,-0.28473452,1.629785
5134,acoustic signal,27,1,7.921189,2.054721
5135,chicken,15,1,7.309588,9.814851
5136,Brandenburgertor,39,1,2.5516808,6.7013097
5146,Think about it,60,1,5.642632,4.462675
5147,Zoo,-1,1,5.777806,9.118083
5151,Reichstag,39,1,2.6166556,6.7806644
5154,Spree,-1,1,4.76921,7.696452
5155,Street crossing,-1,1,-0.0018757158,2.1798506
5160,quiet,2,1,9.07732,6.4029384
5162,Conspiracy theory,-1,1,4.70794,4.5849934
5163,Peace Run,52,1,3.933619,4.0857644
5169,Hope,-1,1,5.3208036,4.959351
5172,annoying,-1,1,5.032475,5.895585
5176,Raben,58,1,3.8457916,7.1081095
5177,Chestnut Avenue,9,1,-0.31427693,1.6293608
5179,Berlin Wall,-1,1,2.318639,6.35557
5180,Saxophone,30,1,7.234551,1.2537004
5185,Bakery,15,1,7.954937,10.166531
5187,Balzer,58,1,4.124658,6.9879403
5188,Dead end,54,1,4.261763,5.078594
5189,oasis,-1,1,5.6371655,7.728466
5191,Shopping in Berlin,-1,1,2.0399916,5.7337894
5192,backyard,22,1,1.3893657,6.8147445
5194,no drinking water,23,1,5.841362,8.246891
5195,Public space,22,1,1.0740193,7.137108
5197,Anezettelt,58,1,4.18449,7.316853
5198,Central lido,3,1,-1.251489,3.2730057
5199,fountain,23,1,6.052779,8.266568
5200,French embassy,-1,1,2.412552,8.298644
5201,Paris Square,-1,1,0.76636463,7.842286
5202,Noise,27,1,8.157388,2.1916776
5203,Quiet,2,1,9.06166,6.386538
5204,Holocaust Denkmal,28,1,5.601121,1.5324192
5206,Events,-1,1,5.133657,4.331336
5207,Michael Jackson,30,1,7.183135,1.5134937
5209,Hohenschönhausen,39,1,2.687806,6.8774133
5210,Jail,22,1,0.81035423,6.510499
5211,blind guided tour,36,1,7.648092,4.3251553
5212,helmut,-1,1,3.4335866,5.0385633
5214,moin,58,1,4.3312283,6.9431806
5215,Bsbh,-1,1,3.5522523,6.7005105
5216,blind,36,1,7.664296,4.3111362
5217,visually impaired,36,1,7.6043906,4.443225
5218,blind self-help,36,1,7.6365814,4.3648715
5219,Advice,-1,1,2.9767594,4.0309887
5222,First,-1,1,5.457718,5.430392
5223,i m on Market Square,-1,1,1.4160005,5.686553
5230,Compostela,57,1,2.328994,9.329488
5232,Gaiteiro,58,1,3.9226665,7.041935
5239,the whale,13,1,7.112286,8.688437
5240,milladoiro,58,1,3.7124078,8.502694
5241,Ames,-1,1,4.397204,6.2096186
5246,ONCE,-1,1,5.460398,5.2263207
5248,Traffic workshop,8,1,-0.9140627,2.39723
5251,Fochanca,58,1,3.451752,8.961911
5254,paso,0,1,1.3660234,0.14431521
5255,Photocopies,35,1,7.5999894,5.1834984
5257,student services,16,1,3.253553,0.83684736
5258,Works,44,1,2.8430684,5.501286
5260,Non-sounding traffic lights,25,1,7.474665,7.0333056
5262,A citizen,52,1,4.155083,4.119302
5264,mathematics,56,1,4.8359127,5.4390206
5266,do it,60,1,5.737005,4.5549464
5267,engineering school,16,1,3.1967943,0.9300176
5269,Kill the blind,36,1,7.578991,4.2640104
5270,IA,-1,1,4.368609,5.792348
5271,Ia,60,1,5.711451,4.389089
5273,IIT,-1,1,4.4345737,5.801583
5274,dangerous ramp,53,1,3.6366374,5.267411
5276,CACTUS,58,1,3.7429967,8.856453
5277,TYC,55,1,4.0394263,6.6358614
5278,Printing,44,1,2.9688997,5.224609
5280,OPUS,-1,1,4.186477,8.279891
5282,Athletics tracks,11,1,-0.25687462,4.817267
5285,Caution mommy,51,1,2.913193,4.4439874
5286,green area,19,1,5.0665407,9.099655
5291,Institutes,16,1,3.2455642,0.79807174
5294,Kiosks,37,1,1.9671683,5.4719024
5300,Sound traffic light,25,1,7.483638,7.0327396
5302,Brewery,14,1,6.5301795,9.955606
5305,line 5,-1,1,4.632416,3.68992
5306,Churches,40,1,0.3141846,9.544764
5311,Inaccessible entrance,6,1,1.1009549,4.292874
5312,Supermarkets,37,1,1.7556007,5.3594847
5313,frozen,24,1,5.9338546,7.505294
5319,Franco,57,1,2.7960188,9.511118
5322,Hamon,58,1,3.833449,7.592229
5323,goodjamon,60,1,6.19301,4.349794
5324,snack,15,1,7.4263997,9.919093
5325,MEMORIES,-1,1,5.4936233,2.272838
5326,traditional,61,1,5.0102267,3.9224248
5328,Platforms,49,1,2.8828778,3.4263787
5330,hostel,22,1,0.7799214,6.527464
5331,with cello,30,1,7.214052,1.2494465
5333,workshop,44,1,2.9353628,5.5817504
5335,Taverns,14,1,6.5219765,9.935695
5336,convent,41,1,0.6802083,9.792026
5340,holy lucia,-1,1,1.0993568,9.830213
5341,pilgrims,40,1,0.34681013,9.594528
5342,Fairs,-1,1,0.5575843,5.3973093
5343,San Martin Pinario,57,1,2.0153294,9.648613
5344,Cloister,-1,1,4.522332,6.7365026
5345,Disabled access,49,1,3.2176924,3.2335331
5347,House of Troy,22,1,0.81641436,7.0294986
5352,rest,2,1,9.0796795,6.8197746
5358,Portals,-1,1,1.2704284,4.1410656
5359,Works completed,44,1,2.7893295,5.5167475
5361,summer,24,1,6.087317,7.426527
5362,Disabled deadlines,-1,1,3.462287,4.400755
5364,Villages,22,1,1.3621448,7.3149567
5371,a,-1,1,5.357196,4.0508337
5373,strand,23,1,5.5129604,8.397122
5374,Italian,50,1,2.4146311,10.391736
5375,extertal,-1,1,5.1928396,4.8877635
5377,Drugstore market,37,1,1.8725708,5.3834996
5378,the wallpaper,5,1,0.7997871,4.769136
5381,Sightseeing,29,1,4.4816923,1.7249061
5382,General info,-1,1,4.729982,3.405204
5384,Fitness,4,1,1.3414329,2.4465783
5385,Recommended to visit,29,1,4.517339,1.6964513
5390,Sign,-1,1,4.7071323,3.774812
5393,Totem,58,1,4.2881837,7.223292
5404,Halo,43,1,6.603605,3.98527
5409,A huge cat,12,1,7.6213512,8.258581
5411,backyard,22,1,1.3486619,6.8367615
5413,A poem on the wall,-1,1,5.7801332,3.26899
5414,big intersection,8,1,-0.35190845,2.0276723
5415,Narrow sidewalk,9,1,-0.30374932,1.6067836
5416,voiced,31,1,6.7051086,2.6084833
5418,Church,40,1,0.37265673,9.59072
5419,church,40,1,0.30485314,9.541458
5420,church,40,1,0.28523377,9.57669
5423,Hello Tadeusz,-1,1,3.0701833,7.150365
5424,Tomek,58,1,4.2327228,7.233775
5427,Iza Dawidowicz lives here,-1,1,3.1408658,7.223283
5429,Gródek,21,1,5.099207,9.660481
5430,We are looking for the Internet,49,1,3.3521771,3.2661462
5432,Muchomory,60,1,5.4598656,4.6564817
5433,mushrooms,21,1,4.9216857,9.832488
5434,Field,11,1,-0.28861618,5.0680075
5435,artificial surface,34,1,6.685552,5.660688
5436,Smoking room,22,1,0.61753315,6.2539434
5437,Towards the center,29,1,4.8004513,2.036335
5438,Oak,20,1,5.2202272,10.361934
5439,Laka Laka,-1,1,4.321772,4.587098
5440,stadium,11,1,-0.24515218,4.9467053
5443,noise,27,1,8.148708,2.1898112
5444,heavy traffic,8,1,-0.935692,2.418165
5445,intersection,-1,1,-0.32361117,2.0052435
5446,Playing on the grass,11,1,-0.29106304,5.064149
5447,Pulsantis Clinic,42,1,2.0396144,3.8894079
5448,Market Hall,38,1,1.3266275,5.4413753
5452,funlife,-1,1,6.316317,5.0663133
5453,Training,-1,1,1.4349506,2.5377252
5454,Market fountain,23,1,6.048409,8.288978
5458,Pregież market square in Wrocław,-1,1,1.3652662,5.7915883
5460,Now,60,1,5.717422,4.473086
5461,Stairs to Never,0,1,1.3483089,0.14608057
5462,Good,60,1,6.1775966,4.3060255
5463,Shooting square,-1,1,0.8216616,7.9073534
5464,Spacer,22,1,2.159183,7.3386807
5465,Phoenix,-1,1,5.5953293,7.547242
5467,Out,-1,1,5.3913493,4.764785
5468,Wrocław City Hall,22,1,0.5833701,7.250207
5469,Read them into croissant no shit I can hours if you,15,1,7.548274,10.009115
5472,vodka,14,1,6.4104023,9.826031
5473,According to the Malgosia,58,1,3.595245,8.806783
5475,passage,-1,1,4.4984856,3.7074695
5478,Kino helios,-1,1,5.347204,7.4049945
5479,A hut on a shambles,22,1,1.0754534,6.730746
5480,Vitaminka market in Wrocław,38,1,1.4112257,5.5142913
5481,puddles,24,1,6.2176228,7.855763
5484,withered flowers,21,1,5.087111,9.894191
5485,beautiful greenery,21,1,5.3087325,9.712427
5486,Archers,11,1,-0.14887375,4.8595557
5487,hidden stairs,0,1,1.3290428,0.12904763
5488,Tourism,29,1,4.515486,1.6909257
5489,Exit,6,1,1.121726,4.3214264
5490,no passage,54,1,4.06071,4.776117
5492,Castle pond,23,1,6.0474005,8.598044
5493,lights,-1,1,7.1803246,7.0757284
5494,tir,58,1,4.2578106,7.1634617
5495,Attention,-1,1,4.6550007,3.9935176
5496,no poverty,52,1,3.9106894,4.2362185
5497,lawn,21,1,5.283836,9.608697
5498,plants,21,1,5.17586,9.938304
5499,Safety square,-1,1,2.7687871,4.404577
5500,Stachu container house,22,1,1.0044768,6.406737
5503,ducks,12,1,7.7857924,8.1917095
5504,fish,13,1,7.1536455,8.84893
5505,Mud,46,1,5.0190887,6.7979527
5506,Antoni,-1,1,2.4712124,10.067283
5507,Harmonica,30,1,7.3147097,1.308308
5508,silent hunter,2,1,9.033941,6.3675404
5509,bridge,-1,1,0.09602128,3.2226062
5510,we don't bathe,23,1,5.755907,8.178519
5511,Musician,30,1,7.1946936,1.2776576
5513,Cyganka,58,1,3.8414943,8.69907
5514,jessica,58,1,3.2228303,8.147328
5516,Bakery on Bema Street,15,1,7.991817,10.180279
5517,EnglishNo ice cream on Bem,15,1,7.997598,9.819973
5520,Clinic on Pabianicka Street,42,1,1.938832,3.9539204
5521,Post office in the market square,-1,1,2.2900999,4.9717093
5524,PCZ Sienkiewicza clinic58,42,1,2.0136883,3.9300995
5525,Taxi,8,1,-0.9572025,2.4261315
5528,queue,-1,1,2.9475863,2.7562132
5529,riddle,-1,1,5.2272763,5.1955104
5537,Interview,-1,1,5.9917006,3.002082
5542,water,23,1,5.962241,8.374832
5544,Valerian Dominican,57,1,2.531294,9.301656
5546,kids,17,1,3.0219114,1.6769959
5547,squab,58,1,4.651161,7.460422
5550,galeria domikanska,57,1,2.3472278,9.062176
5552,Oława Gate,6,1,1.087866,4.360781
5553,miniatures,34,1,6.696661,5.4664745
5555,Noise,27,1,8.14517,2.185197
5557,Package,52,1,3.2826421,4.0830464
5558,earth and tree,20,1,5.148098,10.384597
5559,Lodz,58,1,4.1692004,7.1384387
5560,chicken liver,15,1,7.2551994,9.727414
5563,Sat,-1,1,4.929967,2.5201623
5564,lost,54,1,4.087286,4.9138637
5566,Hot packs,-1,1,5.5493436,7.547296
5567,Hotel Monopol,22,1,0.66089743,6.649571
5568,Wrocław Opera,50,1,2.2493246,10.440981
5569,Promenade Staromiejska,-1,1,4.3282847,8.527105
5570,National Music Forum,30,1,7.158319,1.2507014
5571,MUSEUM,28,1,5.5016646,1.2282412
5572,Restaurant food,15,1,7.4769826,10.354259
5573,Main Railway Station,3,1,-1.2401422,3.682055
5574,Temporary bus station,3,1,-1.4001039,3.0886292
5575,Nowa-Ruda Waterworks Plant,23,1,5.9983287,8.365819
5576,BricoMarche Nowa-Ruda-Słupiec,-1,1,3.0265474,8.762628
5577,Mienice place-for-a-bonfire,14,1,6.6722956,10.071449
5579,street musician,30,1,7.1740146,1.3053979
5580,Whistling,-1,1,7.5924873,2.422984
5581,poetry,-1,1,5.707706,3.343171
5582,author meetings,-1,1,4.9261966,2.476097
5583,Fries,15,1,7.404191,9.872269
5586,Meeting point,-1,1,4.9495234,2.4861212
5588,Singers,31,1,6.9550366,2.1175845
5589,original song,31,1,7.0556216,1.8975619
5591,Mexico,57,1,2.573067,9.347855
5593,Galeria Dominicana,57,1,2.2723634,9.18002
5594,Toast,15,1,7.5096927,9.995128
5596,tubes,-1,1,4.753842,6.5265265
5597,ice cream shop,15,1,8.03506,9.911779
5598,lato,58,1,4.1346297,7.4336505
5601,City Hall,22,1,0.614555,7.2843204
5603,Bar witek,14,1,6.4580436,9.918062
5604,Bookstore,47,1,5.108006,3.027335
5606,Harbor,1,1,-1.5940708,7.801119
5607,Bridge of lovers,32,1,4.2868257,2.8696592
5608,Volunteer center,-1,1,2.861245,3.712442
5611,Kantor,-1,1,2.7875686,5.0833235
5612,cheaply,-1,1,2.7715962,5.0629616
5613,restaurant,15,1,7.531545,10.457158
5615,Kalambur,58,1,3.2164772,8.100687
5616,Impreza,-1,1,5.4033747,4.9216933
5617,downtown,22,1,0.69990224,7.393193
5618,Regards,43,1,6.5573707,4.0846725
5620,dream,-1,1,6.2267,6.793153
5623,steps,0,1,1.3667779,0.14235173
5624,Kamien,46,1,4.875486,6.989938
5625,mooring,1,1,-1.5765736,7.8065424
5626,Xawery Dunikowski,-1,1,3.0719166,7.1545544
5628,Polish hill,39,1,2.6286716,7.094596
5629,Bird sculptures,12,1,7.845979,8.138207
5630,Museum,28,1,5.5184608,1.2075613
5631,ivy,21,1,5.1905913,9.979839
5632,Freedom oak,20,1,5.160012,10.285473
5633,Crossing the streets,-1,1,0.06900539,2.1769035
5634,Kamienna Góra,58,1,3.0337155,8.465373
5635,Belts,45,1,3.611127,6.36956
5636,dobiegniew,-1,1,4.865074,5.090654
5638,attractions,29,1,4.6355696,1.5847508
5639,art galleries,28,1,5.3995323,1.3944035
5641,Conference,29,1,4.928904,2.3544264
5642,Dominikański Square,57,1,1.7338691,9.087107
5643,church of st. Wojciech,-1,1,0.5210302,9.753293
5645,Home Tag,-1,1,3.7461421,-0.71533036
5646,disaster,-1,1,4.0603323,5.1618657
5657,recording,27,1,7.56043,1.9919482
5662,Historic building,22,1,0.9039855,7.1930976
5663,presentation,-1,1,5.0151153,2.0282214
5664,quickoff,-1,1,3.7200124,4.692403
5668,salablu,58,1,3.3298101,8.695458
5674,touchable,48,1,2.3519623,3.0175939
5675,wayfindin,33,1,3.7386065,2.712821
5680,Fishmonger,13,1,7.1472073,8.85468
5682,Elderly group,-1,1,3.6499662,2.8286145
5683,Foundry,-1,1,3.122782,6.1376405
5684,bronze,-1,1,7.25348,5.8577065
5687,devotion,40,1,0.40953198,9.643998
5688,religion,40,1,0.35035273,9.614036
5691,Second World War,52,1,4.5378428,4.411541
5693,Displaced people from Pula,48,1,2.663642,3.3157642
5694,barracks,22,1,0.9140089,6.5833993
5700,Boat 5,1,1,-1.5828973,7.794479
5701,guidelines,-1,1,3.0872598,3.944832
5704,fish,13,1,7.162234,8.862838
5705,vegetables,18,1,4.5626884,9.789591
5706,Ca' Dario,57,1,2.7788267,9.337325
5708,poets,-1,1,5.70324,3.296176
5709,Punta Customs,57,1,1.9782892,9.536735
5710,landscapes,22,1,1.9292526,7.0392876
5711,horizons,22,1,1.9599682,6.9538
5715,Excavation,46,1,4.7795014,6.7128515
5716,Mori,58,1,3.7320971,7.640656
5717,rioba,58,1,4.2480383,7.4418716
5721,Tintoretto's house,50,1,2.2090588,10.128774
5724,porch,22,1,1.2010806,6.5501194
5746,Mailboxes,-1,1,2.4998507,4.881116
5749,querini stampalia,58,1,3.7109213,8.887026
5751,High water library,23,1,6.061991,8.332795
5757,multiethnicity,52,1,4.1525197,4.2429314
5758,Pianoforte,30,1,7.2168465,1.2238894
5765,stink,-1,1,5.1717386,6.3882146
5774,sadness,54,1,4.5993657,4.983584
5778,Pure,54,1,4.3327546,4.9374533
5779,fish,13,1,7.1511335,8.845354
5780,tobacco,-1,1,4.833428,8.409824
5782,Villa Heriot,57,1,2.446739,9.303553
5783,Civic centers,22,1,0.76115006,7.184617
5784,Rio will hold,57,1,2.198745,8.784487
5785,Tactile path,34,1,6.7827005,5.659099
5790,organo,15,1,7.171706,9.645578
5794,rope,45,1,3.4895844,6.448548
5796,public baths,23,1,5.8720536,8.201847
5797,follia,-1,1,5.3517694,5.1428933
5803,propellers,-1,1,5.8777223,7.163715
5805,inaccessible tactile paths,34,1,6.8095417,5.689697
5809,Sanctuary,-1,1,0.48270223,9.239026
5810,cups,15,1,7.321582,10.311105
5811,doorbell,-1,1,1.3969729,4.5492597
5812,toy,-1,1,6.4849677,5.2131915
5813,move,4,1,0.7316495,2.3357565
5815,dispay window,-1,1,3.4474545,4.456418
5816,Gondolieri,-1,1,3.2730124,9.194165
5818,Purses,-1,1,2.5186682,5.804554
5819,leather,45,1,3.5664232,6.4349256
5820,Try,56,1,5.205404,5.2551074
5821,Impressions,-1,1,6.2505794,4.6536746
5822,Salty,13,1,7.1878724,9.289968
5825,Wig,58,1,4.3179445,7.145476
5826,microphone,31,1,6.8331423,2.4596424
5827,hairy,58,1,4.4660697,7.1501875
5828,hospitalw,42,1,1.9862025,3.8045502
5830,Antony,58,1,3.7133682,7.770577
5832,Legend,61,1,5.2913275,3.8542607
5833,Venetian legend,50,1,2.2636585,10.614279
5834,dark Venice,50,1,2.312755,10.575899
5835,Very serene,2,1,9.077661,6.442519
5837,conzafelsi,58,1,3.5527177,8.78771
5838,San Marco school,50,1,1.9721661,10.088134
5842,door,6,1,1.128886,4.4998446
5846,beauty,-1,1,7.1428685,5.2456307
5847,Hare Krishna,58,1,3.6542861,7.529441
5848,dances,4,1,1.4046822,2.1212478
5849,Gressan,58,1,3.6289802,7.7569017
5853,Railway,3,1,-1.1275935,3.5268128
5857,cart,37,1,1.7696952,5.4596705
5858,conad,58,1,4.0839653,7.709079
5860,Position,22,1,1.5899363,7.217127
5865,dialect,-1,1,6.415905,2.8744724
5867,clinics,42,1,2.0021834,3.8859308
5868,Rest area,2,1,9.071847,6.8519664
5869,Saint James,41,1,0.71122795,9.875833
5871,point of interest,52,1,4.6586313,4.2229404
5872,guerra,52,1,4.597828,4.4653716
5873,memory,-1,1,5.468281,2.2878568
5889,wisteria,58,1,3.772632,8.0856695
5891,marin faliero,58,1,3.545572,8.929248
5892,colleoni,58,1,3.7293289,8.488211
5893,Boat 4.1,1,1,-1.5310043,7.7326283
5895,gateway,6,1,1.1749067,4.2936516
5896,Photo,35,1,7.6235647,5.2059603
5897,Shop.forcole.remi#,37,1,1.8960378,5.4442873
5899,station,3,1,-1.2386646,3.7182887
5910,Antiques,28,1,5.5227447,1.5601109
5911,terraces,22,1,1.6437488,6.7912793
5918,railing,-1,1,0.22777328,3.7545698
5923,Ropemaking,45,1,3.2966938,6.279033
5928,cautions,51,1,2.935535,4.440016
5931,trolley,3,1,-1.1168576,3.3402543
5935,material,-1,1,6.452253,5.6743736
5939,new road,8,1,-0.5747784,2.121439
5943,Frenzy,56,1,5.428447,5.2485776
5944,accents,-1,1,6.4241247,2.8592017
5945,Scooter,7,1,-0.30438325,2.935223
5946,Fried,15,1,7.3253,9.7980175
5947,liver,15,1,7.195224,9.674275
5948,Auditorium,30,1,6.6598744,1.1420798
5950,Canto,57,1,2.9657097,9.306562
5952,blind.wiki project,36,1,7.776044,4.1620812
5953,South lagoon,23,1,5.589424,8.462638
5957,Construction sites,22,1,1.7256724,6.4042935
5958,Precautionary,-1,1,2.7770562,4.226917
5961,fair,-1,1,0.6133825,5.333621
5966,Rialto market,-1,1,1.6315002,5.5124826
5976,pigeons,12,1,7.8033714,8.206955
5979,laundry,44,1,2.734157,6.073367
5982,multidirectional bridges,-1,1,0.071999066,3.1654263
5983,Music Museum,30,1,6.7710004,1.1319981
5986,welcome,43,1,6.591941,4.0555325
5987,Arsenal door,6,1,1.0715846,4.4862146
5988,I ring bells,-1,1,7.525908,2.3867126
5989,relief sculptures,-1,1,7.3420935,5.851292
5995,gondola with roof,1,1,-1.6648508,7.8587837
5996,gondola,1,1,-1.7035716,7.896425
5999,danger on the road,-1,1,3.363202,4.967042
6001,corner,9,1,-0.34245834,1.5763546
6002,tactile sculpture,34,1,7.037784,5.715669
6003,fried smell,15,1,7.2602587,9.689406
6004,screaming child,17,1,3.0152123,1.7290486
6005,prima,60,1,5.9957185,4.3638606
6006,Campanella,58,1,3.4340143,9.118395
6007,duomo,58,1,3.7108343,7.415173
6008,murano,58,1,3.3505397,8.904887
6009,Voicing,60,1,5.459772,4.6472135
6010,osmiza,58,1,3.599747,8.756441
6011,spring evening,24,1,6.179979,7.380079
6013,New version,52,1,3.4474711,4.0679793
6014,association,32,1,4.1804066,2.9239233
6015,uici,22,1,1.3405747,7.280884
6020,pastry shops,15,1,7.96222,10.188991
6021,Parapet,-1,1,4.1917863,6.82247
6022,Fiori,21,1,4.9679556,9.877984
6023,florists,21,1,5.0061975,9.819904
6024,face,-1,1,7.0433307,5.12879
6029,Decorations,35,1,7.7002277,5.525628
6031,registration,52,1,3.514085,4.0682015
6032,Frari church,41,1,0.69616205,9.799139
6036,San Tomà,-1,1,1.892173,9.872444
6037,pedotactile path,33,1,3.9000916,2.4385383
6040,Tolentini library,47,1,5.2850103,3.1494982
6047,sanrocco,50,1,2.0591848,9.977474
6053,curve,-1,1,4.737456,6.267582
6054,Beam raised,-1,1,7.1259346,7.008712
6056,Hugs,32,1,4.367395,2.9583716
6060,nightlife,26,1,6.821593,7.1497517
6062,outdoor terraces,22,1,1.6032751,6.845412
6064,noia,17,1,3.0368333,1.7213396
6065,waits,-1,1,5.5412703,4.6897554
6066,You sing,31,1,6.9563856,2.1870282
6067,group,32,1,4.063058,2.9348116
6070,ferro,45,1,3.644305,6.322036
6071,step,0,1,1.3861897,0.16314399
6072,silences,2,1,9.062447,6.309413
6073,empty calluses,54,1,3.9593937,4.883349
6074,parallel,-1,1,4.293467,3.4664521
6075,pee,-1,1,5.4948945,7.959837
6078,seats,22,1,0.33762088,5.9503164
6080,Directions,32,1,4.055984,3.06104
6083,where is pants,-1,1,2.429187,6.120715
6084,porte,6,1,1.1755022,4.445162
6089,street lamps,25,1,7.4448395,7.051152
6091,objects,-1,1,6.506081,5.271896
6092,abandoned,54,1,4.093361,4.927009
6094,shadow,26,1,6.752854,7.2115846
6096,Basket,-1,1,1.7407832,5.648145
6097,street lamp,25,1,7.475934,7.0525765
6098,Routes,33,1,3.8408382,2.5385098
6100,shop windows,37,1,2.0824127,5.511505
6101,ambiguity,-1,1,4.711877,5.139781
6102,disgust,-1,1,5.1191225,6.019122
6106,Fire extinguisher,-1,1,3.5255537,5.997657
6107,reflexes,-1,1,4.700044,5.294646
6108,Multi directional,-1,1,4.2438765,3.448334
6110,san agostin,-1,1,1.9746537,9.9789
6112,two column restaurant,15,1,7.513266,10.48848
6115,Vintage shop,37,1,2.0655153,5.4394865
6117,Architectures,22,1,1.2610457,6.6632276
6118,Locanda Fiore,58,1,3.4549196,8.979866
6120,Carabinieri,-1,1,2.8132212,9.750635
6123,Telephone,-1,1,2.5668757,4.75176
6127,Tactile,34,1,6.9072385,5.7397823
6129,Stories,-1,1,5.6928105,3.7738295
6132,multidirectionality,-1,1,4.2790956,3.5025733
6134,barriers,53,1,3.7047923,5.321346
6135,Banks,44,1,2.8077881,5.7623477
6136,Lights,-1,1,7.1362314,7.1055784
6140,Ferry,1,1,-1.6449054,7.8435855
6142,Porticoes,5,1,1.091409,4.6617184
6146,visual,-1,1,7.509781,4.902541
6149,tattoo studio,35,1,7.723053,5.481312
6150,buzz,27,1,8.096604,2.2405574
6151,machine,-1,1,3.2755325,5.8384247
6156,moans,-1,1,5.1037016,5.8784847
6161,wall,5,1,0.81414545,4.776047
6162,streets for everyone,9,1,-0.22836384,1.6350135
6165,frari basilica,41,1,0.75062454,9.865183
6167,Ticket station,3,1,-1.2136475,3.6362524
6169,Mocenigo Palace,50,1,2.1658435,10.002048
6170,basilica,41,1,0.7603509,9.834632
6171,horse lodge,22,1,0.95882,6.5767655
6172,chainsaw,45,1,3.3624418,6.1819267
6176,Coffee breakfast bar,15,1,7.4425926,10.4222975
6178,university,16,1,3.2679582,0.7859711
6181,song,-1,1,6.9856396,2.044809
6182,nothing special,54,1,4.289027,4.7752542
6183,but good,60,1,6.2405014,4.2919445
6184,car,8,1,-0.9237761,2.3423564
6185,radio,27,1,7.6127586,1.7063124
6186,yes,60,1,5.903717,4.300036
6187,Riva degli Schiavoni,58,1,3.253819,8.019739
6190,Chill,24,1,5.878355,7.360951
6191,gardens avenue benches,10,1,-0.87817127,5.7346883
6192,times,-1,1,5.2547283,4.159695
6194,Views,36,1,7.4570594,4.713433
6200,green spaces,19,1,5.037845,9.07256
6202,barrier,53,1,3.6891978,5.3170524
6203,Green clearing,19,1,5.0600715,9.182837
6204,baskets,-1,1,1.7494588,5.6458025
6205,Cane,-1,1,4.037602,9.715715
6213,veneto,50,1,2.3636763,10.473006
6215,internal cut,-1,1,4.5983467,5.736006
6220,dead,54,1,4.17115,5.077281
6225,outdoor tables,15,1,7.1617503,10.457687
6227,tight,55,1,4.419123,6.550734
6229,balustrade,5,1,0.72815573,4.8080764
6230,Pharmacy,37,1,1.9222497,5.3060474
6232,height danger,-1,1,3.5367696,5.2093472
6233,water danger 10 meters,23,1,5.9234653,8.395488
6234,assessor,52,1,3.9748511,3.9386964
6235,municipality of Venice,50,1,2.2682858,10.568965
6236,balcony,22,1,1.3228685,6.5912266
6238,madonna,58,1,3.1673977,8.4642315
6239,altar,40,1,0.39801523,9.599277
6241,brick wall,5,1,0.8109867,4.7804575
6245,creations,34,1,6.653782,5.5236573
6246,allegedly,-1,1,5.130891,4.6471972
6251,institutes,16,1,3.245737,0.8210894
6254,CaFoscari,58,1,3.5193162,9.0510435
6257,well in the center,29,1,4.824822,2.0188875
6260,merci,43,1,6.5671678,4.046181
6261,gate,6,1,1.1524878,4.3602605
6264,lunch,15,1,7.2650094,10.167384
6269,folla,-1,1,3.0170312,2.5395372
6271,securities,-1,1,2.9466443,4.7724066
6273,headquarters of Ca' Foscari,-1,1,2.4905524,10.179322
6274,classical high school,16,1,3.2009332,0.9168241
6278,be careful of the steps,0,1,1.363065,0.13783422
6279,Cicchetti,58,1,3.5925353,9.018899
6282,ca' rezzonico museum,-1,1,2.2594888,9.913919
6284,Walls,5,1,0.8313539,4.760557
6286,S. Barnabas,41,1,0.7754463,9.941222
6289,Telephone,-1,1,2.574829,4.7401576
6290,public telephone,-1,1,2.5624223,4.7528872
6291,keys,-1,1,1.8346967,4.4051294
6292,90s,60,1,5.196202,4.225452
6293,Toilet,-1,1,5.5028744,7.979869
6296,sweets,15,1,7.8807273,9.790721
6297,take away,54,1,4.243206,4.8308864
6298,play,11,1,-0.12922847,4.9522176
6300,new river,23,1,5.987148,8.536861
6301,hardback,-1,1,4.475545,6.909584
6302,Saint Barnaba,41,1,0.69055843,9.891176
6304,verde,19,1,5.0232744,9.150483
6305,leaves,20,1,5.1164503,10.308374
6306,Saint Jeremiah,41,1,0.5746735,9.81252
6307,Skyline,22,1,1.891667,6.940516
6310,Saint Benedict,41,1,0.67977047,9.878091
6311,Palazzo,50,1,2.3232584,10.297929
6313,sanbenetto,-1,1,2.2742248,10.064929
6314,Boxing Day,11,1,-0.24193782,4.8926883
6318,conservatory,30,1,7.1695747,1.155058
6319,Rio will be,57,1,2.1821156,8.798907
6320,branch,20,1,5.123514,10.496195
6321,Outskirts,22,1,1.6020265,7.169881
6323,pisani,-1,1,5.3018303,3.5022583
6325,Tags,-1,1,3.760041,-0.7115204
6327,random tag,-1,1,3.7665727,-0.7011552
6328,addedtag,-1,1,3.750062,-0.71924335
6330,Green space,19,1,5.03943,9.045893
6333,confine,53,1,3.7719579,5.2059536
6334,picturesque,22,1,1.9498594,7.0249085
6335,daily life,-1,1,5.743859,4.0965014
6336,Ovens,-1,1,6.920249,9.967545
6338,info,-1,1,4.7886405,3.3600392
6345,Restoration,-1,1,4.0436163,5.467144
6347,foundation,-1,1,4.1196294,5.804414
6349,foundation,-1,1,4.1291227,5.8074327
6350,Dornbusch,39,1,2.8119178,6.983412
6351,bakery,15,1,7.973376,10.197546
6352,HessischerRundfunk,39,1,2.6970215,6.876785
6353,HR,44,1,2.8707702,5.410396
6355,Venetians,50,1,2.3156402,10.563847
6356,Garibaldi,-1,1,3.2958446,9.316384
6357,turtles,13,1,7.2080746,8.74546
6358,Fresh grass,-1,1,5.3178773,9.554442
6359,cut grass,21,1,5.271508,9.596807
6360,clothes hanging,44,1,2.7057111,6.0828176
6361,tale,31,1,6.314207,2.9995472
6362,daisies,21,1,4.9123955,9.708871
6363,pranksters,-1,1,5.7247686,4.987799
6364,mothers,17,1,3.2244635,2.167738
6365,sweetness,-1,1,6.4754386,4.9286137
6367,Scalea,-1,1,4.005356,8.813319
6370,hangdrum,-1,1,4.5434127,6.6257415
6371,musicians,30,1,7.167927,1.277178
6374,Illustrations,35,1,7.6449265,5.2162952
6375,exhibitions,28,1,5.1580496,1.5302216
6377,Crucifix,-1,1,0.59222263,9.75168
6379,vino,14,1,6.41588,9.8963175
6380,dentist,42,1,2.2214067,3.9641845
6381,college,16,1,3.215725,0.85810447
6382,concerts,30,1,6.9251523,1.2001747
6383,patronage,52,1,3.952832,4.1712346
6384,facade,34,1,6.793253,5.5570016
6385,Residences,22,1,0.74073577,6.7587295
6386,fireplaces,14,1,6.605547,9.999169
6387,copy shop,-1,1,4.970706,3.0862
6388,classrooms,16,1,3.3202987,0.92770875
6389,Prisons,22,1,0.8225643,6.5459476
6391,dizziness,59,1,6.3463283,4.8324504
6392,Illness,42,1,2.4025235,3.9349623
6393,Friendships,32,1,4.2680693,2.879566
6395,steps,0,1,1.3884752,0.16548936
6396,gatti,12,1,7.6971517,8.241095
6397,deposit,44,1,2.8082566,5.63275
6398,Area,22,1,1.6658653,7.387856
6400,vie alternative,-1,1,5.714388,4.048231
6401,wine bars,14,1,6.4527793,9.932439
6402,pier,1,1,-1.5892389,7.8094487
6404,Teacher,16,1,3.3106196,0.9560375
6405,Arpa,58,1,3.6250806,8.363062
6407,Feltrinelli,58,1,3.4491777,9.061747
6408,discs,-1,1,5.928463,6.486271
6409,Islands,-1,1,5.500004,8.410601
6412,TreOci,58,1,3.8692417,8.614709
6414,Fisola bag swimming pool,23,1,5.9046683,8.340351
6415,Prato,57,1,3.0927808,9.25885
6416,Prat,-1,1,6.0342264,3.4601088
6417,Prado,57,1,2.8605263,9.321938
6419,soccer camp,11,1,-0.3371193,5.088697
6420,daisy,21,1,4.8686333,9.685862
6422,painting,35,1,7.7214413,5.4202
6423,Paintings,35,1,7.7460475,5.4599743
6426,terrace,22,1,1.5456461,6.6920476
6427,leone,12,1,7.3015604,8.224625
6430,Boat,1,1,-1.6137414,7.8229566
6431,sound,27,1,7.879505,1.9901454
6432,Building,22,1,1.076765,6.812516
6433,colour,35,1,7.500788,5.312651
6434,families,-1,1,3.499521,2.6041517
6435,children,17,1,3.0259936,1.6766168
6436,cat,12,1,7.6520143,8.2618685
6437,Bow,-1,1,5.832956,6.585151
6438,Venice,50,1,2.280298,10.616251
6439,Aperitif,15,1,7.3846617,9.8856945
6440,feast,15,1,7.3937254,9.926396
6441,plague,42,1,2.4833102,4.089678
6442,Palladio,58,1,3.3834045,8.701959
6443,Maze,53,1,3.8414934,5.335651
6444,get lost,-1,1,4.230816,2.4660327
6445,fried,15,1,7.3495626,9.789689
6446,pollen,21,1,4.9696064,9.91985
6448,distance,-1,1,0.2094635,2.5867295
6450,Nice bar,14,1,6.4679484,9.953969
6454,leisure,2,1,9.034033,6.774991
6455,Owl,12,1,7.776968,8.175645
6456,Vw,-1,1,4.153963,6.395718
6460,basketball court,11,1,-0.27517956,4.9911637
6461,slide,-1,1,5.0343723,6.184875
6462,swing,11,1,-0.4365542,5.130304
6463,bench,10,1,-0.8801233,5.6811137
6467,military,52,1,4.3816094,4.4206796
6468,tall grass,21,1,5.2938766,9.597797
6470,Dogs,12,1,7.2611203,8.048944
6472,Nocturnal environments,26,1,6.7938595,7.2374783
6473,Building,22,1,1.1112969,6.8014207
6474,Stadio,11,1,-0.28316924,4.979608
6475,Surfaces,34,1,6.630108,5.658468
6476,Hotel San Elena,-1,1,1.7889903,9.3013315
6478,sleeper,-1,1,5.9454513,6.9900384
6479,docking,1,1,-1.5892786,7.797462
6480,first aid,42,1,2.3984592,3.8870878
6481,First aid kit,42,1,2.4218218,3.8924098
6482,Cruise ships,1,1,-1.6457428,7.845444
6484,Ports,1,1,-1.55934,7.757761
6485,Cruise,1,1,-1.6974028,7.8868456
6486,I disturb,-1,1,5.016247,5.750707
6487,concessions,52,1,3.7403426,4.12289
6488,moonlight,26,1,6.7356257,7.216012
6491,spaces,22,1,2.0119927,7.3377743
6492,Nocturnal animals,-1,1,7.0237074,7.5051284
6493,version,-1,1,3.5182369,4.0303745
6494,sacafisola,-1,1,3.8307145,9.013702
6496,fisola bag,44,1,2.5925307,5.9889226
6497,Calm,2,1,9.087907,6.483444
6500,Ilton,58,1,4.127128,7.607482
6501,Stucchi mill,58,1,3.8552577,8.728613
6502,Distributor,37,1,2.0388818,5.360527
6503,cruise ship,1,1,-1.6468941,7.8419857
6504,Cloisters,-1,1,4.525038,6.7331185
6506,Waterford Ireland River,23,1,6.0445323,8.700153
6507,Pedestrian crossing,-1,1,0.12345402,2.217491
6508,Pitura fresco,18,1,4.4668474,9.669912
6509,Fury,-1,1,5.3525653,5.418814
6510,reggae,30,1,7.199508,1.4302753
6511,Warehouse,-1,1,2.3460484,5.8585954
6512,San Basilio,-1,1,1.5946662,9.929562
6513,Hello,43,1,6.6840587,3.935179
6515,tester,56,1,5.049841,5.497074
6516,prova2,56,1,4.9990654,5.3832445
6517,disaster2,53,1,4.0325656,5.2213564
6518,witness,36,1,7.446727,4.3145833
6519,tags 2,-1,1,3.7512913,-0.7202631
6520,Prova abdroid,56,1,5.101929,5.308708
6522,WAV,55,1,4.127488,6.464742
6523,EditarTags,-1,1,3.7317986,-0.7280465
6524,Currywurst,15,1,7.3155966,9.836121
6525,Spicy,15,1,7.040246,9.671018
6526,Ravenna Art Gallery,35,1,7.78601,5.4621005
6527,Tolentini,60,1,5.5605273,4.6290684
6529,laundry,44,1,2.730492,6.0902014
6530,stationery bookshop,47,1,5.0440016,3.012787
6531,tobacconist,-1,1,4.8191924,8.368986
6534,Barber,58,1,3.9738805,7.1204195
6535,fast food,15,1,7.4468946,10.199108
6536,crowded,-1,1,2.9869397,2.5502887
6537,Release,51,1,3.270029,4.1327724
6538,stucco,-1,1,4.824477,7.176637
6539,frescoes,35,1,7.7308984,5.4603853
6541,paintings,35,1,7.7544975,5.4755206
6544,crossing,-1,1,0.040121764,2.4884405
6546,Sala,22,1,0.65542287,6.229785
6547,Crossings,-1,1,0.06908088,2.5294144
6548,podotactile paths,33,1,3.9036994,2.4672024
6549,pedestrian crossing,-1,1,0.071620554,2.198563
6550,hedges,21,1,5.291187,9.918882
6553,umbrellas,24,1,6.261394,7.631624
6554,Money,44,1,2.7915938,5.2939844
6555,Path,33,1,3.907878,2.4691536
6556,Blue moon,26,1,6.585016,7.2322817
6557,bath,23,1,5.7142324,8.150446
6558,tribune,-1,1,5.374946,3.751903
6559,steps,0,1,1.3428189,0.12544054
6560,Defibrillator,-1,1,4.5695534,6.6339455
6561,stops,54,1,4.461694,4.9578066
6562,Grand Hotel Des Bains,22,1,0.6958912,6.805659
6563,Death in Venice,50,1,2.2405791,10.636034
6564,Death in Venice,50,1,2.2537506,10.638623
6565,Bus stops,3,1,-1.4261631,3.02383
6566,Landscape,22,1,1.9064887,7.0268307
6567,noise,27,1,8.134198,2.1791394
6568,where,22,1,1.5095582,7.3638124
6569,Downpour,24,1,6.266617,7.668584
6570,summer storm,24,1,6.145211,7.4763584
6571,shelter,22,1,0.9255883,6.611159
6572,porches,22,1,1.2444167,6.4766803
6573,ice cream shop,15,1,8.043425,9.900799
6574,Market,38,1,1.3488169,5.380783
6575,used,61,1,5.2363343,3.8302248
6576,antique dealer,-1,1,2.1087744,5.2361608
6577,expenses,-1,1,3.2543359,4.6369934
6578,shopping,37,1,1.9886824,5.470175
6579,accordion,30,1,7.300838,1.2718985
6580,Ashtray,-1,1,4.1898046,7.7566137
6581,cigarette,-1,1,4.8185596,8.3122225
6582,treatment,42,1,2.2071524,3.877993
6583,Punta della Dogana,57,1,1.9635718,9.4966345
6584,Game,11,1,-0.1036236,4.932588
6585,locks,-1,1,1.5763408,4.434117
6587,glasses,36,1,7.485005,4.587393
6588,aperitifs,15,1,7.562585,9.990754
6589,fried seafood,15,1,7.272014,9.614483
6590,appetizers,15,1,7.4783125,9.985902
6591,chocolate,15,1,7.8528523,9.823421
6592,fritters,15,1,7.3848305,9.832099
6593,Italian post office,-1,1,2.443984,4.9194274
6594,food,15,1,7.376529,9.945131
6595,tobacconist,-1,1,4.822637,8.381064
6597,Flowerbed,21,1,5.1318297,9.934223
6598,gioia,59,1,6.359592,4.796875
6599,after school,16,1,3.2088282,0.95309645
6600,rains,24,1,6.3279867,7.70604
6601,Mobile displays,48,1,2.5078244,3.1169167
6602,jw.org,49,1,3.3349175,3.4003425
6604,Erfurt,39,1,2.6505752,6.841068
6605,gespa esplanade,58,1,4.5791793,7.422617
6606,Isolate,-1,1,3.8521314,4.644374
6608,malcanton river,23,1,5.972189,8.5504875
6609,Campiello fly,58,1,3.505588,9.077052
6610,four,-1,1,5.308294,4.375789
6611,piedra,46,1,5.0426464,6.97286
6612,steps,0,1,1.3784246,0.15544298
6613,united states pavilions,-1,1,0.12985684,5.7957883
6614,Belgian Pavilion,-1,1,0.13012542,5.786524
6615,pavellon,58,1,4.3708677,7.3324213
6616,USA,52,1,4.448986,4.2721267
6617,Central Pavilion,-1,1,0.07820273,5.800028
6620,stones,46,1,5.0537024,6.9901567
6621,usa>Israel,52,1,4.363905,4.409745
6622,bookshop,47,1,5.1005635,3.0016668
6623,gadget,-1,1,3.3662474,5.768325
6624,disabled,49,1,2.8743412,3.465817
6625,Stones,46,1,5.0559754,6.9763613
6626,sound,27,1,7.888224,2.0037053
6627,I walk,4,1,0.5878942,2.21079
6628,passable,49,1,3.3074584,3.1592941
6629,Israel,52,1,4.4171195,4.4296913
6630,Refreshment,15,1,7.4928613,10.063502
6633,press release,51,1,3.0949953,4.396965
6634,juan calzadilla,57,1,2.7795253,9.176143
6635,drawings,35,1,7.644721,5.316806
6637,France,-1,1,2.3889058,8.32099
6638,cement,46,1,4.926136,6.8271255
6639,coexistence,52,1,4.026774,3.9977942
6640,Russian,-1,1,3.183651,7.099173
6641,pavilion,-1,1,0.1412146,5.796969
6642,safety,51,1,2.9104216,4.402115
6643,trieste,50,1,2.3522644,10.493369
6644,vent,60,1,5.5673165,4.681715
6645,wide street,9,1,-0.30702323,1.691806
6646,works,44,1,2.8275566,5.545217
6647,historic building,22,1,0.89327484,7.2332125
6650,table,15,1,7.2220902,10.527145
6652,Sound atmosphere,27,1,7.981075,2.068435
6656,cicadas,58,1,3.540002,9.123112
6657,nit,26,1,6.786886,7.1252313
6658,Free Wi Fi,49,1,3.22491,3.4080398
6659,Helicopter,-1,1,5.9360433,7.1548815
6660,Wassenberg,39,1,2.770844,6.9723597
6661,living room,22,1,0.606859,6.2676406
6662,relax,2,1,9.074702,6.726377
6663,watch TV,11,1,-0.01625146,5.186655
6672,stone walls,5,1,0.7831767,4.8182354
6673,wires,45,1,3.4777687,6.1225266
6674,Paths,33,1,3.924349,2.4987123
6675,roads,-1,1,-0.6238995,2.1455386
6677,sinkholes,46,1,4.942935,6.7076735
6679,reverberation,27,1,8.082852,2.1647458
6681,Zebra crossing,-1,1,0.056249898,2.4890025
6682,railings,-1,1,0.2325473,3.799242
6683,Turbos metal,45,1,3.448879,5.996567
6684,Walls,5,1,0.81031704,4.779261
6688,bars,14,1,6.4234605,9.948256
6689,The road is very small,9,1,-0.38205075,1.5984085
6691,wide sidewalks,9,1,-0.19058064,1.7291725
6692,很危險,-1,1,3.3232112,4.9389
6693,autos,8,1,-0.94580626,2.3732498
6694,車子多,8,1,-0.8854462,2.3253477
6695,Parking,3,1,-1.2058885,2.838243
6696,路況,8,1,-0.8014299,2.311494
6697,停車場，出入口,3,1,-1.2208462,2.874994
6700,blue house,22,1,0.7813516,6.590884
6701,paredes,5,1,0.80975395,4.768978
6702,Motorcycles going uphill,7,1,-0.372234,2.8656323
6711,hierro,58,1,3.7559662,8.264282
6712,City hall,22,1,0.58977586,7.2511935
6714,ambient sounds,27,1,7.977653,2.0851138
6716,hairdressers,58,1,4.0122275,7.126969
6718,niñxs,17,1,3.071182,1.7283373
6719,Containers,44,1,2.5887501,6.0839477
6720,Roofs,22,1,1.287116,6.572125
6722,street lamp,25,1,7.4523687,7.052511
6723,Recycle,44,1,2.8409762,6.0801334
6725,We are,60,1,5.760771,4.3048816
6726,Lives,-1,1,5.7236376,4.035251
6729,Congratulations,43,1,6.5763555,4.0800385
6731,Aldgate underground,-1,1,-0.5364628,3.817437
6732,EC3 Minorities,52,1,4.1292334,4.221098
6733,Tower Gateway DLR Station,3,1,-1.1295649,3.6963668
6734,Tower Gateway underground,-1,1,-0.62982106,3.826696
6735,Great Tower Street,22,1,0.8319035,7.364243
6736,Monument underground station,3,1,-0.874713,3.7728295
6737,Frenchurch street,22,1,0.7362241,7.8284793
6738,Leadenhall market,38,1,1.3318831,5.4201417
6739,Liverpool Street Station,3,1,-1.2413858,3.7264934
6740,Spitalfields market,38,1,1.3095014,5.3920264
6741,Petticoat lane,-1,1,-0.6433007,2.0563955
6742,Toynbee Hall,10,1,-0.75402826,5.525792
6743,More London,22,1,0.65024734,7.364229
6745,hermitage,-1,1,4.372394,8.827216
6746,lectures,16,1,3.5544758,1.0955263
6750,german,39,1,2.6373262,6.79471
6751,Railroad station,3,1,-1.1931101,3.6956098
6752,Zug,3,1,-1.1709423,3.56019
6753,Deutsch,39,1,2.6755133,6.863692
6754,bühlstr,39,1,2.7637525,6.8827276
6755,crossing,-1,1,0.079102084,2.4986124
6756,Rumor,-1,1,4.9569545,4.70711
6757,"We are here, it was the same thing, dial one-two-three one-two-three",-1,1,6.024371,3.5354104
6758,What,61,1,5.2984285,3.9380348
6759,Benetton Foundation,-1,1,4.070332,5.9221864
6760,Museum,28,1,5.509392,1.2251253
6761,Berlin,39,1,2.4995718,6.597048
6762,Sculpture,-1,1,7.3266664,5.8461933
6763,Old town,22,1,0.9937858,7.2929077
6768,Well there's a bicycle,7,1,-0.38415688,2.8640687
6782,Botanical garden,21,1,5.279953,9.875465
6791,classroom,16,1,3.3406878,0.9169622
6800,listen,31,1,6.544556,2.8191655
6801,Sunset,24,1,6.4041815,7.315818
6803,skating,4,1,1.3626071,2.2323194
6805,banda,30,1,7.122536,1.3091098
6806,Sing,31,1,6.9480724,2.1715488
6807,flamenco,57,1,2.6396828,9.282445
6808,bulerías,-1,1,2.883796,8.706789
6811,Marina,1,1,-1.4522399,7.818058
6812,parrots,12,1,7.8132215,8.187338
6815,flags,52,1,4.174333,4.2891526
6823,The sands,23,1,5.5014086,8.28101
6831,whispers,2,1,9.042105,6.256947
6832,company,44,1,2.743915,5.216315
6836,Welfare,-1,1,3.5744138,4.09428
6837,fish market,13,1,7.114827,8.856867
6838,Pleasant,-1,1,6.3238177,4.435928
6839,sensations,59,1,6.2332525,4.8017793
6841,amplitude,27,1,8.181916,2.2248805
6845,Touch,48,1,2.3093731,2.9489589
6850,play area,10,1,-0.7052527,5.3651667
6851,Drill,46,1,4.8032417,6.7760587
6852,Remains,-1,1,4.13779,5.2062073
6856,soccer field,11,1,-0.26713413,4.9968004
6858,listen,31,1,6.503776,2.8511472
6864,Torrent,49,1,3.2317781,3.4337428
6867,history of Valencia,57,1,1.9420397,9.379483
6869,machinery,45,1,3.2621653,5.906859
6871,bran,58,1,4.1480694,7.3754516
6872,Rice Museum,28,1,5.473975,1.1778189
6873,sounds,27,1,7.849365,2.0281234
6877,workshop,44,1,2.9420366,5.567988
6878,country cake,15,1,7.825075,9.940467
6880,Musical Theater,30,1,6.8293476,1.1591921
6881,Guitar,30,1,7.2012086,1.2563049
6889,Helat,58,1,4.0342298,7.2087393
6891,veins,58,1,4.0861883,7.748368
6892,Winds association,-1,1,5.8919363,7.134905
6893,Vain,54,1,4.3459797,4.9540844
6895,Writer,-1,1,5.6186943,3.3856602
6896,Blasco Ibañez Museum,-1,1,2.1802528,9.651513
6897,Houses of Cabanyal,22,1,1.0858469,7.5335555
6898,broken,54,1,4.246099,5.1019397
6904,start of route,33,1,3.813735,2.5681164
6906,buildings,22,1,0.8882961,7.1061177
6907,gentrification,22,1,0.66240126,7.3810186
6908,Smuggling,38,1,1.3797874,5.4526763
6909,stories from Cabanyal,57,1,2.2136834,9.197667
6916,contreras,58,1,3.8567529,8.474391
6926,citrus,18,1,4.4031153,9.877857
6927,botanical garden,21,1,5.3114486,9.9257345
6930,doves,12,1,7.748422,8.198197
6933,musicians,30,1,7.160878,1.2623844
6934,monumental trees,20,1,5.0670333,10.514762
6935,croquettes,-1,1,4.6597767,7.6454453
6936,selva,57,1,2.3762395,8.921711
6937,dear of the Moor,58,1,3.4229589,8.528644
6938,porches,22,1,1.2070267,6.4710536
6940,animation,-1,1,7.43353,5.061972
6941,alert,51,1,3.0129447,4.4149685
6942,chairs,22,1,0.42151305,6.0434194
6943,mesas,15,1,7.260116,10.44425
6944,penumbra,26,1,6.7063227,7.2383723
6946,life,-1,1,5.7750497,4.035161
6951,central market,38,1,1.4314494,5.3578067
6957,Shipyards,1,1,-1.6467922,7.808701
6958,exhibition,28,1,5.1251717,1.5945421
6960,space,22,1,2.0442128,7.3417487
6967,bar kitchen,14,1,6.578745,9.969076
6968,chamfer,-1,1,4.1391053,8.482184
6969,Conversations,-1,1,6.0706577,3.0592275
6971,Green house,22,1,0.91880083,6.6571636
6972,small,-1,1,4.169131,4.5407214
6973,reforms,52,1,3.7612507,4.2330728
6975,green house,22,1,0.8556417,6.693106
6976,Museo Muving,28,1,5.505773,1.2085485
6977,history of the Velluter neighborhood,22,1,1.0002956,7.3831797
6978,Memories,-1,1,5.531094,2.324995
6980,game,11,1,-0.12659729,4.957423
6984,Ruin,-1,1,3.9837437,5.5295143
6985,pieces,-1,1,6.1514506,5.5744615
6986,pieces,-1,1,6.1246295,5.564529
6987,The chapter,-1,1,5.2046175,3.385461
6988,In the moving garden it is,21,1,5.3246365,9.90812
6989,Capitulet Chapel,40,1,0.30036882,9.530348
6990,Church of Saint Lucia,-1,1,0.86701757,9.835896
6991,ceda palace,22,1,0.96975565,7.3970203
6992,North Station,3,1,-1.1837292,3.7618604
6993,valencia,57,1,2.0094218,9.394045
6995,sports courts,11,1,-0.26866618,4.9214272
6996,intersection with bike lane,-1,1,-0.3807129,2.3016074
6997,car lanes,8,1,-0.782885,2.2998497
6998,crossing with bike lane,-1,1,-0.25555155,2.4034388
6999,and car lanes,8,1,-0.80245197,2.3083024
7000,poorly located traffic light,25,1,7.488533,7.038939
7001,accessibility,49,1,3.2603917,3.08029
7002,pedestrian zone,-1,1,-0.0015929443,1.9838963
7004,sailboat,1,1,-1.6294433,7.8394685
7006,outside Port of Valencia,57,1,1.9476213,9.421749
7007,aboard the Albert,1,1,-1.60776,7.8076735
7010,third,60,1,5.2488103,4.511442
7012,candies,15,1,7.937376,9.889411
7013,shopping,37,1,1.9688069,5.4847536
7015,Slice,-1,1,6.0658503,5.6718593
7016,nurseries,21,1,5.1129093,9.809889
7017,Primer hospital,42,1,1.9566232,3.8332531
7018,founded,-1,1,4.34852,5.6542034
7019,In Valencia,57,1,1.884778,9.432928
7021,Old hospital history,42,1,1.9515513,3.8314574
7022,First,-1,1,5.4479566,5.4240937
7023,origin,-1,1,4.9393353,4.3751197
7026,puente,-1,1,0.09991357,3.2689798
7028,barrio,57,1,1.7303534,8.966502
7029,taped,-1,1,7.378891,2.0947347
7030,Hole,46,1,4.9701066,6.7155595
7031,impediment,-1,1,4.2185454,5.3537846
7032,urbanism,22,1,0.67326343,7.4115877
7033,tangle,58,1,4.1819954,7.0469394
7034,abandoned territory,22,1,1.8771111,7.083398
7035,Murals,35,1,7.772387,5.4734454
7036,casas,22,1,0.75913835,6.581827
7037,Launcher,49,1,2.904794,3.41357
7038,typical,-1,1,5.3032994,3.896579
7039,San Vicente de la Roqueta,57,1,2.1670098,9.42692
7043,Mislata,60,1,5.567695,4.489209
7047,ancient palm tree,20,1,5.004898,10.3639965
7049,museum dome,28,1,5.5358853,1.2341256
7051,riverbed,23,1,5.9583874,8.461617
7054,central park,10,1,-0.9782145,5.658894
7055,general appearance,-1,1,7.32146,4.7986913
7057,false pedestrian,-1,1,0.1476547,2.101433
7059,rivers,23,1,5.9680986,8.493964
7060,monopatines,-1,1,4.1049843,8.076034
7061,animals,12,1,7.200729,8.058098
7062,boats,1,1,-1.6291988,7.8374815
7063,heritage,61,1,5.0413938,3.9611595
7064,walkers,4,1,0.60494816,2.2411206
7065,associations,32,1,4.212865,2.9219942
7066,agglomeration,55,1,4.112663,6.334105
7067,Ice cream,15,1,8.011911,9.838974
7068,colors,35,1,7.5640426,5.32032
7069,Graffiti,35,1,7.819697,5.498276
7070,Teenagers,17,1,3.0863647,1.4583051
7071,Tree,20,1,5.1163726,10.487245
7072,paradise,24,1,5.7223735,7.534845
7074,The Arab wall,5,1,0.7936822,4.767399
7075,the christian wall,5,1,0.8628382,4.715979
7076,piarist school,16,1,3.1211352,0.99754703
7078,christian wall door,6,1,1.06058,4.5202103
7080,defense,51,1,3.1646247,4.492528
7081,Torres de Quart,57,1,2.7897925,9.161561
7084,Botanical part one,21,1,5.2069993,9.886727
7085,Botanical,21,1,5.1929083,9.868383
7086,garden,21,1,5.3033204,9.885906
7087,Mall,37,1,1.936402,5.5481896
7088,christmas shopping,37,1,1.9115998,5.521595
7089,Cross,-1,1,0.08920321,2.506504
7096,Ratb station 104,3,1,-1.2791777,3.7746108
7097,Atardecer a Of peru,57,1,2.4334924,9.328034
7098,Vina del Mar,57,1,2.1510384,9.51571
7099,is,60,1,5.7127624,4.243288
7100,home,22,1,0.68850297,6.436442
7101,Urbino,58,1,3.8224308,8.255915
7102,November 25th,-1,1,5.754579,6.500082
7103,day,-1,1,5.775694,6.392548
7105,TalkBack,-1,1,6.0872893,3.3041828
7111,Afragola,58,1,3.6307218,8.702253
7125,Sobieszewo,58,1,3.9609566,7.364156
7126,Sobieszewo - day 2,-1,1,3.086073,7.1445637
7138,finally,60,1,5.733205,4.5633745
7142,railway complex,3,1,-1.1399095,3.599312
7144,Work,44,1,2.8411531,5.4941025
7146,Facens University Center,16,1,3.2288637,0.7820135
7150,it does not have,54,1,4.2003922,4.896335
7153,helpers,-1,1,3.4158635,3.8040395
7154,wheelchair users,49,1,2.7077308,3.4417887
7155,Coffee,15,1,7.4787436,10.243046
7157,saccoman,58,1,3.8285646,7.9040375
7158,Dorenauil,58,1,3.4771838,8.171154
7159,Expedition,-1,1,4.2207212,2.2446322
7162,cheap fair,-1,1,1.0580302,5.3519235
7171,Fun,-1,1,6.2730336,5.0461807
7174,rehabilitation,42,1,2.2748063,3.7861683
7176,Coco natural,18,1,4.4177184,9.891272
7178,banana,18,1,4.360418,9.918369
7179,fruits,18,1,4.407446,9.891898
7184,sensory experience,59,1,6.267407,4.707714
7185,Jo Soares,57,1,2.7067177,9.219244
7186,humorist,-1,1,5.844291,4.9522743
7187,touch panel,48,1,2.3561985,3.0361407
7189,memory center,-1,1,5.2899885,2.2144954
7190,desk,44,1,2.8802783,5.1460876
7191,HIV,42,1,2.2976937,3.9611416
7192,prevention,51,1,2.8598995,4.3203416
7193,car heads,8,1,-0.96749055,2.391291
7200,Urban Oasis,22,1,0.7717494,7.4235635
7202,Jews,52,1,4.3160233,4.3727956
7204,Construction Details,22,1,1.7288699,6.3969545
7205,complain,-1,1,4.9007707,5.7797017
7206,request,49,1,3.304177,3.3937144
7207,supermarket,37,1,1.7900068,5.3157773
7211,Art Concierge,35,1,7.8822227,5.5362854
7212,Regina Silveira,57,1,2.7675383,9.067027
7213,Art Concierge,35,1,7.911243,5.529194
7215,Meeting,-1,1,4.970659,2.5074239
7218,#v,-1,1,4.3840866,6.0952735
7219,Rota Blindwiw,36,1,7.7702155,4.1708403
7220,Anhangabaú,58,1,3.0667262,8.223405
7221,Slope of memory,-1,1,5.469858,2.275663
7222,BIKE TOUR SP,7,1,-0.38048354,2.8604145
7223,Bicycle,7,1,-0.40401924,2.850387
7225,terrace,22,1,1.5502427,6.674956
7226,Andrade,58,1,3.7775974,8.02333
7228,Old Mappin,22,1,1.6705835,7.2564507
7230,Arts Square,-1,1,0.8058562,7.912862
7231,Tactile facade,34,1,6.8970537,5.68482
7232,mala,58,1,3.7930458,7.5755577
7234,SEsc 24,46,1,5.1229258,6.6598096
7235,SESC Library,46,1,5.212885,6.652483
7236,Sesc May 24th,-1,1,5.492558,6.640885
7238,Street dancing,4,1,1.385967,2.112307
7240,young people,17,1,3.0497947,1.6356432
7245,accessible work,49,1,3.1966832,3.1397743
7248,socializing family,32,1,3.8509378,2.8741474
7252,waste,44,1,2.874405,6.147294
7253,Blackberry,-1,1,2.5158832,4.541928
7254,Application,49,1,3.0030193,3.5086935
7257,Viva,57,1,2.8131826,9.234935
7258,post,51,1,3.1409156,4.3261375
7259,tea,15,1,7.327464,10.185714
7262,path,33,1,3.8811815,2.4540806
7263,difficulty,-1,1,4.481987,5.3047485
7264,paws,12,1,7.314858,8.069323
7265,blog,-1,1,3.17915,4.2524385
7266,trips,29,1,4.393007,1.8768929
7267,tips,-1,1,2.9743893,3.93715
7268,start,-1,1,5.452937,5.4946604
7269,direction,32,1,4.200208,3.2609992
7271,Barriers,53,1,3.7245688,5.312299
7272,City,22,1,0.63027114,7.3635926
7273,Lack of Accessibility,49,1,3.2646635,3.1828341
7276,open courtyard,22,1,1.1623876,7.073763
7277,Abuse,-1,1,4.556622,5.6106243
7279,Spiral staircase,0,1,1.3489878,0.14650382
7282,braille library,47,1,5.305532,3.0897727
7283,Difficulties,-1,1,4.451646,5.287135
7284,Lieutenant Nascimento,57,1,2.7579439,9.561329
7285,Open top,49,1,3.152811,3.238289
7286,Garden,21,1,5.312829,9.8709345
7287,Buildings,22,1,0.8385792,7.124743
7288,hospitals,42,1,1.983386,3.813059
7289,Solarium,24,1,6.1564503,7.2226577
7290,picnic,15,1,7.207279,10.189144
7291,hanging garden,21,1,5.3378634,9.859313
7292,Upper floor 2,22,1,0.7563396,6.1915236
7293,horta,21,1,5.211023,9.841359
7295,voluntary,-1,1,3.6699185,3.9774623
7296,adeveb,-1,1,4.759873,5.6329894
7297,beyond the limit,54,1,4.3916826,5.1421404
7298,another look,60,1,5.813232,4.6311927
7299,Atlantic forest,20,1,5.164374,10.3740425
7301,Vergueiro Cultural Center,29,1,4.609165,1.8099592
7302,Tests,56,1,5.0778213,5.475185
7306,Biblioteca Louis Braille,47,1,5.298298,3.1118257
7307,Tactile Art,34,1,7.24234,5.622062
7308,visual impairment,36,1,7.6326733,4.4271555
7312,orchestra,30,1,7.120755,1.1555735
7315,measure,56,1,4.955745,5.4247613
7318,contemporary painting,35,1,7.813594,5.4585357
7319,heights series,-1,1,3.6153333,5.4906406
7324,Vision,36,1,7.5047956,4.673966
7328,_optical walls,36,1,7.421312,4.7637854
7329,what is not visible,36,1,7.533204,4.603028
7331,Insideoutside,22,1,1.3997253,6.921144
7333,Japanese garden,21,1,5.275989,9.930543
7334,collective society,-1,1,4.028921,3.7519155
7338,model,22,1,1.7274745,6.3542995
7340,House of Roses,-1,1,4.5745573,9.2881155
7341,glass window,37,1,2.0606236,5.272625
7344,Sesc paulista,57,1,2.3871653,9.13041
7345,AFFORDABLE JHSP,49,1,3.2602935,3.3862405
7347,Japanhouse Culture Bags,37,1,1.9757473,5.550195
7351,Itaú Cultural Center,29,1,4.6825647,1.7862849
7353,Saudejapanhouse wood,-1,1,5.497838,10.192518
7356,mansion,22,1,0.75295115,6.7579975
7357,Paulista music culture,30,1,7.1737404,1.5089042
7358,sescpaulista,-1,1,3.1806068,7.966517
7359,Hospitalsanata Catarina avpaulista,-1,1,1.5728399,9.591313
7360,Panel hospitalsantacatarina avpaulista,42,1,2.0723467,4.0527635
7361,Escolarodriguesalves architecture,22,1,1.248147,6.6426716
7362,Santa Catarina,-1,1,1.6385976,9.657959
7363,Itaú cultural,29,1,4.4650397,2.0107589
7365,avpaulista somdapaulista songs,30,1,7.175188,1.5882751
7366,santacatarinahospital,-1,1,1.5346247,9.62926
7367,Urban Stories,22,1,0.7079062,7.410566
7368,Renato Aliotti,-1,1,2.7201226,9.829305
7369,7 anjos,40,1,0.43434423,9.644721
7370,pombo coconut,18,1,4.2602334,9.886994
7371,umbrella,24,1,6.2514987,7.6500783
7372,Hostipal Santa Catarina,-1,1,1.7399211,9.625089
7373,lad,17,1,3.1011033,1.6653041
7374,Homeless people,49,1,2.7364733,3.3351085
7375,Embroidery,45,1,3.1456583,6.078513
7376,voices,31,1,6.747164,2.5939255
7377,madhouse,22,1,0.72706556,6.485081
7378,ship,1,1,-1.63945,7.8341246
7379,social exclusion,52,1,3.9977877,4.0512786
7380,Group,32,1,4.0882125,2.941725
7381,preferred scheme,52,1,3.1940432,3.9146779
7382,Rodrigues Alves College,57,1,2.2321239,9.0202055
7383,Regina,58,1,3.4313512,7.8244047
7384,Sertanejo sound culture,30,1,7.204975,1.5601144
7385,Drizzle cafeteria Paulista,15,1,7.536438,10.409367
7386,Post-pandemianapaulista,42,1,2.4226973,4.0445943
7387,Dançanapaulista,4,1,1.4287845,2.0879545
7388,Black Music,30,1,7.197145,1.3674362
7389,Craziness,-1,1,5.4712844,5.335662
7391,to dance,4,1,1.4006486,2.12214
7392,dancaderuapaulista,57,1,2.8833497,9.013239
7393,Brechobocapreta @bocapreta_,-1,1,2.95011,8.803014
7394,Enjoy São Paulo,57,1,2.1682673,8.887253
7395,on Sundays,40,1,0.27321053,9.510908
7396,Musicanapaulista country,30,1,7.1578016,1.5353196
7398,Liceo Pasteur Museum,-1,1,2.2476342,9.794211
7399,Super heroes,60,1,5.7534637,4.574638
7400,Super varied gallery,35,1,7.709372,5.3520103
7403,drizzle mall,37,1,1.9553387,5.515745
7404,Clube homes,22,1,0.7318185,6.5405965
7405,shoppingCidadeSaoPaulo,-1,1,1.7908729,5.6700087
7406,From Senaipoul,-1,1,2.993028,8.314427
7407,Rock in roll,30,1,7.1299443,1.3102753
7408,gazette building,22,1,0.936015,7.152802
7410,Pisotatilbad accessibility alert,49,1,3.228624,3.2476006
7411,tramplingdefective,-1,1,4.5915575,7.029937
7413,session,-1,1,4.9334903,2.5106297
7414,Masp,58,1,3.6896312,7.672652
7415,Trianon,-1,1,4.0632024,8.08144
7416,masp museum,28,1,5.522719,1.2101561
7417,trianon park,10,1,-0.99122214,5.6383286
7418,Mequi1000,45,1,3.4475844,6.33122
7419,Machine 1000,-1,1,3.2954922,5.8725543
7421,mcdonalds,15,1,7.5427656,10.304649
7422,Free street,9,1,-0.15701672,1.6532556
7423,urban occupation,22,1,0.7047837,7.376194
7424,humans,-1,1,3.1176937,2.511743
7425,Artist,35,1,7.8207936,5.515026
7426,Paulista is ours,57,1,1.6151794,8.888243
7427,Cafeteria,15,1,7.39693,10.287525
7428,Banana split,18,1,4.3433022,9.943281
7429,National condominium,22,1,0.6734741,6.8968773
7431,Sertanejonapaulista dance,4,1,1.4324367,2.0921686
7432,Countryside,22,1,1.8604392,7.078952
7433,Paulista Route,57,1,1.6592861,8.968877
7434,Celebration,-1,1,6.3940053,4.6735163
7436,Shopping center 3,37,1,1.9174303,5.520202
7437,Compliments,43,1,6.5386295,4.1133676
7438,Instagram @blindwikibr,36,1,7.8111596,4.1401753
7439,Ims,-1,1,4.379807,5.6495557
7440,Antonio Machado,57,1,2.7487965,9.447579
7441,Real friends,32,1,4.21761,2.9094136
7442,Visually impaired,36,1,7.6102567,4.432058
7444,Qrcode,45,1,3.4694772,6.359178
7453,Gazeta building,22,1,1.0521115,7.431507
7456,FIESP building,22,1,1.0465684,6.837164
7457,health action,42,1,2.3730621,3.9754598
7461,frei mug,-1,1,4.5402837,8.0573845
7462,DJ in Paulista,30,1,7.2167068,1.4687011
7463,São Luiz Gonzaga church,-1,1,0.90213287,9.790392
7467,cook,15,1,7.13594,9.899816
7468,incredible,60,1,5.812782,4.4746766
7469,trucks,8,1,-0.9596421,2.384501
7470,little birds,12,1,7.8083005,8.196989
7471,it is worth it,60,1,6.154883,4.3227377
7472,memory,-1,1,5.466725,2.2840974
7473,drovers,8,1,-0.88427585,2.3123872
7474,slaves,-1,1,3.0659442,6.4280133
7475,morro,58,1,3.8443515,7.5597334
7477,smell,-1,1,6.877592,9.378802
7478,blue line,-1,1,4.6276793,3.7034006
7481,app,49,1,2.7310357,3.3259566
7483,speak people,31,1,6.286557,2.939577
7484,recycling,44,1,2.7997723,6.089484
7487,playground,10,1,-0.80455387,5.435938
7496,andré,58,1,3.6730313,7.8907104
7500,Ipiranga Subprefecture,57,1,2.6669142,9.255187
7501,SPTrans station,3,1,-1.2677577,3.7232366
7508,Oscar Freire,58,1,3.555206,8.314935
7509,Pandemic,42,1,2.430105,4.035273
7510,online class,16,1,3.357208,0.96871346
7511,pedagogy,16,1,3.351054,0.9812457
7512,vaccination,42,1,2.3930945,4.0063086
7513,mayor,22,1,0.5566079,7.275983
7514,Poor John,54,1,4.1196384,4.9779725
7515,to have lunch,15,1,7.331347,10.12568
7517,diversity,52,1,4.053916,4.162632
7518,together,32,1,4.2189193,3.0286572
7519,we see the possibility,60,1,5.6733813,4.500888
7521,political project,52,1,4.307023,4.200039
7522,give voice,31,1,6.7042665,2.6015835
7525,What to post,51,1,3.1606717,4.3261847
7526,artistic talents,35,1,7.7684684,5.5103436
7527,jokes,-1,1,5.843525,4.9518237
7528,Accessibility march,49,1,3.2702074,3.0765877
7530,Accessible route,49,1,3.3784907,3.016904
7531,one,-1,1,5.5121737,4.286172
7532,accidents,-1,1,3.8671153,5.090981
7533,citizen action,52,1,4.128277,4.097405
7534,Wiki: collaborative network,49,1,3.4493308,3.1904771
7535,rota06,58,1,3.9914117,7.951297
7537,Laraparque,-1,1,2.6972456,8.719545
7538,Happiness,59,1,6.36296,4.6979394
7539,Joke,-1,1,5.8059587,4.977906
7540,Interaction,48,1,2.3349643,2.9304228
7541,salve,43,1,6.522777,4.06614
7543,#Praça Benedito Calixto,57,1,2.1751928,9.3595705
7544,Fun learning,-1,1,6.3337507,5.0788317
7546,laramara entrance,57,1,2.4659078,8.69015
7547,Traffic light,25,1,7.4614244,7.0393558
7548,Marechal subway route,3,1,-1.0081781,3.452678
7551,bus stop.,3,1,-1.4479933,3.02088
7552,Gabrielzinho brothers crew,57,1,2.8104775,9.618685
7554,SãoGonçalo,57,1,2.3770957,9.305819
7555,Walk,4,1,0.6052601,2.240304
7556,São Gonçalo,57,1,2.6365166,9.292393
7557,Physical education,4,1,1.365689,2.44404
7558,sound beacon,27,1,7.8932643,2.0287936
7559,Pisotatic,58,1,3.936807,8.544168
7560,Commercial area,37,1,1.789453,5.478181
7562,Displacement,4,1,0.78475076,2.479494
7563,autonomy,52,1,3.9919856,4.211311
7565,Marshal Deodoro,57,1,2.7843869,9.557833
7566,Bradesco bank,44,1,2.7902956,5.8215537
7567,Means of transport,7,1,-0.65203404,2.8995228
7569,J. jota supermarket,37,1,1.8044199,5.250592
7570,Iracema Bakery,15,1,7.9624043,10.221771
7571,Angelica,58,1,3.1357024,8.484899
7572,Aerial obstacles,53,1,3.689013,5.339781
7573,High speed,7,1,-0.34099504,2.8999891
7574,Planet,19,1,5.282719,8.809932
7576,audio description,27,1,7.7624354,1.914185
7577,sidewalks,9,1,-0.26807496,1.6527656
7578,Shows,28,1,5.350102,1.6541036
7579,presentations,-1,1,4.9986615,2.0453436
7580,Uni,54,1,4.540551,4.946052
7581,guarulhos,18,1,4.3525453,9.75024
7582,homeless person,49,1,2.7298613,3.4280217
7583,blindness,36,1,7.6403766,4.3562794
7584,São Pedro Theater,57,1,2.1033754,9.073378
7585,Opera,30,1,6.898416,1.2077631
7586,See with Words,-1,1,5.869706,3.5782578
7589,Várzea do Carmo ubs,-1,1,4.2170863,9.494329
7590,post inss,51,1,3.084971,4.404552
7591,House to laramara,-1,1,1.2484531,7.789204
7592,Old houses,22,1,0.91121054,7.0348496
7593,Barra Funda region,57,1,2.5098267,8.750843
7594,piso holiday,57,1,2.4238036,9.373468
7595,street vendors,38,1,1.5650826,5.4852543
7596,coconut,18,1,4.3326793,9.958052
7597,Brigadeiro Galvão Street,57,1,1.7590064,9.034413
7600,Museum of Inclusion,28,1,5.4539547,1.2256577
7601,Barra Funda station,-1,1,2.5173566,8.591718
7603,Altar of the dead,40,1,0.35489944,9.567792
7604,skull,-1,1,4.506092,7.609996
7605,surname,31,1,6.2956285,2.9552724
7606,numerology,56,1,4.834526,5.474304
7607,Memoerial  5,-1,1,5.462039,2.2982094
7608,lack,54,1,4.1573215,4.90942
7611,low vision,36,1,7.573608,4.5280704
7613,Creativity Pavilion,-1,1,0.13252251,5.8059826
7614,I'm missing,54,1,3.9974556,4.8800774
7615,musical paths,30,1,7.1988664,1.273979
7616,metropolitan civil guard,22,1,0.53413814,7.213228
7617,bookstore,47,1,5.0971994,3.0220888
7619,Alda,58,1,3.6688826,8.181692
7620,sinalsonoro,58,1,4.1494336,7.602285
7621,attention,-1,1,4.6857967,3.972362
7623,Deep bar terminal,14,1,6.3858767,9.99053
7624,metro red line,3,1,-1.1296263,3.435349
7625,ferry lines,1,1,-1.6495808,7.8362775
7627,Galatia 2001,58,1,3.5544643,8.734295
7629,Our dear mother,58,1,3.4553006,7.6119504
7633,Teco photography,35,1,7.402087,5.1672583
7635,Expectations,-1,1,5.033922,4.9611382
7640,Auditorium,30,1,6.6730857,1.1426494
7641,reform to finish,-1,1,4.0219483,4.4844694
7642,Not long!!!,-1,1,4.5961156,4.643046
7643,Local support,-1,1,3.5534518,3.6127722
7644,Saint George,41,1,0.6851965,9.901681
7645,blindwiky,36,1,7.724322,4.214787
7646,Iron Gate,6,1,1.0764577,4.367469
7647,Sorocabana,57,1,2.5744593,9.267382
7648,italy,50,1,2.3877935,10.405782
7649,Porgaoddferro,58,1,3.309454,8.877733
7650,Poland,39,1,2.9130487,7.119338
7651,france,-1,1,2.4454818,8.307867
7652,uk,-1,1,4.7817545,4.1853266
7653,poetry,-1,1,5.7212095,3.322109
7654,sky,-1,1,6.266897,7.242972
7655,blind.wiki,36,1,7.772474,4.171688
7656,Sorocabana Railway Station,3,1,-1.2047541,3.7242072
7657,call French,-1,1,2.438183,8.307279
7659,Marie Curie,-1,1,2.5170512,8.283888
7660,difficult accessibility,49,1,3.2485254,3.1203454
7661,Rebekah Lima,58,1,3.2530458,8.123659
7662,Singer,-1,1,6.946764,2.1041496
7667,cowardice,-1,1,5.218696,4.941625
7669,Carolina Maria de Jesus,-1,1,1.357205,9.714918
7670,Tactile Replicas,34,1,6.835803,5.660305
7671,Catholic church,-1,1,0.5232057,9.707962
7672,lose,54,1,4.1974845,4.871206
7673,Saint Rosalia,-1,1,1.2658247,9.762884
7675,Beauty,-1,1,7.2339234,5.2670746
7676,Lord of Bonfim,58,1,3.5676525,8.170641
7678,Brazil restaurant,15,1,7.503452,10.555119
7679,pink house,22,1,0.67044204,6.4256077
7684,highway,8,1,-0.6577115,2.1717825
7685,Vlt,55,1,4.1759067,6.470154
7686,rj,58,1,4.1147466,7.089659
7687,Avenida Paulista 200,57,1,1.7484022,9.035394
7688,Light-First,25,1,7.1954274,7.0547876
7689,first light,-1,1,7.1937346,7.070647
7691,Hebrew,52,1,4.4558973,4.3353043
7692,Art Hall,28,1,5.4680367,1.2825993
7693,Museum of Sacred Art,28,1,5.5648828,1.3047311
7694,Traveling Exhibition,-1,1,4.9615827,1.5519007
7695,Kiosk Kyoto,37,1,1.9782145,5.55047
7696,garapa and snacks,15,1,7.374087,9.949785
7698,I would like,43,1,6.60892,4.0171385
7699,tambourine,30,1,7.3137174,1.3440638
7700,musical instruments,30,1,7.3354206,1.2995386
7701,Rota_centro_SJCampos/SP,57,1,2.7417817,9.18566
7702,Eugenio de Melo,57,1,2.6604486,9.321318
7703,Eugenio de Melo District,57,1,2.2622094,9.363548
7704,Dry and Wet Store,-1,1,2.3388622,5.836486
7705,Immaculate Conception Parish Church,40,1,0.3404914,9.578934
7706,melo,18,1,4.3752127,9.881784
7707,village,22,1,1.277822,7.293686
7708,City park,10,1,-0.9631355,5.6828847
7709,Banhado de SJCampos,57,1,2.462676,9.198958
7710,motorcycle courier channel,-1,1,-0.40025368,2.5703788
7711,let,-1,1,5.3329263,4.8818445
7713,Cultural route,29,1,4.41651,1.9521946
7714,Ibirapuera corner works,57,1,1.8129239,8.988617
7715,Fireworks,26,1,7.011769,7.1044765
7716,construction of the world,22,1,1.7111214,6.375643
7718,Sculpture Garden,-1,1,7.33276,5.911173
7719,Ibirapuera Park,10,1,-1.0021557,5.6457543
7720,Frowns,-1,1,5.390918,5.8788953
7721,Amilcar de Castro,57,1,2.6497405,9.33723
7722,Teco Barbero,57,1,2.9290135,9.402339
7723,Photographer,-1,1,7.6103177,5.0650344
7725,Vicentinaaranha,58,1,3.5234418,8.764484
7726,Ibirapuera,57,1,2.404633,8.8277025
7727,Look,-1,1,6.0255704,4.7732873
7728,imagine!,60,1,5.800016,4.620268
7729,Current affairs,52,1,4.5580244,4.2694235
7730,Cynthia,-1,1,4.474438,9.140091
7731,volunteering,-1,1,3.3132906,3.7561915
7732,project in Brazil,57,1,2.240766,8.768659
7733,Mom Rota,58,1,3.4249725,7.8681984
7736,production blindwiki Brazil,-1,1,7.828471,4.0890183
7737,Lecture,16,1,3.5581753,1.0617454
7738,stories,-1,1,5.741597,3.8317397
7739,In-person dubbing,31,1,6.866575,2.4740849
7740,samba de roda,4,1,1.4201277,2.0836284
7741,Saint Amaro,-1,1,1.6789597,9.819612
7743,sorocabablindwiki,47,1,5.3314223,3.2077448
7744,artecontemporanea,35,1,7.8316717,5.561159
7746,Alpha,58,1,3.954582,7.6315064
7747,message,51,1,3.0806255,4.3927
7748,Post office,-1,1,2.514181,4.836299
7749,Bos,44,1,2.9208355,5.516391
7750,ophthalmological,36,1,7.531231,4.5314946
7751,Natural,19,1,5.267923,9.059866
7753,do,60,1,5.8873305,4.332611
7756,Ecological,19,1,5.306447,9.128
7757,Araraquara/SP,58,1,3.3224578,8.657745
7759,box,44,1,3.0588806,6.0529947
7761,araraqura,58,1,3.3260448,8.580702
7763,Israeli university,16,1,3.2545998,0.7963417
7764,Blind cameraman,36,1,7.687952,4.338454
7765,Blind Wiki documentary,36,1,7.775529,4.179788
7766,Entone Abad,58,1,3.7738986,8.113131
7767,deficientevisual,54,1,4.3260255,5.015388
7768,fair,-1,1,0.6548287,5.3162813
7769,Trinity,40,1,0.36053228,9.658756
7770,Abcessibility,49,1,3.2937024,3.1369185
7771,airport,3,1,-1.250535,3.1895785
7772,Hole,46,1,4.9919853,6.7199016
7773,Cathedral Square,-1,1,0.7244314,8.058503
7774,Faculty of Communication,16,1,3.4764872,1.0737154
7775,Federal University of Bahia,57,1,2.2268631,8.817186
7776,journalism,-1,1,5.662428,3.513421
7777,cultural production,29,1,4.4703074,2.0031745
7778,ophthalmologist,36,1,7.6334543,4.432278
7779,Instituto Paulistano,57,1,1.5855353,8.892101
7780,Tip,-1,1,3.0404384,3.8859208
7783,zeca,58,1,3.7513626,8.695407
7784,park provisions,10,1,-0.9245715,5.616129
7785,concert space,30,1,6.7766943,1.1242702
7786,vilatororo,58,1,3.5971568,8.717016
7788,literature,47,1,5.3205605,3.1875238
7789,#AccessibilityFair,49,1,3.2735555,3.1323466
7790,Bank of Brazil,57,1,2.2818923,8.734588
7791,utopias of this sinks,-1,1,4.7233872,5.1495786
7792,find it contemporary,61,1,5.1905384,4.040514
7793,Museum of Modern Art of Bahia,57,1,2.2276196,9.507453
7794,You fell,54,1,4.644844,4.991905
7795,Flores,-1,1,4.742728,9.582738
7796,Japan,-1,1,3.1670833,7.078989
7797,centroculturalvergueiro,29,1,4.5629616,1.8587621
7798,classroomdeforró,16,1,3.3646889,0.9630871
7799,Romeo has to live,58,1,3.5686705,7.5168467
7800,Mondays7:30pm,-1,1,5.7682385,6.4767313
7801,Dorina Foundation,-1,1,2.9474053,8.3007145
7802,panel,-1,1,4.7676215,2.5745037
7807,ongtemsentimento,-1,1,4.446076,5.2692795
7808,trans,7,1,-0.1975711,2.800142
7809,havefeeling,60,1,5.315992,4.7755523
7810,Santa Cecilia,-1,1,1.424587,9.681835
7811,ong,-1,1,4.3011913,5.936095
7812,cracolandia,-1,1,4.560795,7.5802293
7813,Efficient drop campaign,-1,1,3.3888407,4.640815
7816,Bahian,57,1,2.3704827,8.902784
7819,karaoke,31,1,6.925601,2.2082858
7820,metrocarrão,3,1,-1.0976785,3.4710543
7821,Arabic Food,15,1,7.446241,10.072056
7822,Esfirras,58,1,4.1580462,7.496394
7823,Rhizomatic,58,1,4.1725173,7.6602135
7824,Harmonica,30,1,7.3797126,1.3585196
7826,F Street,9,1,-0.37910497,1.6384046
7827,Manoel Antonio Puig,57,1,2.717876,9.493792
7828,elections,52,1,4.268026,4.2435946
7829,celebration,59,1,6.3715634,4.72073
7830,candidates,52,1,4.2954082,4.141578
7831,Lula,57,1,2.6959019,9.162103
7832,Presidency,52,1,4.452612,4.260076
7833,Sheep,12,1,7.26103,8.080677
7834,organic foods,15,1,7.3221564,9.924228
7835,Tapioca,57,1,2.811435,9.250869
7836,Saint,41,1,0.72275513,9.921674
7837,Free,-1,1,3.344393,3.6557243
7840,Sebastião Salgado @,57,1,2.6721084,9.262757
7841,Amazonia,57,1,2.33659,8.778107
7842,Sea Turtles,13,1,7.1643276,8.775387
7844,San Sebastian,50,1,1.9439571,9.875198
7845,Complaint,-1,1,4.7115645,5.6308675
7846,Caraguatatuba,-1,1,3.066521,9.012133
7847,Anti-stress,42,1,2.5086474,4.07242
7848,Security,51,1,2.8776984,4.5009794
7849,red line sp,-1,1,4.602395,3.8160949
7850,Belém station,3,1,-1.2604077,3.7469234
7853,Natal,-1,1,3.5977097,7.3215985
7854,wines,14,1,6.4047747,9.885724
7855,cheeses,15,1,7.5951467,9.919598
7856,mariafumaca,58,1,3.228869,8.817213
7857,Trema Vapor,24,1,5.7841115,7.44837
7858,frozen world,24,1,5.9430985,7.6507382
7859,emocao,-1,1,5.976858,4.9917803
7860,friendshipold,32,1,4.2802014,2.8652189
7861,new friendships,32,1,4.209479,2.9603117
7862,Saint Benedict,41,1,0.689225,9.910386
7863,Down syndrome,42,1,2.516251,3.758934
7864,Don Quixote,57,1,2.5479083,9.37929
7865,Candy,15,1,7.921984,9.838738
7868,Accessible culture,-1,1,4.1462975,2.222627
7870,rights,52,1,3.962966,4.0885057
7871,fearless,-1,1,5.3108277,4.985698
7872,UPC,55,1,4.2309065,6.3679476
7874,Akimatsuri,-1,1,3.264198,7.517436
7875,Autumn Festival,-1,1,0.511849,5.4244795
7876,Mogi das Cruzes,57,1,2.7936928,9.239169
7877,immigration museum,28,1,5.461528,1.2117668
7879,aline,58,1,3.7106638,7.930479
7880,Brazilian Paralympic Center,57,1,2.1389828,8.752593
7881,cpb,-1,1,3.8966742,6.4584064
7882,Olaria Neighborhood,22,1,1.1876239,7.7394876
7884,Square,-1,1,0.84292054,7.875395
7890,idyllic,22,1,2.0393288,7.031247
7894,campana,-1,1,7.5600095,2.357374
7895,speakers,31,1,6.6497793,2.6802316
7896,Speaker,31,1,6.5573764,2.7462747
7899,airport,3,1,-1.2402028,3.197864
7901,give them,60,1,6.1348095,4.3742876
7902,Metro exit,3,1,-1.1422148,3.4090075
7903,no stairs,0,1,1.3450123,0.1456902
7904,arc teriomph,58,1,3.9233916,8.210333
7906,citadella park,10,1,-0.939559,5.6616917
7907,Ciutadella mammoth,12,1,6.995744,8.423195
7908,francesc candi,-1,1,2.560812,8.316362
7909,historian,61,1,5.0607305,3.9932573
7910,citadel,22,1,0.8946014,6.5389366
7911,bcn,45,1,3.5567899,6.497005
7912,Fira,58,1,3.646672,8.308965
7913,Reina,58,1,3.5951724,7.7063966
7914,bickcletes,7,1,-0.35558236,2.928767
7916,Parc ibfantil,10,1,-0.98434925,5.656963
7917,Sovereign landscape,22,1,2.0382307,6.9354796
7918,menu poster,15,1,7.348869,10.500438
7919,Sant Antoni,-1,1,1.8583775,10.007198
7921,iPad,-1,1,2.5277069,3.2009943
7924,Gchv,55,1,4.126654,6.3448677
7925,uvv,55,1,4.1514983,6.487481
7926,Hbhb,58,1,3.7026596,6.848034
7927,hhbb,58,1,3.766098,6.891471
7928,hhbbhnn,58,1,3.8075309,6.919128
7929,hhhhv,-1,1,3.901537,6.711495
7930,ubb,-1,1,3.6711469,6.911738
7931,hb,58,1,3.7366903,6.838986
7939,Carmen,57,1,2.7391624,9.31073
7942,rest,2,1,9.096377,6.8192267
7944,Birdsong,12,1,7.8482494,8.148655
7948,dispenser,37,1,2.163588,5.3376536
7951,vehicles,8,1,-0.97116715,2.434459
7952,possible danger,-1,1,3.2936084,4.885027
7953,horseshoe,11,1,-0.40086606,4.685447
7955,stone and wood,-1,1,5.504763,10.184656
7958,Ur,-1,1,4.241387,7.845202
7960,Church of the Dawn,40,1,0.30785728,9.550928
7962,bonito,60,1,6.2135777,4.388087
7963,feo,-1,1,5.2070146,6.0780253
7964,rural,22,1,1.6639987,7.115122
7966,quiet tram,3,1,-1.1030973,3.364968
7968,QR codes,45,1,3.4347234,6.3191047
7970,reading,47,1,5.243131,3.1158578
7971,second section,-1,1,5.1903353,4.596027
7972,decision point,52,1,4.554904,4.259412
7973,start,-1,1,5.440621,5.4815464
7975,ditch,46,1,5.020927,6.7827315
7976,difficulty walking,4,1,0.6421768,2.2460926
7977,Noise of water,23,1,6.003722,8.314157
7979,cross-border hospital road,-1,1,-0.20996785,2.2629595
7980,cross-border hospital,42,1,1.8864133,3.7669904
7984,new,52,1,3.64705,4.091944
7985,Porté-Puymorens,58,1,3.3522236,8.327673
8005,flora,21,1,5.1978965,9.839173
8006,Toulouse,-1,1,2.3835366,8.3281765
8007,street name,9,1,-0.38408622,1.6014067
8008,Diagonal,-1,1,4.2515492,3.5044165
8009,box towers,22,1,1.1008502,6.8629804
8011,corner of the birds,12,1,7.825521,8.181451
8012,walk,4,1,0.6066916,2.2415338
8013,train station,3,1,-1.1992475,3.6950023
8014,infants,17,1,3.029959,1.7544292
8015,leisure,2,1,9.05379,6.744638
8017,Urgell,58,1,3.635612,8.361147
8019,cultura accessible,29,1,4.3289433,2.0806682
8020,touch models,48,1,2.3395712,2.985245
8021,touch model,48,1,2.3389766,2.9994872
8023,parc,10,1,-0.99537045,5.6564765
8024,eloi,58,1,3.6238334,7.678387
8025,holy week,40,1,0.31150147,9.569028
8026,santa,-1,1,1.2354488,9.73999
8027,transit,3,1,-1.0343939,3.2266214
8028,Eixample,58,1,3.6540575,7.7008343
8037,good,60,1,6.16474,4.3526077
8040,atm,55,1,4.1658316,6.57335
8047,joke,-1,1,5.847983,4.9546824
8057,multiple,-1,1,5.1723366,4.539321
8066,Brazilian_culture,57,1,2.1611617,8.927097
8071,Dance,4,1,1.404163,2.1233885
8076,Game,11,1,-0.08677639,4.984362
8096,Let's go,60,1,5.725785,4.521757
8101,sport,11,1,-0.19617857,4.893966
8106,rain,24,1,6.28509,7.6709256
8107,test1,56,1,5.0888414,5.40847
8108,test 12,56,1,5.073056,5.490566
8111,morning,-1,1,5.8320427,6.548638
8117,tactic,-1,1,3.4873183,4.621705
8124,sun,24,1,6.2435474,7.321911
8132,humboldtallee,58,1,3.787702,8.422288
8133,bicycles,7,1,-0.3752973,2.8608553
8135,man,58,1,3.7279437,7.006331
8137,martins,14,1,6.5047803,9.877832
8138,I have,60,1,5.9384193,4.4614215
8139,order,0,1,1.4249765,0.19622967
8140,rancho,-1,1,2.6989405,8.796604
8141,drover,8,1,-0.9472373,2.3694222
8142,ernesto,58,1,3.767368,7.8171725
8144,association,32,1,4.202019,2.9041946
8145,press,51,1,3.0640144,4.521569
8146,arises,58,1,3.9348407,8.01519
8147,lights,-1,1,7.167715,7.094819
8148,chestnut,21,1,4.9659615,10.005348
8150,boulevard,9,1,-0.36640486,1.7093248
8151,dogs,12,1,7.250264,8.031666
8152,rest,2,1,9.114112,6.8514237
8153,gift,43,1,6.52541,4.1807623
8154,lar,22,1,0.69311655,6.460692
8155,complex,-1,1,4.697167,4.999182
8156,margherita,58,1,3.1273997,8.586214
8157,manuela,58,1,3.245241,8.725719
8158,eugenio,-1,1,4.1841516,4.512298
8159,tag,-1,1,3.7747297,-0.71268547
8161,super,60,1,5.981965,4.423003
8162,social,-1,1,3.9685624,3.303531
8165,maria,58,1,3.0329223,8.684903
8166,avpaulista,42,1,2.2259202,3.967694
8167,cuesta,-1,1,3.0509138,4.839027
8168,particular,61,1,5.099461,3.787698
8169,chemical,-1,1,5.0865836,7.4267287
8170,history,61,1,5.0738826,4.035818
8171,visual,35,1,7.500919,4.8927245
8172,holiday,59,1,6.409155,4.776988
8173,coordinator,-1,1,3.816754,3.7955153
8174,immigration,52,1,4.2120504,4.2197704
8175,landscape,22,1,1.9036033,7.016061
8177,January,-1,1,5.7672243,6.4995747
8178,subway,3,1,-1.067985,3.4102192
8179,parish,40,1,0.3706239,9.591387
8180,bells,-1,1,7.5589757,2.3361065
8181,equality,52,1,3.9780817,4.1645594
8182,chemical,-1,1,5.093414,7.4288907
8183,indicated,-1,1,4.8541417,3.780755
8184,place,22,1,1.4616581,7.333076
8185,sun,24,1,6.2142053,7.3600807
8186,letters,-1,1,5.123268,3.7468026
8187,area,22,1,1.6330916,7.387381
8188,street,9,1,-0.34564418,1.6526725
8189,tourist,29,1,4.5224605,1.6639973
8190,jofre,58,1,3.6540911,7.828553
8191,d'istria,58,1,3.4543862,7.6440005
8195,leite,15,1,7.7863812,9.921169
8196,city ​​hall,22,1,0.5525248,7.249401
8197,accessible,49,1,3.2434433,3.0908024
8198,fortes,-1,1,4.73531,5.7756844
8199,it suits,60,1,6.1708894,4.3141823
8200,superior,52,1,4.459606,4.15447
8201,right,60,1,5.79671,4.3179293
8202,rosas,-1,1,4.735546,9.564756
8204,spikes,56,1,4.9786015,5.5270944
8206,hermitage,-1,1,4.404614,8.84491
8207,boa,-1,1,2.9732692,8.63104
8208,world,52,1,4.543414,4.371209
8209,tem,58,1,4.314318,7.167012
8212,crime,-1,1,2.7552562,4.832907
8213,the sun is shining,24,1,6.262926,7.2991376
8214,at the end there is a tunnel,-1,1,-0.60712117,3.7465367
8215,here,60,1,5.8486395,4.5228043
8216,norte,3,1,-1.0276737,3.8962538
8217,history,61,1,5.087322,4.014637
8220,hallo,43,1,6.5976577,4.0203543
8222,is,60,1,5.707779,4.2141404
8223,I,60,1,5.7060285,4.310374
8224,gunny,58,1,3.9480038,7.032287
8225,dies,54,1,4.2630343,5.0546103
8226,us,52,1,4.5080266,4.3350716
8228,vicinity,22,1,1.4543406,7.397455
8229,timmendorfer,39,1,2.7020292,6.9397593
8230,lande,52,1,4.375549,4.288698
8231,the,61,1,5.166506,4.1023097
8232,pedestrians,-1,1,0.18598978,2.1178813
8233,and civil,52,1,4.111429,4.1127744
8235,humidity,24,1,5.902143,7.418414
8236,Franciscans,41,1,0.685247,9.845068
8237,frei alvaci,58,1,3.5329876,8.629366
8238,tvirgen,58,1,4.1801543,7.366935
8239,helpless,54,1,4.1594357,4.860118
8248,concentration,-1,1,4.6377363,3.9250665
8249,caldodecana,-1,1,3.8201199,9.064017
8250,vilaclementino,58,1,3.588399,8.975308
8251,divinely,40,1,0.4493629,9.660955
8252,delights,59,1,6.432956,4.809438
8253,typical,61,1,5.25087,3.9025304
8254,Italian,50,1,2.470279,10.341869
8257,tax,-1,1,3.4079707,4.650499
8259,configuration,52,1,3.2210524,4.018287
8261,model,22,1,1.7190735,6.3654323
8262,syntactic,-1,1,5.7684984,3.5833347
8281,problem,-1,1,4.4165373,5.2644305
8284,tags,-1,1,3.7337298,-0.7416043
