id,tag,count,cluster,supertag,x,y
5170,Ambient noise,481,4,Ambient,1.5520352,5.0488186
4626,dangerous,265,56,Dangerous,8.659025,5.450164
4723,accessible,171,51,Accessible,8.930139,7.4847527
4822,culture,143,17,Culture,5.7371187,7.615012
5541,water,141,1,Water,3.8285098,2.9683156
5840,piazza,129,77,Piazza_77,5.9146037,3.4683807
5695,bridges,128,78,Bridges,4.308166,8.446429
7148,sorocaba,115,76,Sorocaba,7.935127,1.8130257
5242,accessibility,82,51,Accessible,8.924149,7.510772
6785,paseo,77,73,Paseo,6.9373116,1.5179319
5760,crowded environment,76,79,Crowded Environment,9.791188,7.0796556
4958,Caution,74,56,Dangerous,8.685478,5.5089617
5115,Odor,72,80,Odor,10.041043,3.1851323
4968,Iglesia,68,60,Iglesia,7.8427615,-0.16482408
6882,neighborhood exploration,68,81,Neighborhood Exploration,5.627165,3.6089773
4669,ristorante,66,8,Restaurant,11.823046,1.2668939
4845,Music,64,5,Music,2.3267233,5.7482553
2889,Bus,60,82,Bus,5.2618337,10.094073
5056,Tactile,58,50,Tactile,7.2764225,7.5965843
5019,. Reference,57,83,. Reference,10.895589,6.8861117
1710,bar,57,7,Bar,10.525606,1.3546432
5903,Calle dead,57,84,Calle Dead,9.221258,4.703662
5908,Venice at night,55,85,Venice At Night,6.7499213,-0.09254145
4668,scale,53,86,Scale,8.112898,6.0072765
4984,cafeteria,51,8,Restaurant,11.828975,1.4997267
4703,Loges route,51,24,Loges,7.0726137,8.712647
5799,wells,49,53,Wells,7.0653257,6.0201974
4120,testing,47,3,Test,12.724883,5.5870266
4896,garden,47,10,Garden,10.04894,0.56577325
4715,temporary,46,67,Temporary,9.279261,5.0657663
5161,Humboldt University,44,40,Humboldt,11.068715,7.9243727
4790,tree,41,6,Tree,9.651167,0.058119606
7988,Yolei,41,75,Yolei,8.518145,1.9627782
6796,maritime villages,41,0,Boats,4.0176735,1.8678215
4679,machine,39,55,Machine,7.646833,5.6364784
6810,cabanyal,38,87,Cabanyal,6.64388,1.8864404
7885,Coagabitat SCIGUDIPARTIALIMITALIZATORALS from the Startac ATIPICEDIZIONI,37,76,Sorocaba,7.90358,1.912634
6765,33Bienal,37,88,33Bienal,8.058454,3.1536584
4705,bells,37,4,Ambient,1.6025282,5.3659596
4825,shop,36,45,Shop,6.286977,5.7446475
5152,history,36,67,Temporary,10.191493,4.6961126
1754,trial,34,3,Test,12.510615,5.495567
5120,railway stations,34,22,Railway,5.925498,10.548285
5922,BarCarizzi,33,59,Barcarizzi,7.4249716,0.64936304
4820,drinking fountain,32,1,Water,3.8667636,3.0393178
5296,Turismo,32,89,Turismo,7.470651,1.8221822
4704,sidewalk,31,32,Sidewalks,4.044931,9.46137
7989,Yoley,31,90,Yoley,8.564474,1.9662172
7990,Yoli,31,75,Yolei,8.5109625,1.9758503
5231,Sound traffic lights,30,91,Sound Traffic Lights,3.95322,7.302308
4863,park,30,26,Park,4.8222694,4.752082
4785,test,29,3,Test,12.72824,5.5981483
5085,art,29,48,Art,6.5362654,7.3256874
5619,Girls,28,41,Girls,10.465439,7.344217
4828,food,27,8,Restaurant,11.594013,1.5709697
5034,Birds,26,11,Birds,10.9431,2.7367027
5771,Large channel,26,0,Boats,3.702358,1.9779509
4675,meeting,26,92,Meeting,10.766019,6.5534863
6764,Tactile floors,25,50,Tactile,7.3179355,7.66339
5339,Non accesible,24,51,Accessible,8.908035,7.4973006
4693,tram,24,22,Railway,5.6641655,10.318623
4624,sole,24,65,Sole,9.39736,3.799937
5936,ghetto,23,36,Ciudad,5.3988433,3.6455245
5788,Steps,22,18,Steps,6.8994126,9.3869505
5941,Calli,22,93,Calli,9.018402,2.8565698
6875,Paschal,22,68,Paschal,8.58445,2.8204277
6051,unique platform,22,52,Platforms,9.161272,6.975252
4671,pebbles,22,53,Wells,6.868686,6.388263
6802,puerto,22,0,Boats,3.673767,1.9449908
5148,water fountain,22,1,Water,3.8342128,2.996819
6250,foundations,22,94,Foundations,8.035949,5.223072
4810,library,21,38,Library,11.392446,7.1132784
4722,planner,21,95,Planner,8.607935,6.35827
5236,Deport,21,96,Deport,8.236524,6.987689
5178,Benches,21,26,Park,5.001624,4.918578
5014,open space,20,30,Open,6.9391203,4.5280957
7322,Japan House,19,34,Japan,5.939353,4.786053
4227,Testapipi,19,97,Testapipi,8.868572,3.2205296
4228,apiTest,19,3,Test,12.712308,5.5776925
5759,carnevale,19,27,Carnevale,5.2821403,5.6722193
4801,transport,19,98,Transport,5.5991983,10.036668
5011,obstacle,19,99,Obstacle,8.38944,5.995829
4975,Bike lane,19,21,Bike,5.0400634,8.962937
7529,Laramara,18,72,San,6.53405,1.6944867
6948,Theater,18,5,Music,3.1243317,5.649037
5880,Sotoporty,18,73,Paseo,6.896415,1.1326488
6666,Project,18,53,Wells,7.5563755,5.9795938
6671,Words and more,18,100,Words And More,11.120205,5.708318
5036,Works of art,17,48,Art,6.4958887,7.310514
4700,incivility,17,58,Incivility,9.70617,5.680933
7631,MACS,16,52,Platforms,9.144144,6.954125
5283,Monument,16,19,Museum,5.912536,6.8288546
5732,boats,16,0,Boats,3.7924426,1.810155
7239,SP Cultural Center,16,17,Culture,5.5843825,7.4578457
6050,streets for everyone,16,32,Sidewalks,4.039372,9.443518
6814,Sensations,16,101,Sensations,10.89805,4.107339
5391,Vaporetto,16,102,Vaporetto,8.495535,2.4579778
6114,Services,16,52,Platforms,9.220718,6.3369823
5919,Calle Chiusa,16,103,Calle Chiusa,7.092541,1.6604846
8001,saidus,15,104,Saidus,10.689216,4.605959
5057,sculptures,15,105,Sculptures,6.412437,6.932415
6148,Relax,15,2,Tranquillity,12.643002,3.4120078
5041,S-Bahn,15,22,Railway,5.779781,10.413769
5622,City game,15,36,Ciudad,5.1820474,3.6776512
6369,mare,15,0,Boats,4.0939217,2.0894756
4795,furniture,15,106,Furniture,5.7791753,4.897421
4699,jobs,14,55,Machine,7.7267823,5.7790728
5039,playground,14,26,Park,4.795609,4.87576
5173,Coffee table,14,8,Restaurant,11.9990635,1.8236111
6210,bas -reliefs,14,5,Music,2.45036,5.6098585
6247,nature,14,30,Open,6.9919615,4.144004
7342,Paulista,14,73,Paseo,7.151241,1.4483608
4707,Political sciences,14,58,Incivility,10.021154,5.5781183
6126,sounds,14,4,Ambient,1.6302952,5.274211
5428,School,13,40,Humboldt,10.8918495,7.913334
4284,street,13,32,Sidewalks,4.0561414,9.480482
7997,A,13,70,Mislata,10.856736,5.2805157
7998,of the,13,107,Of The,10.516684,5.02508
5421,Workshop,13,108,Workshop,7.625524,6.092385
7999,three,13,69,Three,10.688703,5.4834046
6809,streets,13,32,Sidewalks,4.08618,9.462808
5122,hotels,13,109,Hotels,5.391358,4.5359583
4851,Vision Australia,13,15,Vision,7.938334,8.380309
6778,Interior,12,110,Interior,6.0090146,4.9428205
5698,Bacari,12,111,Bacari,6.5166335,1.8880734
5314,Museos,11,19,Museum,5.572486,6.983784
6063,luci,11,112,Luci,4.0718927,6.963187
5736,silence,11,2,Tranquillity,12.688903,3.7248127
5247,Disabilities parking,11,113,Disabilities Parking,5.9199634,9.694695
5140,Memorial,11,19,Museum,5.7005825,6.781638
6367,Scalea,11,114,Scalea,8.481715,2.4582675
4812,good cafe,11,8,Restaurant,11.857675,1.3254282
5227,architecture,11,33,Architecture,5.6133165,4.1895933
5750,perfumes,11,115,Perfumes,10.134517,3.0841358
4808,braille,10,116,Braille,7.448699,2.3646612
5864,Noise,10,4,Ambient,1.4935952,4.9718843
7866,barcelona,10,117,Barcelona,6.214486,1.4893419
5855,vento,10,13,Rain,4.386138,5.852823
4352,rain,10,13,Rain,4.259208,6.073811
3683,Testing,9,3,Test,12.71751,5.5860715
5303,Parque,9,26,Park,4.826261,4.733803
5965,market,9,44,Market,6.001852,5.753102
5753,people,9,118,People,9.908125,7.0127225
5804,Tactile maps,9,50,Tactile,7.280673,7.394096
6079,Sculpture,9,119,Sculpture,6.425621,6.916412
6390,binary,9,62,Hhbb,8.1935005,3.6117096
5365,pueblos,9,37,Pueblos,5.829416,3.689218
4724,colonna,9,120,Colonna,8.531058,2.7047448
6138,Targa,9,76,Sorocaba,7.993237,1.9109038
5229,Pool,9,1,Water,3.816019,2.981512
6130,description,8,121,Description,10.843406,5.836625
5037,u-Bahn,8,22,Railway,5.788785,10.418267
6513,Hello,8,71,Hello,11.634365,4.3908377
5234,Blindwiki,8,15,Vision,8.534365,8.727068
7242,test,8,3,Test,12.708398,5.561702
5072,Bicycle,8,21,Bike,5.0810876,8.978153
7965,Way of lovers,8,122,Way Of Lovers,10.703455,4.3649817
7996,Wednesday,8,123,Wednesday,8.535644,-0.0053434162
6039,porta,8,46,Porta,8.261816,7.4707007
4996,aerial obstacle,7,124,Aerial Obstacle,8.129155,6.0281806
5137,tourists,7,25,Traveling,6.5004106,8.820538
7177,Following,7,69,Three,10.670061,5.4636683
6340,pharmacy,7,45,Shop,6.3186493,5.7251816
7599,Memorial da América,7,19,Museum,5.7215433,6.763412
5020,Urban art,7,125,Urban Art,6.3135343,7.349673
7073,Street art,7,48,Art,6.3929267,7.3929768
6331,as fosscari,7,76,Sorocaba,8.019798,1.5566651
4865,legends,7,67,Temporary,10.251827,4.578636
4717,motor,7,55,Machine,7.6583476,5.6403313
5725,Trattoria Pontini,7,76,Sorocaba,7.9038153,1.6838615
5403,Camino de Santiago,7,72,San,6.3358774,1.151444
5387,School,7,40,Humboldt,10.886469,7.879577
6348,archi,7,74,Archi,8.319826,2.4640672
5104,Traffic light,7,126,Traffic Light,3.963726,7.322221
7839,Museum of Tomorrow,7,19,Museum,5.604461,6.929143
7058,hospital,7,57,Hospital,7.8505006,4.8085036
4805,plans,7,127,Plans,8.726925,6.2894344
6025,San Rocco,6,61,Piazza_61,7.1813703,0.10960574
5092,Demonstration,6,16,Exhibition,10.10213,8.115823
6552,beach,6,128,Beach,4.225754,1.7248702
4962,Traditional pastry,6,8,Restaurant,11.475122,1.5108236
6410,Judecca,6,60,Iglesia,7.8100696,-0.15313417
5738,seagull,6,11,Birds,10.99757,2.7268891
5256,ATM,6,129,Atm,7.6319017,4.220296
5070,Travel,6,25,Traveling,6.3353004,8.800476
5158,orientation,6,130,Orientation,7.3999934,8.339866
5477,Stop,6,67,Temporary,9.323376,5.3117247
7995,Testingr,6,3,Test,12.807455,5.659992
5854,Voices,6,5,Music,1.675076,5.8871293
7110,French chalet,6,131,French Chalet,7.0053897,2.329284
5974,calm,6,2,Tranquillity,12.703085,3.5881095
4869,door,6,46,Porta,8.240262,7.4615364
7199,Modernist house,6,132,Modernist House,5.784548,4.5346055
5309,Stones,6,53,Wells,6.819559,6.3997493
5781,Aosta,6,76,Sorocaba,8.227492,1.8345331
5888,plant,6,10,Garden,9.940999,0.62239367
6248,night,6,14,Night,4.110158,6.668195
5959,Redeemer,6,133,Redeemer,9.761305,3.9624014
6266,headquarters,6,134,Headquarters,8.495794,6.4148626
2902,pizza,6,8,Restaurant,11.72878,1.342351
5502,Joint,6,135,Joint,8.515737,3.5242434
7079,wall,6,49,Wall,7.730043,6.99806
2916,obj.casa,6,34,Japan,5.972924,4.741953
7506,Carlos,6,73,Paseo,6.877237,1.0563539
5392,Catalan pavilion,6,136,Catalan Pavilion,6.217655,1.4266037
6299,pace,6,2,Tranquillity,12.686552,3.6370978
5167,Traffic,6,137,Traffic,4.808395,9.696099
5107,Missing tactile paving,5,50,Tactile,7.3027134,7.682514
5079,Interviews,5,42,Interview,11.182768,6.2881985
5357,Kerns juices,5,9,Fruits,9.504919,0.84938556
6116,shopping,5,45,Shop,6.2886367,5.6801825
6027,relief,5,58,Incivility,9.708054,5.519625
7717,MAM,5,39,Friends,10.286856,6.7241883
5182,Football,5,23,Game,4.0186524,5.02541
7323,Avenida Paulista,5,72,San,6.3802805,0.9960338
7294,Exhibitions,5,16,Exhibition,10.014689,8.189362
5879,gondola,5,0,Boats,3.7797709,1.7979599
7348,Santa Catarina Hospital,5,72,San,6.4723363,0.77797097
5967,Fish market,5,12,Pesce,11.488612,2.492861
5361,Summer,5,13,Rain,4.4070997,6.007526
5621,silence,5,2,Tranquillity,12.686109,3.712282
5791,calm,5,2,Tranquillity,12.69738,3.5769942
6228,Water danger,5,1,Water,3.814233,2.9475296
7677,Bahia,5,64,Brazil,5.7807207,1.8304181
5026,girl,5,41,Girls,10.43853,7.264999
5402,Santiago de Compostela,5,72,San,6.253063,1.1803336
4955,Rag,5,66,Parapet,8.274246,4.1060357
5742,books,5,38,Library,11.373414,7.089755
6505,Service,5,52,Platforms,9.240277,6.450186
5347,Trojan house,5,34,Japan,6.0866776,4.653188
7278,dance,5,20,Dance,5.766747,8.258008
5133,curiosity,5,70,Mislata,11.070162,5.2073426
5727,Station # Yokoham #,5,22,Railway,5.950742,10.57427
6086,wood,5,6,Tree,9.655525,0.082439035
5767,Venezia,5,61,Piazza_61,6.8483124,-0.01900568
5281,Health,5,57,Hospital,8.261207,5.12461
4819,entrance,5,46,Porta,8.300545,7.494442
5934,Steps,5,18,Steps,6.9059443,9.388192
7412,FIESP,5,65,Sole,9.072909,3.4507515
5769,Appetizing,4,8,Restaurant,11.514792,1.584869
5686,Capital,4,36,Ciudad,5.2476196,3.5232074
7203,Curiosity,4,70,Mislata,11.086073,5.1978383
6421,view,4,15,Vision,7.820083,8.252312
5483,Lock,4,46,Porta,8.316944,7.39846
7992,Sound landscape,4,4,Ambient,1.693844,5.20358
5068,Berlinische Galerie,4,28,Berlin,6.8114753,3.1971765
7900,North Station,4,22,Railway,5.9670134,10.591178
5829,Colors,4,48,Art,6.6635966,7.272146
5080,Oranienburgerstrasse,4,28,Berlin,6.931789,3.1442058
5985,Eco,4,30,Open,7.0276375,4.237933
7044,palm trees,4,6,Tree,9.608056,0.11671709
5081,What Berlin,4,28,Berlin,6.8073435,3.2240036
4981,Ramp,4,66,Parapet,8.442299,4.1752334
7161,free fair,4,27,Carnevale,5.4287343,5.645094
5184,playing fields,4,23,Game,4.208768,4.852973
7494,WTF,4,63,Joke,9.980329,4.0556593
7941,hiking,4,24,Loges,6.900382,8.61611
7610,Gastronomy,4,8,Restaurant,11.677578,1.4403635
6813,concert,4,5,Music,2.6163912,5.6765723
7180,pastel,4,8,Restaurant,11.313179,1.6802272
5112,Museum island,4,19,Museum,5.534896,6.988372
5644,Bus stop,4,22,Railway,5.398483,10.214015
5926,stop,4,67,Temporary,9.311001,5.2592688
7183,sugarcane,4,9,Fruits,9.456831,0.7763083
7742,Brazil,4,64,Brazil,5.677931,1.7290648
7243,São Paulo Cultural Center,4,64,Brazil,5.67453,1.786175
5927,Crossroads,4,29,Crossings,4.407172,9.093028
6195,games,4,23,Game,3.9685736,5.0328255
5681,Campo Santa Margherita,4,72,San,6.3806057,1.0588429
5762,Toilette,4,43,Toilette,7.0623655,5.0059924
7639,contemporary art,4,48,Art,6.435351,7.372794
5549,interview,4,42,Interview,11.182929,6.277768
5913,scoring,4,23,Game,3.9508307,5.0409403
7681,Salvador,4,64,Brazil,5.783651,1.7498385
6041,portico,4,46,Porta,8.277342,7.479508
4832,sensorygarden,4,10,Garden,10.033009,0.60126936
6155,Embarks,4,0,Boats,3.7080755,1.8454118
7872,UPC,4,66,Parapet,8.874284,4.0962453
7561,worm,4,11,Birds,11.168139,2.5956745
5532,town hall,4,36,Ciudad,5.3197083,3.562578
7175,inclusion,4,58,Incivility,9.695456,5.746295
7851,New server,3,52,Platforms,9.159924,6.58797
6173,primavera,3,13,Rain,4.3922176,5.9399486
6312,Fortuny,3,26,Park,4.8975945,4.38035
5874,Santa Marta,3,72,San,6.4568605,1.062554
6189,entrance,3,46,Porta,8.277614,7.5083976
7465,photograph,3,47,Photographs,6.816523,7.6225224
4979,Bus stop,3,22,Railway,5.3701143,10.222537
6821,pablo,3,73,Paseo,7.0908194,1.2116823
7632,strawberry,3,9,Fruits,9.534968,0.81044155
5877,Playground,3,26,Park,4.793076,4.895663
7260,Berry,3,9,Fruits,9.4899,0.8455783
7950,Pont,3,1,Water,3.7512457,2.8100708
6221,abandonment,3,67,Temporary,9.213181,5.1026273
7491,Asac,3,75,Yolei,8.244511,1.9374216
5000,children running,3,41,Girls,10.445115,7.3580804
5878,basket,3,44,Market,5.8964877,5.885708
5109,Crossing,3,29,Crossings,4.420724,8.764246
7261,Bengal,3,62,Hhbb,8.115076,3.6812274
7664,exhibition,3,16,Exhibition,9.992428,8.19701
5208,Performance,3,5,Music,3.1867383,5.5899754
6901,sombra,3,14,Night,4.165683,6.678816
7587,lack of accessibility,3,51,Accessible,8.890751,7.5550995
7762,Folklore Museum,3,19,Museum,5.5316234,6.937084
5315,Right,3,70,Mislata,11.025758,4.9043846
7217,Anhangabau Valley,3,28,Berlin,6.839106,3.236411
6366,fun,3,27,Carnevale,5.089336,5.553859
5233,Antoni Abad,3,59,Barcarizzi,7.414446,0.5917546
6631,pavilion,3,27,Carnevale,5.3066244,5.2516227
5342,Fairs,3,27,Carnevale,5.343784,5.6297
5082,Post -fiction office,3,52,Platforms,8.688917,6.575963
6863,L'Horta,3,73,Paseo,6.9900484,1.2077591
5329,cathedral,3,60,Iglesia,8.081491,-0.2785329
5740,Bookshelf,3,38,Library,11.410353,7.129917
4966,Rare things,3,70,Mislata,11.013539,5.3002424
5343,San Martín Pinario,3,72,San,6.5906687,0.88825476
6206,empty,3,67,Temporary,9.295484,5.0377336
6019,pastry shop,3,8,Restaurant,11.589909,1.2576643
7636,Museum,3,19,Museum,5.5492654,6.9788566
7612,Foundry bar,3,7,Bar,10.489049,1.3793252
5595,Ice-cream,3,8,Restaurant,11.079903,1.788963
7350,blindwikibr,3,15,Vision,8.518038,8.752011
5174,Friends,3,39,Friends,10.2264385,6.5285583
5526,Bank PKOBP Rynek,3,28,Berlin,7.3930764,3.4687066
6344,Ice-cream,3,8,Restaurant,11.129777,1.7657044
5898,Multidirectional,3,54,Multidirectional,8.064664,6.4631023
6954,sonora,3,4,Ambient,1.6422853,5.3072963
7170,São Paulo,3,64,Brazil,5.673794,1.7830247
6792,Neighborhood exploration,3,37,Pueblos,5.631953,3.7017834
7197,bus,3,22,Railway,5.3279815,10.151442
5882,ride,3,21,Bike,5.263954,8.888184
6678,Tunnels,3,53,Wells,7.0204916,6.2370048
6403,People Mover,3,25,Traveling,6.05703,8.885055
5295,Alameda,3,72,San,6.2549124,1.2876624
5886,tightening,3,66,Parapet,8.446596,4.1047506
5030,Wifi,3,52,Platforms,9.0600815,7.2018685
7420,Mequi 1000,3,62,Hhbb,8.34472,3.5463846
4816,courtyard,3,37,Pueblos,5.7317863,3.7604196
6280,osteria,3,12,Pesce,11.468681,2.455878
6198,avenue,3,31,Roads,4.3967657,9.556332
7027,Nazareth,3,60,Iglesia,7.9796376,-0.2453551
5978,portal,3,46,Porta,8.557803,7.5768094
6782,Botanical garden,3,10,Garden,10.071003,0.5738408
4993,Angelito de Perrita,3,73,Paseo,6.975045,1.0353523
5587,Book,3,38,Library,11.357987,7.063773
6099,schools,3,40,Humboldt,10.892446,7.922115
6249,fruiting them,3,9,Fruits,9.538629,0.7791238
5165,Stelenfeld,3,28,Berlin,7.189751,3.0485935
5859,laguna,3,1,Water,3.7637582,2.8459675
7898,Camino,3,24,Loges,7.034293,8.69991
7873,bw/EDU,3,40,Humboldt,10.958519,7.7508445
5534,Pies,2,8,Restaurant,11.444067,1.6512651
5091,jump,2,20,Dance,5.835669,8.207283
7920,sound landscape,2,4,Ambient,1.7078505,5.2286234
5578,Piano,2,5,Music,2.4591062,5.627104
6270,Seven,2,69,Three,10.681018,5.4944935
6551,Beaches,2,0,Boats,4.189329,1.7028368
7959,Pile,2,66,Parapet,8.80379,3.903861
3112,testing,2,3,Test,12.717073,5.5755205
6964,games,2,23,Game,3.9520268,5.0430956
6088,railway,2,22,Railway,5.825617,10.466877
5193,Water pump,2,1,Water,3.8527222,3.021449
7683,Eodoviaria,2,74,Archi,8.358906,2.3730357
5230,Compostela,2,72,San,6.5406823,1.307686
4836,hhome,2,62,Hhbb,8.143977,3.6106772
7449,singing and enchanting,2,5,Music,2.1753137,5.949744
5640,Main station,2,22,Railway,5.943821,10.55598
6885,Ratchet,2,65,Sole,9.071018,3.4220853
6607,family,2,39,Friends,10.198712,6.741807
7949,urban elements,2,36,Ciudad,5.3269715,3.5654755
6459,tennis court,2,23,Game,4.092153,4.9198723
4948,Test tube,2,3,Test,12.759204,5.6262565
7214,Cheese bread,2,8,Restaurant,11.43947,1.4899215
6923,Tranquillity,2,2,Tranquillity,12.689913,3.5721214
7249,Institute great,2,40,Humboldt,10.997624,7.9685187
6174,Catwalk,2,32,Sidewalks,4.1341186,9.382998
7435,Gratefulness,2,71,Hello,11.416184,4.3998075
7450,walking trade,2,45,Shop,6.3432198,5.7450767
6409,Islands,2,0,Boats,4.0325456,1.7691233
6048,model building,2,33,Architecture,5.619134,4.1890597
7863,Down Syndrome,2,57,Hospital,8.301375,5.1687603
5340,Santa Lucia,2,72,San,6.5237346,0.8432695
7553,resilience,2,67,Temporary,9.760983,4.907088
6339,bakery,2,8,Restaurant,11.612813,1.2138515
6886,adapted brush,2,53,Wells,7.616936,6.171395
6533,supermarket,2,45,Shop,6.282687,5.7059374
5246,ONCE,2,70,Mislata,11.136486,5.039894
6949,show,2,16,Exhibition,10.0142975,8.190617
4860,dissuasive pillar,2,56,Dangerous,8.724077,5.500161
7564,Sidewalk,2,32,Sidewalks,4.0110674,9.499539
5772,Guggenheim,2,19,Museum,5.7486825,7.069805
5659,Drum,2,5,Music,2.1452127,5.58033
6924,Doves,2,11,Birds,10.841463,2.7400606
6029,Decorations,2,48,Art,6.5552187,7.2311378
6272,students,2,40,Humboldt,10.854171,7.846926
7805,culturainglesa,2,17,Culture,5.7353745,7.5954843
6874,Machine,2,55,Machine,7.641857,5.6419916
7940,Path,2,24,Loges,7.048144,8.69986
5426,Polish Association of the Blind,2,15,Vision,8.227821,8.640859
7609,CAMARAGIBE STREET,2,32,Sidewalks,4.0512614,9.464543
5592,Kiosk,2,45,Shop,6.33248,5.7152014
7061,animals,2,11,Birds,10.630706,2.845787
5341,pilgrims,2,60,Iglesia,8.267546,-0.2650878
6376,pizzeria,2,8,Restaurant,11.79039,1.2571039
7476,trees,2,6,Tree,9.662544,0.06878812
5395,The Serra,2,72,San,6.4196978,1.2065918
6950,market,2,44,Market,5.965127,5.8226542
5171,practice,2,20,Dance,6.106185,8.2881565
6862,Picanya,2,70,Mislata,11.1398535,5.0472465
4950,Rain,2,13,Rain,4.270621,6.073474
5660,silence,2,2,Tranquillity,12.69474,3.7056103
5454,Rynek fountain,2,1,Water,3.8461676,3.0178146
7634,Sorocaba route,2,72,San,6.5771265,1.4969678
7454,Diversity in Paulista,2,73,Paseo,7.127515,1.4087789
5383,Narrow street,2,32,Sidewalks,4.23567,9.535413
7751,Natural,2,30,Open,7.05221,4.202048
5111,Tastmodell,2,50,Tactile,7.671748,7.6608944
7274,tactile floor on the right side,2,50,Tactile,7.3587484,7.699416
6105,San Polo,2,61,Piazza_61,7.174823,0.0922954
7665,Carolina Maria,2,72,San,6.5545273,0.8384733
6425,venetians,2,61,Piazza_61,6.874808,0.016769605
6902,flavors,2,8,Restaurant,11.395131,1.7638775
7119,To,2,70,Mislata,11.021201,5.065329
5808,Toys,2,53,Wells,7.2831745,6.346682
7324,Vision,2,15,Vision,7.9242363,8.398103
5924,Arsenal,2,23,Game,4.1928096,4.9917684
5705,vegetables,2,9,Fruits,9.691683,0.82638764
4864,wait,2,70,Mislata,11.014857,4.9825997
4716,signs,2,29,Crossings,4.4454994,8.901965
7009,second part,2,69,Three,10.517699,5.587003
6119,poetry,2,38,Library,11.537061,6.8263907
5290,Education,2,40,Humboldt,10.9276,7.899543
8004,Yorelei,2,75,Yolei,8.536754,2.0247097
5661,gretapower,2,52,Platforms,9.331877,6.398199
6721,Plant,2,10,Garden,9.940414,0.59460866
5220,Galway,2,7,Bar,10.353853,1.2219194
7130,Short hortlarge,2,68,Paschal,8.575261,3.0169015
5633,Passage through the streets,2,32,Sidewalks,4.1952586,9.341067
6876,Oven,2,7,Bar,11.018351,1.4572247
6133,riva,2,74,Archi,8.09092,2.1303127
6449,pool,2,1,Water,3.8339324,3.0283616
6052,platches,2,8,Restaurant,11.857855,1.8549148
6632,Venezuela,2,72,San,6.5721607,1.5278347
5594,Toast,2,8,Restaurant,11.3217,1.4838235
6378,court,2,23,Game,4.23026,4.82175
5971,pesce,2,12,Pesce,11.450366,2.475527
6676,earrings,2,15,Vision,7.893861,8.211709
6710,incivic,2,68,Paschal,8.436111,2.7891634
6259,navi,2,65,Sole,9.333777,3.3707366
6545,Environmental description,2,30,Open,7.0249534,4.233052
6952,interview,2,42,Interview,11.186329,6.295497
5609,Rustling,2,66,Parapet,8.760965,3.7876382
7893,Pedestrian street,2,32,Sidewalks,4.1525726,9.361942
6791,classroom,2,40,Humboldt,10.839989,7.8464026
7219,Rota Blindwiw,2,15,Vision,8.433316,8.76611
5417,Hole in the pavement,2,53,Wells,7.1414113,6.19186
5221,NCBI,2,62,Hhbb,8.209728,3.733854
5059,BB9,2,62,Hhbb,8.149566,3.7487576
6489,Utilities,2,52,Platforms,9.13116,6.363336
6095,San Rocco School,2,61,Piazza_61,7.2320876,-0.028666127
6332,Job,2,55,Machine,7.7226205,5.7868953
5881,dark,2,14,Night,4.109003,6.7668934
7943,Route of the waterfalls,2,24,Loges,7.0320134,8.692456
5956,tradition,2,67,Temporary,10.176742,4.5861526
6209,manholes,2,53,Wells,7.1451297,6.122845
7524,holes,2,53,Wells,7.1462545,6.0990777
7954,tactile,2,50,Tactile,7.414602,7.646087
5623,steps,2,18,Steps,6.886733,9.394047
6122,tables,2,8,Restaurant,12.005895,1.9126793
7220,Anhangabaú,2,75,Yolei,8.373942,1.9925177
5418,Church,2,60,Iglesia,8.178865,-0.34125426
7602,Memorial America Latina,2,72,San,6.4903107,1.5464554
6278,Attention steps,2,18,Steps,6.951925,9.328625
6826,Urban details,2,36,Ciudad,5.323796,3.5735168
7254,Application,2,52,Platforms,9.15004,6.936414
7458,Crafts at Paulista,2,48,Art,6.5413227,7.423473
5074,Bier,2,7,Bar,10.525133,1.3041146
4969,#Precalecion #terraza #Bar #Cafeteria,2,8,Restaurant,11.851385,1.2488703
7754,Basalt,2,53,Wells,6.9933085,6.1348186
7025,grass,2,10,Garden,10.166172,0.44028473
7514,Poor Juan,2,73,Paseo,6.8788233,1.0574346
5029,Hi Antoni we are here working a lot I Guess That Clear,2,73,Paseo,7.022094,1.0962313
7364,Bishop of the Rosary,2,60,Iglesia,7.929531,-0.19606932
5175,selfies,2,47,Photographs,6.8544383,7.602788
5761,San Marco,2,61,Piazza_61,7.23098,0.06116423
7209,Rosewood,2,6,Tree,9.645302,0.08421019
5646,disaster,2,67,Temporary,9.011776,4.9039764
6345,Restoration,2,57,Hospital,8.33337,5.008977
7481,app,2,52,Platforms,9.141028,6.9624166
7668,sp,2,65,Sole,9.199551,3.209256
5319,Franco,2,59,Barcarizzi,7.36307,0.7365079
7244,Cultural center,2,17,Culture,5.594015,7.4969516
5376,Food area,2,8,Restaurant,11.699915,1.4660906
5419,church,2,60,Iglesia,8.142631,-0.3254932
6931,arena,2,23,Game,4.0078225,4.9276505
7712,Rota,2,74,Archi,8.228022,2.331464
7638,Photographs,2,47,Photographs,6.838828,7.5810785
6197,Rest,2,2,Tranquillity,12.626794,3.3782432
7459,street artist,2,48,Art,6.36964,7.422396
6603,Place description,2,37,Pueblos,5.6146803,3.7708538
8018,Monastery of Pedralbes,2,60,Iglesia,7.782475,-0.21310079
5237,Pond,2,1,Water,3.7889357,2.9148128
6212,Partisan,2,58,Incivility,10.012532,5.625629
7669,CAROLINA MARIA DE JESUS,2,60,Iglesia,7.663391,0.06908698
7767,deficientevisual,2,67,Temporary,8.995219,5.128691
6749,Center of the travelers,2,25,Traveling,6.2122025,8.785396
7745,Taste festival,2,8,Restaurant,11.42515,1.6637781
6124,Disabled access,2,51,Accessible,8.958554,7.398787
5420,church,2,60,Iglesia,8.126484,-0.31510144
6932,street music,2,5,Music,2.3189268,5.7729397
5825,Wig,2,65,Sole,9.00599,3.5743647
5149,violin,2,5,Music,2.5705874,5.586397
7967,Informative panel,2,41,Girls,10.637318,7.2891145
5501,Ladybird,2,11,Birds,10.950664,2.7210557
4619,accademia,2,40,Humboldt,11.009823,7.956586
7724,Testimony,2,70,Mislata,11.013578,4.888142
6771,Error,2,67,Temporary,9.087395,5.0842147
4676,localization,2,54,Multidirectional,8.109045,6.388728
5637,supermarkets,2,45,Shop,6.2961955,5.681694
6881,Guitar,2,5,Music,2.4167314,5.708291
4974,Job,2,55,Machine,7.72384,5.7639046
5310,Cabina telefo,2,52,Platforms,8.864047,6.835107
7946,attention,2,69,Three,10.807934,5.8006186
6153,plates,2,8,Restaurant,11.8803625,1.7847097
5697,Piazzale Roma,2,61,Piazza_61,6.9010553,0.21705863
6636,Nordic countries,2,28,Berlin,7.1719713,3.2029288
5164,Brandenburg Gate,2,28,Berlin,6.925537,3.3424113
7549,Oswaldo Cruz College,2,72,San,6.3429756,1.3225578
5905,forest,2,6,Tree,9.646013,0.04697066
6714,Sounds environments,2,4,Ambient,1.7007605,5.198737
5407,Lack of,2,67,Temporary,9.318346,4.9404626
4817,Italian forum,2,61,Piazza_61,7.0129213,0.17587222
6540,Casino,2,23,Game,4.0179577,5.011485
7957,mountain,2,28,Berlin,6.697884,3.5470984
6959,paint,2,48,Art,6.547676,7.315471
5050,Exhibition,2,16,Exhibition,10.032585,8.187847
6869,machinery,2,55,Machine,7.5745053,5.5595584
4959,Coca,2,9,Fruits,9.4412565,0.8004954
5667,prosecco,2,59,Barcarizzi,7.4552975,0.6553398
5826,microphone,2,5,Music,1.7364401,5.845912
6372,Water,2,1,Water,3.8306441,2.9733176
6199,rides,2,21,Bike,5.2159777,8.868175
7201,Architecture,2,33,Architecture,5.5782585,4.1596003
7758,trail,2,24,Loges,7.0256853,8.663434
5801,Fondaco Tedeschi,2,59,Barcarizzi,7.559356,0.7719513
5434,Field,2,23,Game,4.2123637,4.8399944
6059,News kiosk,2,52,Platforms,8.801288,6.642673
5352,rest,2,2,Tranquillity,12.622193,3.3783333
5090,Water tower,2,1,Water,3.827739,2.9314804
5906,nightinvenice,2,14,Night,4.0721817,6.6358895
7630,Museum of Contemporary Art of Sorocaba,2,72,San,6.2597585,1.4311842
5051,Ping-pong,2,23,Game,3.9705517,4.961801
7090,#truth #coverup #Q #elites,2,67,Temporary,10.257163,4.5098233
5379,Location,2,37,Pueblos,5.5621495,3.7184527
8010,Swallow Park,2,26,Park,4.842031,4.7511125
5105,defect,2,67,Temporary,9.006309,4.906905
5668,salablu,2,76,Sorocaba,7.798731,1.8639106
5422,Welcome,2,71,Hello,11.591224,4.422045
5338,Taxi stop,2,22,Railway,5.362342,10.0140085
6373,noise,2,4,Ambient,1.520202,5.0182705
7969,Church of Rigolisa,2,60,Iglesia,7.778684,-0.1204076
5503,duck,2,11,Birds,10.9526205,2.759862
7445,MOREIRA SALLES INSTITUTE,2,64,Brazil,6.0668383,1.5832229
4976,Fruit boxes,2,9,Fruits,9.432835,0.7957034
5435,artificial surface,2,53,Wells,7.4026003,6.570808
6947,voice,2,5,Music,1.6941043,5.8775964
5353,drinking water,2,1,Water,3.903631,3.043615
7884,"Square Well, I'm going to tell you good but there are people who will be better to write but right now it is disturbing me recognizing well is bothering the change but of course it is doing it now in real time this is connected to the server and in the T",1,52,Platforms,9.110691,6.425345
5369,curve,1,53,Wells,6.937395,6.614945
7368,Renato alioti,1,59,Barcarizzi,7.4420924,0.6350409
5179,Berlin Wall,1,28,Berlin,6.8786483,3.2602267
6395,steps,1,18,Steps,6.8894367,9.3864355
7562,Displacement,1,54,Multidirectional,8.060149,6.469916
7737,Lecture,1,40,Humboldt,10.789865,7.7760596
5282,Athletics clues,1,23,Game,4.09713,4.9331555
7213,Art Concierge,1,48,Art,6.4256115,7.3949084
6350,Dornbusch,1,28,Berlin,7.339417,3.089901
7672,miss,1,67,Temporary,9.270314,5.022596
6716,hairdressers,1,43,Toilette,7.2252545,5.1301823
5411,yard,1,35,Terraces,6.340988,4.1796556
7402,sao paulo good land,1,64,Brazil,5.696863,1.7320573
5216,blind,1,15,Vision,8.188161,8.651417
6434,families,1,39,Friends,10.187432,6.6928773
6617,Pavilioncentral,1,27,Carnevale,5.266729,5.26183
5324,lunch,1,8,Restaurant,11.904431,1.5887204
7333,Japanese garden,1,10,Garden,10.047638,0.5500965
5136,Brandenburgertor,1,28,Berlin,6.9238553,3.2054148
7248,socializing family,1,39,Friends,10.185354,6.6444354
6363,burloni,1,63,Joke,10.051871,3.8196552
5935,material,1,53,Wells,7.472303,6.426392
7705,Immaculate Parish Church Conception,1,60,Iglesia,8.169786,-0.35243142
6752,Zug,1,22,Railway,5.793069,10.43657
5448,Market hall,1,44,Market,5.919777,5.7782726
6472,Night environments,1,14,Night,4.126622,6.654515
6073,empty calls,1,67,Temporary,9.270559,5.0504694
5054,sit,1,2,Tranquillity,12.543299,3.3697038
6649,Pluja; Tempesta; Pati Interior;,1,13,Rain,4.278483,6.05798
7176,Coco natural,1,9,Fruits,9.396627,0.71421653
5617,downtown,1,36,Ciudad,5.3787017,3.661954
4656,headset,1,4,Ambient,1.8159399,5.478498
6484,Port,1,0,Boats,3.6129303,1.9997463
6980,game,1,23,Game,3.9608774,5.032334
7642,Missing little !!!,1,67,Temporary,9.538942,4.9621286
6661,living room,1,34,Japan,5.814409,4.846485
5629,Birds,1,11,Birds,10.9442625,2.745383
7814,Ladasmocascegas,1,76,Sorocaba,7.968213,1.6538805
6872,Rice Museum,1,19,Museum,5.5394588,6.977517
7091,Republicans,1,58,Incivility,10.132503,5.73588
7379,social exclusion,1,58,Incivility,9.700092,5.710768
6408,discs,1,53,Wells,7.216819,6.438027
5999,danger of the road,1,31,Roads,4.64152,9.597281
7573,High speed,1,55,Machine,7.873107,5.821546
7100,home,1,34,Japan,5.9249406,4.763783
6235,Municipality Venice,1,61,Piazza_61,6.8645725,-0.043250505
7748,Post Agency,1,52,Platforms,8.921503,6.5369654
6798,basket,1,44,Market,5.9132853,5.910006
5784,Rio will hold,1,64,Brazil,5.697577,1.7056074
7830,candidates,1,58,Incivility,10.136481,5.7684007
6127,Tactile,1,50,Tactile,7.298333,7.5857344
5302,Beer,1,7,Bar,10.505673,1.2631243
7304,Carlos #,1,73,Paseo,6.903665,1.0158769
8011,corner of the birds,1,11,Birds,10.901326,2.7784376
7225,TerraceamDrade,1,35,Terraces,6.2505684,4.1662602
7938,"Parks
Bird
Wildlife",1,11,Birds,10.874658,2.7436686
6140,Ferry,1,0,Boats,3.7903855,1.835209
5423,Hello Tadeusz,1,28,Berlin,7.3356943,3.295683
6445,fried,1,8,Restaurant,11.497289,1.6774383
6047,sanrocco,1,61,Piazza_61,7.249239,0.10850038
6628,passable,1,51,Accessible,8.90934,7.4951415
5589,author's song,1,38,Library,11.531242,6.8382654
6284,Walls,1,49,Wall,7.7190037,6.9969416
5828,"Ospedalw
And civilian",1,67,Temporary,9.753451,4.974362
7059,rivers,1,1,Water,3.7133577,2.839112
7345,Accessible jhsp,1,51,Accessible,9.031363,7.4030867
7259,Blackberry tea,1,52,Platforms,9.075544,6.846619
6374,Illustrations,1,47,Photographs,6.659597,7.4283724
5950,Canto,1,73,Paseo,7.1141315,1.317745
7970,reading,1,38,Library,11.396116,7.041204
5504,fish,1,12,Pesce,11.466107,2.4743497
7716,Construction of the World,1,33,Architecture,5.706972,4.2387514
6763,Old town,1,37,Pueblos,5.648788,3.7277973
5963,Registration test,1,3,Test,12.666828,5.5634103
7552,Gabrielzinho Manos Crew,1,73,Paseo,6.94243,1.1180849
6573,ice cream shop,1,8,Restaurant,11.28509,1.6535467
5517,Polishlody on Bema no,1,74,Archi,8.3715315,2.5524142
7727,Look,1,70,Mislata,11.165793,5.2130384
5751,High water bookcase,1,38,Library,11.381842,7.167209
4692,Market,1,44,Market,5.9492407,5.852046
6497,Calm,1,2,Tranquillity,12.695424,3.5731335
6101,ambiguity,1,67,Temporary,10.084657,4.6395636
5269,Kill blind,1,15,Vision,8.25605,8.689953
7653,poetry,1,38,Library,11.567744,6.8045564
6672,Stone walls,1,49,Wall,7.604149,6.851194
7910,citadel,1,33,Architecture,5.4927344,4.33519
7662,Singer,1,5,Music,2.052912,5.8913374
5393,Totem,1,65,Sole,9.14307,3.4495745
7391,to dance,1,20,Dance,5.781441,8.32056
6011,spring evening,1,13,Rain,4.350779,6.114577
7585,Opera,1,5,Music,2.8915758,5.656718
7115,Sim,1,70,Mislata,11.189875,4.7447276
6251,institutes,1,40,Humboldt,11.014781,7.9904757
7841,Amazonia,1,64,Brazil,5.755459,1.7789018
7030,Hole,1,53,Wells,7.1009655,6.1177597
5123,cultural centers,1,17,Culture,5.6192856,7.5042477
6705,Motorcycles waiting,1,21,Bike,5.1533623,8.8661175
7238,Street dancing,1,20,Dance,5.743065,8.301992
7519,We see the possibility,1,70,Mislata,11.155703,5.200588
6541,paintings,1,48,Art,6.5556054,7.336064
7695,Kiosk Kyoto,1,45,Shop,6.235936,5.650226
6740,Spitalfields market,1,44,Market,5.8989463,5.87341
5436,Smoking room,1,34,Japan,5.8406944,4.890166
5700,Boat 5,1,0,Boats,3.7807999,1.8052127
6062,external terraces,1,35,Terraces,6.239305,4.176222
6639,cohabitation,1,39,Friends,10.102214,6.668272
5604,Bookstore,1,38,Library,11.422604,7.104922
6300,Rio Nuovo,1,64,Brazil,5.627414,1.6245304
6846,trans,1,29,Crossings,4.3870792,8.706972
7874,Akimatsuri,1,75,Yolei,8.512637,2.0146494
4853,ciao,1,71,Hello,11.611317,4.3821616
7070,Teenagers,1,41,Girls,10.516186,7.490468
6860,rueda,1,73,Paseo,7.0568857,1.5193585
7081,Fourth towers,1,33,Architecture,5.456174,4.0842757
7369,7 anjos,1,60,Iglesia,8.220094,-0.18191706
5180,Saxophone,1,5,Music,2.4077103,5.6251316
7283,Difficulties,1,56,Dangerous,8.851144,5.619682
6396,gatti,1,11,Birds,10.725551,2.8624015
5983,Music Museum,1,19,Museum,5.4065676,6.948612
7563,autonomy,1,58,Incivility,9.772804,5.6203175
6584,Game,1,23,Game,3.9691904,5.0152397
5537,Interview,1,42,Interview,11.1763735,6.2658787
6220,dead,1,66,Parapet,9.138433,4.7077208
6786,whistle,1,4,Ambient,1.535247,5.302417
4713,Testing2,1,3,Test,12.709958,5.5638866
6510,reggae,1,5,Music,2.3216507,5.8589306
7292,Upper floor 2,1,24,Loges,7.0793667,8.9389
6683,Turbos metal,1,55,Machine,7.72207,5.57433
6351,bakery,1,8,Restaurant,11.596391,1.1904498
7921,iPad,1,52,Platforms,9.047351,7.0421762
7673,santa rosália,1,72,San,6.553264,0.9820255
4999,above the sidewalk,1,32,Sidewalks,4.0150533,9.40788
5413,Poem on the wall,1,38,Library,11.556192,6.845696
5217,visually impaired,1,15,Vision,8.15792,8.599937
6435,children,1,41,Girls,10.477507,7.3650775
7597,Rua Brigadeiro Galvão,1,72,San,6.270258,0.9140925
7127,To see,1,70,Mislata,11.161242,5.2062097
5579,street musician,1,5,Music,2.3585598,5.7353687
6271,safety,1,56,Dangerous,8.719425,5.535795
7771,airport,1,22,Railway,5.6289563,10.087234
7852,Pizza; Bosko; delights; Typical; Italian,1,8,Restaurant,11.73623,1.2705331
4821,Italian restaurant,1,8,Restaurant,11.840789,1.2606242
7043,Mislata,1,70,Mislata,11.03187,5.040122
7334,collective company,1,39,Friends,10.189742,6.3574724
6364,moms,1,39,Friends,10.329371,6.9248204
7530,Accessible route,1,51,Accessible,8.807487,7.5866203
7960,Church of the Dawn,1,60,Iglesia,8.161789,-0.31315848
5494,tir,1,65,Sole,9.080732,3.5237346
6753,Deutsch,1,28,Berlin,7.0619297,3.0850818
5452,funlife,1,27,Carnevale,5.103562,5.5479736
6473,Building,1,33,Architecture,5.5697536,4.1576285
6967,bar kitchen,1,7,Bar,10.80329,1.3840774
6074,parallel,1,54,Multidirectional,8.03418,6.4817495
6650,table,1,8,Restaurant,12.013233,1.9035038
5618,Regards,1,71,Hello,11.474007,4.4934773
6485,Cruise,1,0,Boats,3.7669318,1.8017365
5254,Pedestrian step not indicated,1,25,Traveling,6.1374893,8.945466
7643,Local support,1,52,Platforms,9.355848,6.486311
6662,relax,1,2,Tranquillity,12.642195,3.397809
5630,Museum,1,19,Museum,5.5579696,6.9800105
7815,Santos,1,72,San,6.4247413,1.3041567
6873,Sounds,1,4,Ambient,1.6129686,5.252894
7092,truth,1,67,Temporary,10.445917,4.5934567
5381,Sightseeing,1,25,Traveling,6.5243344,8.796408
7380,Group,1,39,Friends,10.342455,6.4770746
5194,no drinking water,1,1,Water,3.996933,3.122475
6001,corner with cats and nature,1,11,Birds,10.7697115,2.7985346
7574,Planet,1,30,Open,6.958744,4.1131735
6597,Flowerbed,1,10,Garden,9.943359,0.6574557
5555,Noise,1,4,Ambient,1.5123166,4.996396
6236,balcony,1,35,Terraces,6.204822,4.294881
7749,Bos,1,55,Machine,7.820042,5.57742
6799,Skate,1,20,Dance,5.8765807,8.32052
5785,Tactile route,1,50,Tactile,7.3100557,7.8242545
7831,Lula,1,73,Paseo,7.154199,1.2682767
8012,promenade,1,25,Traveling,6.134573,8.851974
5108,campus,1,40,Humboldt,10.970175,7.9686055
7226,Andrade,1,74,Archi,8.199376,2.2590642
7509,Pandemia,1,67,Temporary,9.062381,4.7477264
7939,"Bell
Carmen parish",1,60,Iglesia,7.7354436,-0.09313094
5469,Read them into croissant no shit I can hours if you,1,8,Restaurant,11.510502,1.4962019
6142,Porchs,1,35,Terraces,6.165196,4.2983503
7684,highway,1,31,Roads,4.6554003,9.630744
5018,blonde,1,41,Girls,10.322658,7.1928134
6729,Congratulations,1,71,Hello,11.517158,4.427614
5424,Tomek,1,65,Sole,9.312827,3.4841406
7414,MASP,1,39,Friends,9.981831,6.449637
5687,devotion,1,63,Joke,10.151477,4.030858
6446,pollen,1,10,Garden,9.9785385,0.64125377
6936,selva,1,64,Brazil,5.7540097,1.7406101
6629,Israel,1,67,Temporary,10.004161,4.8373156
7142,rail complex,1,22,Railway,5.8234262,10.460809
5591,Mexico,1,72,San,6.5390234,1.466363
7782,Instagram,1,47,Photographs,6.8528175,7.590376
6836,Welfare,1,58,Incivility,9.584462,5.76213
4837,very manly,1,65,Sole,9.239229,3.3145711
6375,exposures,1,56,Dangerous,8.678478,5.4795895
7541,salve,1,71,Hello,11.548456,4.4456797
6563,Death in Venice,1,61,Piazza_61,6.8080835,-0.08250737
5505,Mud,1,53,Wells,7.0841527,6.0421634
7272,City,1,36,Ciudad,5.2778864,3.5912733
6574,Market,1,44,Market,5.9686136,5.803453
7982,Cerdanya Cross -Border Hospital,1,57,Hospital,7.8027744,4.785703
6203,Green clearing,1,30,Open,6.7525015,4.3728433
7728,imagine!,1,70,Mislata,11.086661,5.0182323
6775,or not,1,70,Mislata,11.049453,4.995649
6500,Ilton,1,68,Paschal,8.571017,2.9496417
6995,sports courts,1,23,Game,4.09053,4.9117703
6102,fastidii,1,65,Sole,9.133434,3.302032
5270,IA,1,67,Temporary,9.732067,4.8916607
7654,sky,1,13,Rain,4.412572,6.217799
6673,wires,1,57,Hospital,7.913394,4.9513464
5641,Conference,1,40,Humboldt,10.646269,7.5183916
5893,Boat 4.1,1,0,Boats,3.8014662,1.79483
7911,bcn,1,62,Hhbb,8.179917,3.7362294
4980,curbs,1,32,Sidewalks,4.064818,9.487395
7392,Dancaderuapaulista,1,76,Sorocaba,7.89368,1.6429479
5207,Michael Jackson,1,5,Music,2.1910546,5.8854003
6422,painting,1,48,Art,6.594193,7.3149595
6898,trenches,1,53,Wells,7.12456,6.1223435
6608,Malcanton river,1,1,Water,3.7345695,2.7709966
7116,now,1,70,Mislata,11.07905,5.081834
6254,Cafoscari,1,76,Sorocaba,7.92447,1.7937397
7761,RASTE OF THE CORREGO DOS MARTINS APP TRAIL ARARAQURA/SP,1,72,San,6.6016884,1.5039096
6811,Marina,1,0,Boats,3.9811497,1.9774213
7842,Sea turtles,1,12,Pesce,11.35599,2.568752
7031,impediment,1,56,Dangerous,8.619445,5.7436867
7520,Blindwiki Project History,1,15,Vision,8.536913,8.74198
6542,good coffee,1,8,Restaurant,11.953582,1.7716725
6161,Istria stone wall,1,49,Wall,7.68496,6.9314747
7696,Garapa and Snacks,1,8,Restaurant,11.414776,1.5458974
6741,Petticoat lane,1,31,Roads,4.5119886,9.623657
7425,Artist,1,48,Art,6.5109396,7.3751345
6460,basketball court,1,23,Game,4.155189,4.881424
7159,Expedition,1,24,Loges,6.7506332,8.6533985
5606,Harbor,1,0,Boats,3.663953,1.9512287
6301,darsuoduro,1,76,Sorocaba,8.135657,1.7674403
6847,trips,1,25,Traveling,6.5398,8.790824
7875,Autumn festival,1,27,Carnevale,5.094135,5.7189894
7071,Tree,1,6,Tree,9.661446,0.046501417
7359,Hospitalsanata Catarina avpaulista,1,72,San,6.544542,0.8624693
6861,repair,1,57,Hospital,8.197042,5.041529
7888,Message Meadows of Lluçanès,1,10,Garden,9.976588,0.6025171
5371,"A playground is nearby
The sun is shining
In the end is a tunnel",1,26,Park,4.836592,4.8393044
6585,locks,1,46,Porta,8.28842,7.402003
7739,Face -to -face,1,42,Interview,11.114521,6.2469893
7821,Arab food,1,8,Restaurant,11.669159,1.5220672
4714,testing3,1,3,Test,12.710148,5.5665092
7007,aboard the Albert,1,0,Boats,3.7195644,1.8043337
6117,Architecture,1,33,Architecture,5.574444,4.174741
5285,Mami Caution,1,56,Dangerous,8.624768,5.455008
7293,horta,1,10,Garden,9.990104,0.6199513
5093,MIDI,1,5,Music,2.2432718,5.5699654
6684,Walls,1,49,Wall,7.6958046,7.016014
7924,Gchv,1,66,Parapet,8.98065,4.2502546
7404,Homes Club,1,34,Japan,5.898749,4.820761
5218,blind assistance,1,15,Vision,8.1982,8.633423
6436,cat,1,11,Birds,10.713931,2.88619
7128,work,1,55,Machine,7.639299,5.7555013
5580,Whistling,1,4,Ambient,1.6244667,5.366095
7772,Hole,1,53,Wells,7.088532,6.1424365
5817,Church of Miracles,1,60,Iglesia,8.169996,-0.29837632
5326,traditional,1,67,Temporary,10.092564,4.587384
7335,Tobojapao,1,76,Sorocaba,8.251688,1.6786714
7250,Access Centro Cultural Metrô,1,17,Culture,5.615535,7.5277195
5939,new road,1,31,Roads,4.6006227,9.578728
7531,A more affordable city,1,36,Ciudad,5.3419905,3.5900254
6553,umbrellas,1,13,Rain,4.3076153,6.0438943
6176,Coffee breakfast bar,1,8,Restaurant,11.902887,1.5718653
7707,Culture House Rancho do Tropeiro Ernesto Vilela,1,72,San,6.4077625,1.3204728
7436,Shopping center 3,1,44,Market,6.131034,5.629445
5717,Rioba,1,64,Brazil,5.828408,1.8491529
6474,Stadio,1,23,Game,4.0992823,4.8980365
6075,pee,1,43,Toilette,7.10571,5.10276
7633,Teco Photography,1,47,Photographs,6.8288546,7.626694
7178,banana,1,9,Fruits,9.388712,0.7851951
6314,Santo Stefano,1,61,Piazza_61,7.3623486,0.19806796
6486,I disturb,1,67,Temporary,9.212712,4.80088
6985,pieces,1,53,Wells,7.580784,6.412515
6091,objects,1,53,Wells,7.3860855,6.4446883
5255,Photocopies,1,47,Photographs,6.9046335,7.518363
5069,Wurm,1,65,Sole,8.973554,3.453417
5631,ivy,1,10,Garden,9.971375,0.6523506
7816,Bahian Press Association. Savior. Bahia.,1,64,Brazil,5.7390304,1.7813133
7901,Docks,1,0,Boats,3.6645043,1.9781346
7093,insidejob,1,43,Toilette,7.135581,5.1335316
7381,Preferred scheme,1,52,Platforms,9.250392,6.593336
7576,audio description,1,4,Ambient,1.7466094,5.42828
7750,ophthalmological,1,15,Vision,8.0822,8.5085535
4730,new,1,70,Mislata,11.055247,5.3106103
7021,History Ancient Hospital,1,57,Hospital,7.737847,4.712471
8013,train station,1,22,Railway,5.9496255,10.5657425
7510,online class,1,40,Humboldt,10.840785,7.8939376
6731,Aldgate underground,1,53,Wells,7.031783,6.235788
7415,Trianon,1,68,Paschal,8.478047,2.9073038
5688,religion,1,63,Joke,10.075859,4.103051
5232,Gaiteiro,1,65,Sole,9.012217,3.4701912
6937,Dear Del Moro,1,73,Paseo,6.901434,1.0865266
6630,Refreshment,1,8,Restaurant,11.966225,1.9074115
6289,Telephone,1,52,Platforms,8.9838505,6.840825
7783,Zeca Pagodinho Rio de Janeiro,1,64,Brazil,5.763528,1.6825281
6837,fish market,1,12,Pesce,11.529245,2.4773326
5830,Antony,1,65,Sole,9.150044,3.1802495
4839,ferwharf,1,1,Water,3.7245102,2.722822
5157,Soap,1,43,Toilette,7.065906,4.975009
5952,Blind.wiki project,1,15,Vision,8.523157,8.754634
7543,#Benedito Calixto Square,1,72,San,6.2859006,0.91167057
7972,point of decision,1,69,Three,10.752493,5.618188
5506,Antoni,1,59,Barcarizzi,7.4031644,0.45103607
6191,Giardini Viale Benchine,1,10,Garden,10.024726,0.596831
7273,Lack of accessibility,1,51,Accessible,8.893765,7.5445094
5966,Rialto Market,1,44,Market,5.9518423,5.7433476
7554,St.,1,60,Iglesia,7.813133,-0.013221719
5521,Mail on the market,1,52,Platforms,8.752752,6.6380777
6204,baskets,1,44,Market,5.9400086,5.905317
7729,Actuality,1,70,Mislata,10.867031,5.1273146
7467,cook,1,8,Restaurant,11.147877,1.4923675
5757,multi -ethnicity,1,58,Incivility,9.778678,5.4278893
6501,Mulino Stucchi,1,59,Barcarizzi,7.5020185,0.7385493
6996,Cross with bike lane,1,21,Bike,4.848904,9.003867
5271,Ia,1,70,Mislata,11.084307,4.857014
7655,blind.wiki,1,15,Vision,8.510815,8.743647
6674,Roads,1,31,Roads,4.594236,9.584973
7205,complain,1,67,Temporary,8.987218,5.0667496
5642,Dominican Square,1,72,San,6.1854453,1.0504854
6888,Pellaio ratchet,1,65,Sole,8.90969,3.3850749
6708,Cuenca Campus,1,72,San,6.3198485,1.2102475
6423,Paintings,1,48,Art,6.5299745,7.3517866
6014,association,1,39,Friends,10.231969,6.522017
5570,National Forum of Music,1,5,Music,2.465084,5.7727523
6255,Water boats strong noises,1,0,Boats,3.556314,2.3701503
6812,parrot,1,11,Birds,10.928407,2.7511222
5805,Inaccessible tactile paths,1,50,Tactile,7.301292,7.8010206
7032,urbanism,1,36,Ciudad,5.3035097,3.5402954
5128,performances,1,5,Music,3.0440507,5.6571712
7240,young people,1,41,Girls,10.496624,7.446138
7521,political project,1,58,Incivility,9.914952,5.646996
6543,UdL,1,66,Parapet,9.0516,4.034752
6162,streets for everyone,1,32,Sidewalks,4.0474305,9.448877
7697,I am interested in volunteering on the ride at MAM,1,25,Traveling,6.581832,8.800585
5438,Oak,1,6,Tree,9.68879,0.12653372
7426,Paulista is ours,1,73,Paseo,7.0838895,1.3111533
5704,fish,1,12,Pesce,11.470433,2.4809246
6064,novel,1,38,Library,11.394309,6.866744
6302,San Barnaba,1,61,Piazza_61,7.3575253,0.05511739
7794,Cadevi,1,74,Archi,8.350704,2.4133308
6850,Game zone,1,23,Game,3.9379637,5.035562
7072,paradise,1,35,Terraces,6.47521,4.050534
5359,Finished works,1,55,Machine,7.71325,5.7234244
7360,Panel HospitalSantacatarina Avpaulista,1,72,San,6.6474414,0.99984986
7890,idyllic,1,35,Terraces,6.3663516,4.1414604
7371,umbrella,1,13,Rain,4.2366834,6.09403
6398,Area,1,35,Terraces,6.3973722,4.2007017
5986,welcome,1,71,Hello,11.61047,4.408963
7565,Marshal Deodoro,1,73,Paseo,6.9612927,1.0003339
6587,glasses,1,15,Vision,8.029133,8.402862
6225,External tables,1,8,Restaurant,12.007774,1.9679621
7740,Samba,1,64,Brazil,5.722946,1.777914
5773,Piazza San Marco,1,61,Piazza_61,7.0947647,0.110529244
7822,Spill,1,23,Game,3.9527159,4.9017253
6512,San Basilio,1,61,Piazza_61,7.3421025,0.09864012
5286,Green zone,1,30,Open,6.7711077,4.3828998
8003,four,1,69,Three,10.682403,5.5058513
5095,Klang installation,1,52,Platforms,9.171814,6.609542
6353,HR,1,55,Machine,7.7272825,5.7223277
5415,Narrow pavement,1,32,Sidewalks,4.2272177,9.550193
5219,Advice,1,56,Dangerous,8.733064,5.674513
6926,citrus,1,9,Fruits,9.464014,0.7826446
6620,stones,1,53,Wells,6.8070273,6.450581
5581,poetry,1,38,Library,11.552506,6.839299
6823,Les Arenas,1,23,Game,4.0377183,4.8350863
7854,wines,1,7,Bar,10.428421,1.2588708
4823,exercise,1,20,Dance,6.027937,8.363546
5328,Platforms,1,52,Platforms,9.18477,6.8507595
7336,Jh,1,62,Hhbb,8.222422,3.6763
7532,accidental,1,67,Temporary,9.165425,4.974122
6178,university,1,40,Humboldt,11.019548,7.9769616
7708,City park,1,26,Park,4.803413,4.7421846
6755,Crossing cars bikes pedestrians traffic lights,1,29,Crossings,4.555734,8.94593
7437,Compliments,1,71,Hello,11.504666,4.4660783
5719,Dromedary,1,68,Paschal,8.4384365,2.8189492
6475,Surfaces,1,53,Wells,7.51734,6.531496
6969,Conversations,1,42,Interview,11.143184,6.266075
6652,Sonorous Ambient,1,35,Terraces,6.446653,4.013028
7179,fruits,1,9,Fruits,9.454202,0.7889774
6766,The road conditions are not good,1,31,Roads,4.5501356,9.576036
6487,concessions,1,58,Incivility,9.7363,5.7655373
6986,pieces,1,53,Wells,7.542756,6.41609
6092,abandoned,1,67,Temporary,9.046758,4.9864883
7645,blindwiky,1,15,Vision,8.34688,8.7343
6664,Test 1,1,3,Test,12.694338,5.562751
7192,prevention,1,56,Dangerous,8.691107,5.483889
6330,Green space,1,30,Open,6.78506,4.395739
7818,#karaoke #bar #Metrocarrao,1,72,San,6.297442,0.9058558
7902,Metro departure,1,22,Railway,5.7248983,10.334029
4965,Fairs,1,27,Carnevale,5.368102,5.6304874
7382,RODRIGUES ALVES COLLEGE,1,40,Humboldt,11.039642,8.033908
5197,Anzettelt,1,65,Sole,9.207099,3.5056708
6003,fried smell,1,8,Restaurant,11.432506,1.7455605
7577,sidewalks,1,32,Sidewalks,4.037617,9.445602
6599,aftermath,1,67,Temporary,9.628421,5.145951
7103,International day against violence against women,1,58,Incivility,9.899009,5.761463
5558,Earth and a tree,1,6,Tree,9.632039,0.045572486
6239,altar,1,60,Iglesia,8.25378,-0.28892764
7833,Sheep,1,11,Birds,10.628643,2.8199067
6524,Currywurst,1,8,Restaurant,11.418559,1.6541306
7308,visual impairment,1,15,Vision,8.134456,8.597473
8014,infants,1,41,Girls,10.444512,7.2853556
7511,pedagogy,1,40,Humboldt,10.876154,7.8806105
5473,According to the Malgosia,1,76,Sorocaba,8.015005,1.7397455
6147,traveling,1,25,Traveling,6.3318057,8.831475
6732,EC3 minorities,1,58,Incivility,9.8335495,5.585598
5427,Iza Dawidowicz lives,1,28,Berlin,7.3597865,3.2787132
7416,MASP Museum,1,19,Museum,5.589725,6.9395547
5691,Second World War,1,67,Temporary,9.829829,4.7146225
6938,gateway,1,46,Porta,8.321481,7.490674
7144,Work,1,55,Machine,7.6735597,5.7770305
6290,public phone,1,52,Platforms,9.011326,6.867789
7784,Park Provision,1,26,Park,4.8157816,4.748389
5832,Legend,1,67,Temporary,10.232161,4.5340657
7865,Candy,1,8,Restaurant,11.316386,1.7776128
7062,boat,1,0,Boats,3.7687156,1.7912415
7262,path,1,24,Loges,7.1133103,8.732825
6377,Crucifix,1,60,Iglesia,8.000932,-0.26381323
7544,Fun learning,1,27,Carnevale,5.087836,5.5628047
6565,Bus stops,1,22,Railway,5.3599315,10.1786785
5507,Harmonica,1,5,Music,2.40318,5.610418
6192,timetable,1,52,Platforms,8.889924,6.4375386
7719,Ibirapuera Park,1,26,Park,4.857262,4.6294017
6388,classroom,1,40,Humboldt,10.834831,7.8467383
7555,Walk,1,25,Traveling,6.0116854,8.86022
7984,Error 500 (Server Error)!!1500.That’s an error.There was an error. Please try again later.That’s all we know.,1,52,Platforms,9.152911,6.4100194
6205,Cane,1,73,Paseo,6.8768754,1.0773022
6777,Testing,1,3,Test,12.782385,5.649833
7468,incredible,1,70,Mislata,11.002193,4.7800097
5758,Pianoforte,1,5,Music,2.4412663,5.643357
5273,IIT,1,67,Temporary,9.725653,4.986647
6675,roads,1,31,Roads,4.598475,9.556952
7206,request,1,52,Platforms,9.179985,7.069737
5643,St. Wojciech,1,28,Berlin,7.214476,3.340391
5896,Photo,1,47,Photographs,6.829978,7.6150084
6709,Student House,1,34,Japan,5.8586974,4.7208705
7394,Like Paulista,1,73,Paseo,7.147783,1.3492694
5209,Hohenschönhausen,1,28,Berlin,7.087678,3.0661654
6015,Uici,1,65,Sole,9.398287,3.6006646
7589,Várzea do Carmo UBS,1,73,Paseo,7.3072066,1.3946995
6610,four,1,69,Three,10.675501,5.5304
5571,MUSEUM,1,19,Museum,5.552393,6.9733396
7763,Israelite University,1,40,Humboldt,11.05827,7.9815397
4811,Indian restaurant,1,8,Restaurant,11.815362,1.2361554
6535,fast food,1,8,Restaurant,11.768,1.4390033
7033,tangle,1,66,Parapet,8.646783,3.898767
5129,pedestrian crossings,1,29,Crossings,4.4180903,8.977511
7241,@ Pico,1,47,Photographs,6.831465,7.631356
6544,crossing,1,29,Crossings,4.395865,8.748644
7952,possible danger,1,56,Dangerous,8.648209,5.4964294
5486,Archers,1,23,Game,4.265133,4.748392
6165,Basilica Frari,1,60,Iglesia,7.4841466,0.0087052705
7698,I would like to participate as a volunteer on the Man tour.,1,25,Traveling,6.59406,8.7760105
6743,More London,1,36,Ciudad,5.349853,3.672599
7427,Cafeteria,1,8,Restaurant,11.877307,1.5205165
6462,swing,1,23,Game,4.3384666,4.8957996
6642,safety,1,56,Dangerous,8.720902,5.532044
7162,Hashtag Vila Clementino Hashtag Cheap Fair,1,27,Carnevale,5.4270716,5.652034
6304,verde,1,30,Open,6.712956,4.378445
5849,Skessing,1,65,Sole,8.878242,3.6874447
7877,Immigration Museum,1,19,Museum,5.564947,6.998543
7361,SchoolDriguesalves Architecture,1,40,Humboldt,10.881492,7.9453216
6318,conservatory,1,5,Music,2.5849504,5.6326227
7807,ongtemsentimento,1,66,Parapet,9.18344,4.473728
7892,Good morning,1,71,Hello,11.70899,4.336297
7084,Botanical first part,1,10,Garden,10.019392,0.5786566
7372,Hostipal Santa Catarina,1,72,San,6.4052896,0.88779026
5185,Bakery,1,8,Restaurant,11.584798,1.1840065
7286,Garden,1,10,Garden,10.072382,0.5609251
5987,Arsenal door,1,46,Porta,8.25492,7.4731965
6588,aperitifs,1,8,Restaurant,11.526872,1.6072227
5542,water,1,1,Water,3.8380609,2.9685488
6227,tight,1,66,Parapet,8.671013,3.8460238
6790,The ships,1,0,Boats,3.7094352,1.8316482
7295,voluntary,1,58,Incivility,9.608189,5.8317084
5096,Staircase,1,18,Steps,6.9530773,9.337146
6686,Sound plants,1,4,Ambient,1.7285048,5.222767
7926,Hbhb,1,62,Hhbb,8.114655,3.6581988
5006,largo,1,65,Sole,9.275868,3.2455187
7406,SenaPaul,1,76,Sorocaba,8.086842,1.8162764
6438,Venice,1,61,Piazza_61,6.848485,-0.0639788
6927,Garden Botáncio,1,10,Garden,9.993993,0.5827178
6032,Church of the Frari,1,60,Iglesia,7.781472,-0.114034645
7600,Inclusion Museum,1,19,Museum,5.5224757,6.9897685
6274,classic high school,1,40,Humboldt,10.832171,7.867224
7774,Faculty of Communication,1,40,Humboldt,10.807655,7.6816792
6824,Cuba,1,72,San,6.575707,1.4767935
5819,leather,1,66,Parapet,8.426077,4.167828
7855,cheese,1,8,Restaurant,11.468666,1.4900644
4824,Irish pub,1,7,Bar,10.455104,1.1942788
7047,Ancient palm,1,6,Tree,9.527976,0.17479794
7337,Exhibition!,1,16,Exhibition,10.037393,8.182469
7533,citizen action,1,58,Incivility,10.043098,5.536603
6555,Path,1,24,Loges,7.053017,8.696914
5497,lawn,1,10,Garden,10.157279,0.46007288
6181,song,1,5,Music,2.132586,5.8832984
7709,SJCAMPOS,1,76,Sorocaba,7.8171268,1.7870693
6756,Rumor,1,67,Temporary,10.100702,4.4942265
7438,Instagram @blimbwikibr,1,47,Photographs,6.88952,7.560788
6767,Road conditions improve,1,31,Roads,4.584471,9.603052
7456,FIESP building,1,33,Architecture,5.556325,4.1343427
6488,moonlight,1,14,Night,4.220709,6.6205335
6987,Capitulet,1,68,Paschal,8.428783,2.8305871
6094,shadow,1,14,Night,4.1673074,6.695345
5257,Student services,1,40,Humboldt,10.914172,7.8858433
7646,Iron gate,1,46,Porta,8.165411,7.2261133
5071,secret,1,67,Temporary,10.218958,4.5804195
6665,taller con antoni abad,1,59,Barcarizzi,7.5197935,0.56541324
7819,karaoke,1,5,Music,1.9621054,5.936167
7903,No stairs,1,18,Steps,6.982286,9.29589
7095,lies,1,67,Temporary,10.263534,4.4275064
5384,Fitness,1,20,Dance,6.048495,8.3307705
6414,Pool pool physola,1,1,Water,3.8185384,2.9832804
6004,screaming child,1,41,Girls,10.458658,7.2012267
7578,Shows,1,16,Exhibition,10.0434065,8.166426
6600,"Piove 
Rain 
Humidity",1,13,Rain,4.271221,6.0693645
7104,concert of the middle schools of Urbino,1,5,Music,2.554628,5.8480415
5559,Lodz,1,65,Sole,9.02124,3.4930353
6241,brick wall,1,49,Wall,7.711693,6.9767647
7752,Municipal,1,36,Ciudad,5.272875,3.5326056
7834,Organic foods,1,8,Restaurant,11.484693,1.4846748
6525,Spicy,1,8,Restaurant,11.19922,1.7390176
5306,Church,1,60,Iglesia,8.160371,-0.3240624
7309,Carlos # bus,1,22,Railway,5.201997,10.052242
8015,leisure,1,2,Tranquillity,12.663073,3.4301689
6698,Guys talking,1,42,Interview,11.207125,6.2552814
7231,Tactile,1,50,Tactile,7.2926188,7.579964
7512,vaccination,1,57,Hospital,8.342745,5.135172
7942,break,1,67,Temporary,9.304493,5.157714
7687,Avenida Paulista 200,1,72,San,6.317502,0.9301456
6733,Tower Gateway DLR Station,1,22,Railway,5.8966484,10.471485
7417,Trianon Park,1,26,Park,4.800341,4.7331567
6940,animación,1,47,Photographs,6.7984867,7.497901
7611,low vision,1,15,Vision,8.111737,8.569899
6291,keys,1,46,Porta,8.267789,7.375742
7785,space for shows,1,16,Exhibition,10.013076,8.192569
5833,Venetian legend,1,61,Piazza_61,6.804638,-0.03452828
7063,heritage,1,67,Temporary,10.169657,4.643407
5160,quiet,1,2,Tranquillity,12.707509,3.6858387
5955,Worksite,1,55,Machine,7.5388236,5.6906724
7545,Access,1,51,Accessible,8.946702,7.476802
6566,Landscape,1,35,Terraces,6.4206223,4.0538883
7974,Danger the first section,1,56,Dangerous,8.69189,5.439905
5508,quiet,1,2,Tranquillity,12.690642,3.6656797
7720,Mock,1,63,Joke,10.138168,4.00555
7362,Santa Catarina,1,72,San,6.4375935,0.871341
6503,cruise ship,1,0,Boats,3.746379,1.8197732
5084,Tacheles,1,50,Tactile,7.3020444,7.6112924
7207,Supermade,1,55,Machine,7.864735,5.7461405
7478,blue line,1,29,Crossings,4.4700212,8.598498
7914,bickcletes,1,21,Bike,5.093056,8.950807
4986,Terra,1,30,Open,6.9129076,4.125224
6426,terrace,1,35,Terraces,6.207524,4.1997433
6904,Route Start,1,24,Loges,7.1704025,8.654936
7590,INSS post,1,52,Platforms,9.022079,6.532935
6611,piedra,1,53,Wells,6.809798,6.396447
7120,Good morning,1,71,Hello,11.680669,4.367762
5572,Restaurant food,1,8,Restaurant,11.768056,1.3559759
7764,Blind cameraman,1,15,Vision,8.179501,8.641133
5809,Sanctuary,1,35,Terraces,6.459795,4.1612105
7845,Complaint,1,67,Temporary,8.911892,5.0436306
7034,abandoned territory,1,35,Terraces,6.445187,4.0976305
7325,wall,1,49,Wall,7.728792,6.9824624
5130,university campus,1,40,Humboldt,11.037671,8.028072
7523,people with visual impairment,1,15,Vision,8.136144,8.606939
5487,hidden stairs,1,18,Steps,6.9461927,9.336952
6166,Campiello San Rocco Pozzo Fontana,1,61,Piazza_61,7.056149,0.35359898
7699,tambourine,1,5,Music,2.2750294,5.5622745
5440,stadium,1,23,Game,4.064809,4.926427
7428,Banana split,1,9,Fruits,9.4452505,0.7903986
5706,Ca 'dario,1,73,Paseo,7.0464196,1.4971975
6463,bench,1,26,Park,4.992131,4.918009
6066,Songs,1,5,Music,2.2102747,5.8425155
7624,Metro Red Line,1,22,Railway,5.7542205,10.389582
5044,friendly staff,1,71,Hello,11.581224,4.489609
6643,trieste,1,61,Piazza_61,6.9177456,0.114865
7168,garden_botanicap,1,10,Garden,10.007108,0.5474804
6305,leaves,1,6,Tree,9.765688,0.23790528
7878,Spanish immigration in Brazil,1,64,Brazil,5.924987,1.6587567
7074,The Arab wall,1,49,Wall,7.773023,6.9576483
6655,Concerto,1,5,Music,2.6057944,5.619947
6319,Rio terà,1,64,Brazil,5.673261,1.6692421
6864,Torrent,1,52,Platforms,9.211368,6.963908
5867,outpatient clinics,1,57,Hospital,7.815029,4.751168
7085,Botanical,1,10,Garden,9.986973,0.58371115
5374,Italian,1,61,Piazza_61,6.9574566,0.10592457
6401,wine bars,1,7,Bar,10.499214,1.292726
5988,bell sound,1,4,Ambient,1.6088362,5.2794
7567,Means of transportation,1,22,Railway,5.5711718,10.106691
6589,fried seafood,1,8,Restaurant,11.536875,1.8169695
5544,Valerian Dominican,1,73,Paseo,6.8782816,1.1282178
5778,Puro,1,65,Sole,9.3023405,3.5937073
7824,Harb,1,62,Hhbb,8.17206,3.6463594
6515,tester,1,3,Test,12.737064,5.601104
7010,third,1,69,Three,10.596028,5.497124
6120,Carabinieri,1,59,Barcarizzi,7.413481,0.6529142
5291,Institute,1,40,Humboldt,10.971957,7.928175
8005,flora,1,10,Garden,9.970386,0.6566474
6688,bars,1,7,Bar,10.527715,1.421607
5662,Historic,1,67,Temporary,10.157691,4.670677
6355,Venetians,1,61,Piazza_61,6.855876,-0.015550722
7496,Santo André City Hall,1,36,Ciudad,5.3035293,3.445953
7927,hhbb,1,62,Hhbb,8.094639,3.6458695
5007,Many meters,1,54,Multidirectional,7.92345,6.0705757
6722,Bola,1,23,Game,4.0599074,5.082145
7407,Rock in roll,1,5,Music,2.3317266,5.7356324
5678,Random catwalks,1,32,Sidewalks,4.1624503,9.316662
6439,Aperitif,1,8,Restaurant,11.507701,1.663366
6036,San Tomà,1,61,Piazza_61,7.1790895,0.10210186
6622,bookshop,1,38,Library,11.426304,7.1698513
7131,U,1,67,Temporary,9.940666,4.6401486
5583,Fries,1,8,Restaurant,11.521309,1.646457
6275,Ca 'Rezzonico,1,59,Barcarizzi,7.3872623,0.69049346
7775,Federal University of Bahia,1,64,Brazil,5.723914,1.7498201
5820,Try,1,3,Test,12.625074,5.5419507
7049,Museum dome,1,19,Museum,5.547541,6.9032445
5146,Think of,1,70,Mislata,11.000288,5.349253
7253,Blackberry,1,52,Platforms,8.975769,6.925907
6368,village,1,37,Pueblos,5.829787,3.739443
7534,Wiki: Collaborative Network,1,51,Accessible,9.068106,7.4689183
6556,Blue moon,1,14,Night,4.355575,6.4985147
5498,plants,1,10,Garden,9.949039,0.6079439
6182,nothing special,1,67,Temporary,9.5162735,5.127611
6757,"We are like that, dial the same one, one or two or two-two",1,42,Interview,11.17067,6.134802
7439,Ims,1,67,Temporary,9.671716,5.009967
5724,porch,1,35,Terraces,6.168131,4.3051677
4267,Android 2 point 3 point you are,1,52,Platforms,9.097114,6.912313
6478,sleeping,1,2,Tranquillity,12.603731,3.36769
6972,small,1,67,Temporary,9.505128,5.242341
6080,Directions,1,24,Loges,7.202516,8.5359335
7721,Amilcar de Castro,1,73,Paseo,6.7692924,1.224993
6768,"Yes, there's a bicycle",1,21,Bike,5.072628,8.986304
7457,health action,1,57,Hospital,8.32041,5.1920295
6988,In the garden Mounting it is,1,10,Garden,10.105807,0.5152867
5258,Works,1,55,Machine,7.6683936,5.745372
7647,Sorocabana,1,72,San,6.7141404,1.5141361
7196,hashtag sao paulo,1,64,Brazil,5.647918,1.7135584
7820,subway,1,22,Railway,5.732868,10.387069
6877,Obrador,1,73,Paseo,6.927273,1.0562812
7904,arc teriomph,1,74,Archi,8.328833,2.421417
7096,RATB station 104,1,22,Railway,5.9765105,10.593596
5385,Recommended to visit,1,25,Traveling,6.5698695,8.787313
7384,Sertanejo Som Cultura,1,17,Culture,5.71729,7.619317
5199,fountain,1,1,Water,3.8746939,3.0458777
6889,Fittings,1,66,Parapet,8.314046,4.1652546
6005,First mapping Campo Santa Margherita,1,72,San,6.2877474,1.1000974
6601,Mobile exhibitors,1,16,Exhibition,9.9595585,8.16867
7105,TalkBack,1,42,Interview,11.2042055,6.182561
5560,poultry watrobka,1,8,Restaurant,11.255315,1.7426997
6245,creations,1,53,Wells,7.444168,6.3793983
7753,do,1,70,Mislata,11.131803,4.949875
6803,skating,1,20,Dance,5.8625546,8.291763
5794,rope,1,66,Parapet,8.562271,4.040761
8016,TARUAGUE,1,76,Sorocaba,7.938243,1.845143
5113,Flea market,1,44,Market,5.864442,5.846549
6699,Sound mason demolish,1,4,Ambient,1.6274917,5.1841545
7513,mayor,1,36,Ciudad,5.2539725,3.5443892
6734,Tower Gateway underground,1,53,Wells,6.904233,6.307721
5429,Stronghold,1,33,Architecture,5.6526847,4.2579236
7418,Mequi1000,1,62,Hhbb,8.418001,3.7272735
5235,Hello to all,1,71,Hello,11.693495,4.3638096
6053,curve,1,53,Wells,6.8978567,6.6009626
6633,press release,1,52,Platforms,9.3017,6.3642488
7786,Vihakoro,1,75,Yolei,8.414629,1.9080199
6840,SALAZONES,1,76,Sorocaba,7.8766475,1.7136033
7868,Accessible culture,1,17,Culture,5.822729,7.60064
4842,fantastic pub food,1,8,Restaurant,11.692332,1.3898495
7064,Walkers,1,25,Traveling,5.915251,8.863609
7264,4 legs around the world,1,25,Traveling,6.1188426,8.712634
6379,vino,1,7,Bar,10.408075,1.2784244
6567,noise,1,4,Ambient,1.513477,5.0138993
7975,Drain,1,1,Water,3.8664353,2.985611
6194,Views,1,15,Vision,7.8138385,8.251457
7363,Itaú Cultural,1,17,Culture,5.705234,7.5980253
7557,Physical education,1,20,Dance,6.070989,8.329791
6578,shopping,1,45,Shop,6.3401246,5.6770635
7732,Project in Brazil,1,64,Brazil,5.629012,1.793277
6779,home,1,34,Japan,5.916986,4.7758403
7470,birds,1,11,Birds,10.965199,2.7112367
6999,and cars lanes,1,31,Roads,4.724133,9.636315
6107,reflexes,1,56,Dangerous,8.700182,5.763861
6677,SOCAVONES,1,68,Paschal,8.622942,2.8703272
7667,cowardice,1,67,Temporary,10.322272,4.474325
7396,Musicanapaulista country,1,5,Music,2.4543693,5.9901366
5211,blind guided tour,1,15,Vision,7.997583,8.744232
6427,leone,1,11,Birds,10.668464,2.8349998
6020,pastry shops,1,8,Restaurant,11.614828,1.2025958
7591,House to Laramara,1,72,San,6.457083,1.615572
6612,steps,1,18,Steps,6.8730774,9.397346
7121,Come,1,70,Mislata,10.9940405,4.9236045
5573,PKP Main Station,1,22,Railway,5.9858084,10.583556
6260,merci,1,71,Hello,11.55254,4.4560385
7765,Blind Wiki Documentary,1,15,Vision,8.518028,8.758731
5810,cups,1,8,Restaurant,11.959658,1.8233386
4813,Garden pub,1,10,Garden,10.078655,0.6391277
6537,Junction,1,29,Crossings,4.421728,8.959542
7035,Murals,1,48,Art,6.534682,7.314255
5318,gap,1,53,Wells,7.3547873,6.104959
7326,glass,1,15,Vision,8.034302,8.176122
5131,audio guides,1,4,Ambient,1.7890353,5.429132
6546,Sala,1,34,Japan,5.877629,4.8832674
5488,Tourism,1,25,Traveling,6.5127497,8.808368
6167,Ticket office,1,22,Railway,5.613504,9.966954
7700,musical instruments,1,5,Music,2.395845,5.6619997
6746,lectures,1,40,Humboldt,10.790691,7.828587
5443,noise,1,4,Ambient,1.4867561,4.9817367
7429,National condominium,1,33,Architecture,5.563764,4.2772446
5708,poets,1,38,Library,11.541071,6.8396626
6067,group,1,39,Friends,10.3182535,6.454933
7625,ferry lines,1,0,Boats,3.7873323,1.8193631
5045,elevator,1,18,Steps,6.995677,9.278158
6644,"Wide street 
Noise 
Wind",1,4,Ambient,1.6147604,5.0757194
6306,San Geremia,1,60,Iglesia,7.6791916,-0.085154735
7797,CentroculturalVergueiro,1,72,San,6.550236,1.3598646
6853,Polydportive,1,54,Multidirectional,8.117986,6.314446
7075,The Christian wall,1,49,Wall,7.7791705,7.043074
5060,Ferry,1,0,Boats,3.7910542,1.8068507
6656,cicadal,1,76,Sorocaba,7.746378,1.7957727
6320,branch,1,6,Tree,9.665682,0.066500865
7809,has,1,70,Mislata,11.051896,5.085547
6866,guided tour,1,25,Traveling,6.5624614,8.808326
7894,campana,1,4,Ambient,1.6349486,5.331455
7086,Botanical Garden Third Part,1,10,Garden,10.069409,0.5599058
5375,This is located in the country in Extertal,1,72,San,6.4959626,1.5852047
7288,hospitals,1,57,Hospital,7.808233,4.7506437
6402,pier,1,0,Boats,3.6755002,1.963043
6590,moths,1,11,Birds,10.9097185,2.6834722
5546,kids,1,41,Girls,10.459522,7.3816347
6229,balustrade,1,35,Terraces,6.2733974,4.357475
7743,sorocabablindwiki,1,76,Sorocaba,7.7809024,1.7606179
5779,fish,1,12,Pesce,11.471835,2.4914167
7825,mato,1,75,Yolei,8.409181,1.8946633
6516,prova2,1,3,Test,12.5322695,5.459658
7012,candies,1,8,Restaurant,11.31956,1.7596518
5294,Kiosks,1,45,Shop,6.257677,5.7203436
7297,beyond the limit,1,54,Multidirectional,8.002504,6.296311
5663,Presentation,1,16,Exhibition,10.379538,7.8064456
6356,Garibaldi,1,59,Barcarizzi,7.414208,0.6013537
7928,Hhbbnn,1,62,Hhbb,8.158476,3.639483
7678,Brazil Restaurant,1,8,Restaurant,11.8168745,1.220952
5680,Fishmonger,1,12,Pesce,11.495028,2.4973986
6440,feast,1,8,Restaurant,11.57882,1.5959666
6930,Ortolas,1,74,Archi,8.357477,2.47048
6037,pedal route,1,21,Bike,5.1362524,8.976131
6623,gadget,1,55,Machine,7.6554937,5.719935
7132,other,1,69,Three,10.879609,5.4194026
5584,Six,1,69,Three,10.640126,5.4924417
7776,journalism,1,42,Interview,11.077633,6.40481
7857,tremavapor,1,65,Sole,9.082618,3.2389545
4827,inconveniences,1,56,Dangerous,8.802507,5.3933377
7051,riverbed,1,1,Water,3.7242153,2.8330762
5331,with Cello,1,5,Music,2.476013,5.630979
5147,Zoo,1,11,Birds,10.842398,2.6983502
7535,rota06,1,74,Archi,8.101236,2.204263
6557,bath,1,43,Toilette,6.950773,4.9507546
7711,some,1,70,Mislata,10.907874,5.423634
5458,Pongeż Rynek Wrocław,1,28,Berlin,7.2083054,3.3648198
7440,Antonio Machado,1,73,Paseo,6.9669023,1.1197858
6479,docking,1,0,Boats,3.6106434,1.9873253
7637,contemporary,1,70,Mislata,10.857178,5.296705
5510,do not bathe,1,43,Toilette,7.030825,4.911792
7722,Teco Barbero,1,73,Paseo,7.04292,1.1763898
6989,Capillat chapel,1,60,Iglesia,7.9912925,-0.27403346
6096,Basket,1,44,Market,5.9163113,5.893186
7648,italy,1,61,Piazza_61,7.0002995,0.1369017
5635,Belts,1,66,Parapet,8.465359,4.114538
5386,Alilaguna,1,75,Yolei,8.442624,1.9209101
7580,Uni,1,67,Temporary,9.790432,4.5879393
6602,jw.org,1,51,Accessible,9.099741,7.440805
6246,Although,1,70,Mislata,11.013984,5.132788
6805,banda,1,5,Music,2.3998017,5.7257833
5796,Public Baths,1,1,Water,4.0826707,3.2015862
7836,Mimoo,1,76,Sorocaba,7.853044,1.7707357
5308,School,1,40,Humboldt,10.928353,7.964882
7312,orchestra,1,5,Music,2.567828,5.643494
6700,Blue house,1,34,Japan,6.0760584,4.5984645
7944,Song of the birds,1,11,Birds,10.948408,2.7201874
7419,MAKE 1000,1,66,Parapet,8.581104,4.0364857
6453,accessible,1,51,Accessible,8.930443,7.4974957
6054,Raised beam,1,33,Architecture,5.670712,4.3303313
7613,Creativity Pavilion,1,27,Carnevale,5.23007,5.2887774
6634,Juan Calzadilla,1,73,Paseo,6.874737,1.10807
7150,it does not have,1,67,Temporary,9.385305,4.8956532
5596,tubes,1,53,Wells,7.122111,6.0963845
6293,Toilet,1,43,Toilette,7.1123686,4.970724
6841,amplitude,1,4,Ambient,1.4872987,4.9656005
5835,Serenissima,1,76,Sorocaba,8.220849,1.77669
4843,exercisey,1,20,Dance,6.021749,8.336741
7065,associations,1,39,Friends,10.219524,6.534392
5345,Disabilities access,1,51,Accessible,8.789242,7.6854
7351,Itaú Cultural Center,1,17,Culture,5.595057,7.4744225
5162,Conspiracy theory,1,67,Temporary,9.896737,4.6774592
7265,blog,1,52,Platforms,9.016672,6.652872
6380,dentist,1,15,Vision,8.025844,8.287838
6568,where,1,37,Pueblos,5.7008934,3.754616
7076,Escolapios College,1,40,Humboldt,10.966122,7.9892764
6391,dizziness,1,15,Vision,8.169842,8.589609
6579,accordion,1,5,Music,2.4305649,5.612107
7471,it is worth it,1,70,Mislata,11.321792,4.62776
6108,Multiplication,1,54,Multidirectional,8.112063,6.2311864
5086,squat,1,53,Wells,7.170304,5.9486003
5899,station full people but all the directions in order,1,22,Railway,5.880786,10.473689
7916,Parc ibfantil,1,26,Park,4.856707,4.627537
4991,Relax sin coffee,1,8,Restaurant,12.086989,1.9636424
6712,City hall,1,36,Ciudad,5.280265,3.548161
7398,Pasteur Liceo Museum,1,72,San,6.289143,1.4010326
5212,Hello here is Helmut. I do my first test,1,3,Test,12.73519,5.6132402
6430,Boat,1,0,Boats,3.7732058,1.8150165
6907,Gentrification,1,36,Ciudad,5.322693,3.5639098
6021,Parapet,1,66,Parapet,8.472,4.029493
7592,Ancient houses,1,37,Pueblos,5.6676435,3.8331301
7122,all,1,70,Mislata,10.940505,4.9821863
6261,gate,1,46,Porta,8.233534,7.385212
5811,doorbell,1,46,Porta,8.319735,7.398818
7847,Anti -stress,1,57,Hospital,8.44215,5.2934823
4814,outdoors,1,35,Terraces,6.3723807,4.153446
6538,stuccos,1,35,Terraces,6.3325133,4.182125
7036,casas,1,34,Japan,5.9058266,4.6915283
7327,Wall,1,49,Wall,7.751519,6.987176
5132,Side street,1,32,Sidewalks,4.092248,9.472616
5928,cautelat,1,56,Dangerous,8.698968,5.5149727
7525,What to post,1,52,Platforms,8.978868,6.5876865
6547,Crossings,1,29,Crossings,4.408844,8.781006
7955,stone and wood,1,53,Wells,6.882985,6.268298
5489,"Exit
down",1,46,Porta,8.289622,7.3683195
7701,Rota_Centro_sjcampos/SP,1,76,Sorocaba,7.82258,1.8657364
7430,House Color 35 years,1,34,Japan,5.977331,4.6451154
6467,military,1,67,Temporary,9.733838,4.8998637
6957,Atarazanas,1,76,Sorocaba,8.077579,1.7418002
7627,Galatians 2001,1,76,Sorocaba,8.124596,1.7528555
5047,relaxing atmosphere,1,2,Tranquillity,12.638526,3.3915775
6645,Wide street,1,32,Sidewalks,4.1719584,9.357067
7171,Fun,1,27,Carnevale,5.0874686,5.557672
6307,Skyline,1,35,Terraces,6.2624288,4.1572895
7798,Auladeforó,1,65,Sole,9.343499,3.520657
6854,female,1,41,Girls,10.400627,7.1569953
7880,CentroParalímpicobrasileiro,1,64,Brazil,5.698899,1.7664343
5061,You berlin,1,28,Berlin,6.8832045,3.1962643
6657,nit,1,14,Night,4.0926585,6.7116203
6321,Outskirts,1,35,Terraces,6.337567,4.010077
7810,santacecilia,1,72,San,6.4550443,0.9288922
5869,San Giacomo,1,61,Piazza_61,7.210915,0.11981682
4957,clouds,1,13,Rain,4.3643794,6.22462
7087,Mall,1,45,Shop,6.176373,5.648332
5992,Holy Church that is Redentoregondola with the roof,1,60,Iglesia,8.027214,-0.27191624
7569,Supermarket J. Jota,1,45,Shop,6.28224,5.6977353
6591,chocolate,1,8,Restaurant,11.386205,1.740596
6230,Pharmacy,1,45,Shop,6.3473186,5.669002
7744,artecontemporanea,1,48,Art,6.447357,7.3835855
6793,Dialogue,1,42,Interview,11.136348,6.2540483
7826,Rua F,1,76,Sorocaba,8.083832,1.5870572
6517,disaster2,1,67,Temporary,9.055245,4.9777427
7013,shopping,1,45,Shop,6.3064175,5.6851068
6123,Telephone,1,52,Platforms,9.006657,6.864759
7298,Another look,1,70,Mislata,11.172903,5.2038045
8007,Name of streets,1,32,Sidewalks,3.9987872,9.521708
5099,supermarket,1,45,Shop,6.3094254,5.712345
6690,Sound lock,1,4,Ambient,1.6919906,5.2564445
6357,turtles,1,12,Pesce,11.279354,2.5754316
7929,HHHV,1,62,Hhbb,8.159043,3.6249843
7679,Casa Rosada,1,72,San,6.47819,1.228214
5009,Ribalta Park,1,26,Park,4.843242,4.6484213
5223,i m on Market Square,1,37,Pueblos,5.796669,3.7510054
7603,Altar of the dead,1,60,Iglesia,8.166608,-0.30095285
6624,disabled,1,51,Accessible,8.767018,7.6508517
6279,Cicchetti,1,76,Sorocaba,7.786746,1.6423389
7777,cultural production,1,17,Culture,5.7608027,7.5889645
6829,channel,1,0,Boats,3.7276356,1.9757326
7054,Park,1,26,Park,4.8161516,4.7354093
7255,Androids,1,52,Platforms,9.048406,6.9805484
5460,Now school prose training great,1,40,Humboldt,10.932701,7.795476
7441,Friends for Valer,1,39,Friends,10.247966,6.486024
6480,first aid,1,57,Hospital,8.310571,5.117284
6975,Green house,1,35,Terraces,6.2330623,4.4749074
6084,porte,1,46,Porta,8.267453,7.4651685
6569,Downpour,1,13,Rain,4.2800837,6.077569
7977,Noise,1,4,Ambient,1.4938797,4.9808254
5511,Gags,1,63,Joke,10.153559,3.876688
7723,Photographer,1,47,Photographs,6.805413,7.6335216
6770,Test01,1,3,Test,12.698727,5.5438647
6492,Night animals,1,14,Night,4.1349096,6.681206
6990,Santa Lucia church,1,60,Iglesia,7.637383,0.0033465181
7649,Porgaoddferro,1,76,Sorocaba,7.9045663,1.6781346
6668,Ambient sounds,1,4,Ambient,1.6304628,5.188823
6334,picturesque,1,35,Terraces,6.4461393,4.0511394
7906,Citadella Park,1,26,Park,4.8832226,4.6745124
7658,Tatile floor does not have,1,50,Tactile,7.3212504,7.745833
4971,Aid,1,58,Incivility,9.494871,5.64252
7386,Drowsyanapaulist,1,74,Archi,8.393803,2.4628866
6417,Prado,1,73,Paseo,6.9419208,1.5361619
6892,Winds association,1,13,Rain,4.4080114,5.813165
6007,duomo,1,65,Sole,9.370571,3.2635243
7581,guarulhos,1,9,Fruits,9.5760975,0.9302258
7111,Afragola,1,76,Sorocaba,8.150793,1.6245449
5564,Loss,1,67,Temporary,9.108283,5.0316124
7756,Ecological,1,30,Open,7.0526776,4.221759
6806,Sing,1,5,Music,1.9659841,5.9601326
5797,follia,1,63,Joke,9.893398,4.035751
6136,Orange,1,9,Fruits,9.425675,0.7807211
5116,Holz,1,65,Sole,8.900041,3.4597375
6701,paredes,1,49,Wall,7.7094836,7.0459185
5911,terraces,1,35,Terraces,6.256947,4.126494
7515,to have lunch,1,8,Restaurant,11.841096,1.6183212
7945,ruta,1,24,Loges,7.114921,8.62356
5479,Chatka on Jatki,1,75,Yolei,8.472692,1.9214066
6151,machine,1,55,Machine,7.6367984,5.6239476
7691,Hebrew,1,67,Temporary,9.874634,4.5978446
6736,Monument underground station,1,22,Railway,6.0289745,10.457152
5432,Muchomory,1,70,Mislata,10.882331,4.7703204
6454,leisure,1,2,Tranquillity,12.664592,3.4269974
6943,mesas,1,8,Restaurant,11.963856,1.8706353
7614,I'm missing,1,67,Temporary,9.365716,4.976329
7153,assistant,1,40,Humboldt,10.746933,7.75617
5597,ice cream parlor,1,8,Restaurant,11.274221,1.657948
6296,sweets,1,8,Restaurant,11.330596,1.7691541
7788,literature,1,38,Library,11.401166,6.940263
6842,Jokes,1,63,Joke,10.249206,3.94179
7870,rights,1,58,Incivility,9.838283,5.6382346
4844,laundromat,1,43,Toilette,7.037388,5.150875
7066,agglomeration,1,54,Multidirectional,8.157165,6.2044106
7353,Healthy,1,57,Hospital,8.305178,5.1809688
5163,Peace run,1,58,Incivility,9.794341,5.653488
7266,trips,1,25,Traveling,6.5630813,8.780907
6381,college,1,40,Humboldt,10.95784,7.9646606
5958,Precautionary,1,56,Dangerous,8.622077,5.459212
7548,Marshal Metro route,1,22,Railway,5.760393,10.367924
4870,I don't know,1,67,Temporary,9.609028,4.8581963
5366,This is a test Günny you are with us,1,3,Test,12.772719,5.6384096
7365,Songs Avpaulista Somdapaulist,1,5,Music,2.4150114,6.00425
5176,Rab,1,63,Joke,9.931742,3.8439038
6392,Bimari,1,62,Hhbb,7.979659,3.669707
7559,Stomped,1,53,Wells,7.2365737,6.1377273
5529,riddle,1,67,Temporary,10.317568,4.4572597
6781,ciudad,1,36,Ciudad,5.2816725,3.6231117
6506,Waterford Ireland River,1,1,Water,3.7341182,2.7395349
7001,Multiple bus stop accessibility 10 buses stop here,1,22,Railway,5.396837,10.185046
6110,san agostin,1,61,Piazza_61,7.2438536,0.041445877
6679,reverberation,1,4,Ambient,1.6298327,5.165233
5647,cloud,1,13,Rain,4.3962545,6.160103
6347,Fountain,1,1,Water,3.8290224,2.9912822
7917,Sovereign landscape,1,35,Terraces,6.509807,4.0300035
4992,chica grey,1,41,Girls,10.355075,7.159692
6713,Aguas,1,76,Sorocaba,8.1137495,1.6000472
5404,Halo,1,71,Hello,11.644418,4.392452
5213,"Since I can't do much with this app, I just try it out. Here is my test.
Helmut",1,3,Test,12.7608595,5.638623
6431,sound,1,4,Ambient,1.6368917,5.304942
6022,Fiori,1,9,Fruits,9.845399,0.7638743
7123,All right?,1,70,Mislata,11.165299,4.7624817
5575,Zakład Wodociągów Nowa-Ruda,1,28,Berlin,7.398774,3.157398
6264,lunch,1,8,Restaurant,11.903422,1.58409
6817,roundabout,1,31,Roads,4.560378,9.474437
5812,toy,1,53,Wells,7.2356954,6.346507
7848,Security,1,56,Dangerous,8.897634,5.6549234
6539,frescoes,1,48,Art,6.5455003,7.354199
7037,Pitcher,1,23,Game,4.256458,4.7660255
7245,accessible work,1,51,Accessible,8.947688,7.4269648
7526,Artistic talents,1,48,Art,6.559316,7.2869544
6548,podotactic paths,1,24,Loges,7.0448556,8.729084
5490,no transition,1,67,Temporary,9.326683,5.1091948
6170,basilica,1,60,Iglesia,7.773894,-0.11841123
7702,Eugenio de Melo,1,73,Paseo,6.9086475,1.0716063
5710,landscapes,1,35,Terraces,6.4469023,4.006295
6468,tall grass,1,10,Garden,10.152769,0.4641596
6958,exhibition,1,16,Exhibition,10.015253,8.172106
6070,ferro,1,55,Machine,7.7119493,5.374842
7628,GOD OF GOD NOSS HOUSE OUR HOME,1,34,Japan,6.0381327,4.6407537
5048,BB,1,62,Hhbb,8.073308,3.7045593
6646,works,1,55,Machine,7.653596,5.7509413
5613,restaurant,1,8,Restaurant,11.833444,1.2763575
5857,cart,1,44,Market,6.0403314,5.88344
6658,Free Wi Fi,1,52,Platforms,9.098261,7.121907
5625,mooring,1,0,Boats,3.7623303,1.8088171
7088,Christmas purchases,1,45,Shop,6.3523235,5.6492257
5377,Drugstore market,1,45,Shop,6.22213,5.698132
7376,voices,1,5,Music,1.6788939,5.8975577
5190,play ground,1,23,Game,4.1981077,4.8788433
7290,picnic,1,8,Restaurant,11.853908,1.6341069
6404,Teacher,1,40,Humboldt,10.917793,7.9104033
5995,Gondola with roof,1,0,Boats,3.7677581,1.800616
7570,Iracema bakery,1,8,Restaurant,11.611874,1.1390033
7097,Atardecer one of Peru,1,72,San,6.592753,1.5415587
6232,hazard,1,56,Dangerous,8.681231,5.536999
6794,The ships,1,0,Boats,3.7045517,1.8405662
7827,Manoel Antonio Puig,1,73,Paseo,6.9832,0.99940753
6518,test,1,3,Test,12.7196865,5.56303
7015,Slice,1,53,Wells,7.531072,6.307004
7299,Atlantic Forest,1,6,Tree,9.636822,0.04559955
5100,sidewalk,1,32,Sidewalks,4.0037394,9.494099
6691,Wide sidewalks,1,32,Sidewalks,4.0697074,9.3446245
7222,BIKE TOUR SP,1,21,Bike,5.093669,8.989565
7930,Ubb,1,62,Hhbb,8.201775,3.6956708
7680,Bonfim Church,1,60,Iglesia,8.006071,-0.16614662
5682,Elderly group,1,39,Friends,10.082428,6.60417
6625,Stones,1,53,Wells,6.819302,6.393581
7134,Sound ambient,1,4,Ambient,1.6556975,5.1711187
5586,Meeting point,1,42,Interview,10.804705,6.5418754
7778,ophthalmologist,1,15,Vision,8.115381,8.47081
6831,whispers,1,2,Tranquillity,12.688738,3.7158089
5335,Tavern,1,7,Bar,10.559881,1.2570796
7256,Cell Phone Models,1,52,Platforms,9.009345,6.9701967
6371,musicians,1,5,Music,2.3648493,5.667783
7537,Laraparque,1,72,San,6.5054197,1.7567796
6559,steps,1,18,Steps,6.845904,9.408491
7713,Cultural route,1,17,Culture,5.715844,7.679928
6760,Museum,1,19,Museum,5.564365,7.016415
5461,Stairs to Nikad,1,18,Steps,6.939173,9.315715
7442,Visually impaired,1,15,Vision,8.158206,8.579422
6481,First Aid kit,1,57,Hospital,8.213088,5.127603
6976,Museo Muving,1,19,Museum,5.56136,7.0031805
6570,summer storm,1,13,Rain,4.322024,6.0557714
7461,Friar Mug,1,60,Iglesia,7.878175,0.012841079
5746,Mailboxes,1,52,Platforms,8.851339,6.674421
6098,Paths,1,24,Loges,7.0501494,8.702204
5264,math,1,54,Multidirectional,8.103204,6.1196046
7650,Poland,1,28,Berlin,7.2133923,3.2965598
5076,Grill,1,8,Restaurant,11.245276,1.4525273
6669,Sound River,1,1,Water,3.6314058,2.7278411
7200,Urban Oasis,1,37,Pueblos,5.703799,3.6488712
5390,Sign,1,29,Crossings,4.4636464,8.781433
7387,Dancer,1,20,Dance,5.7721844,8.245625
5202,Noise,1,4,Ambient,1.4787433,4.9666867
6893,Vain,1,67,Temporary,9.624542,4.889491
6604,Erfurt,1,28,Berlin,7.002443,3.1018462
7112,Test nee version,1,3,Test,12.763329,5.522908
7757,Araraquara/SP,1,76,Sorocaba,8.0305395,1.7688416
6529,laundry,1,43,Toilette,7.0112424,5.160795
7315,measure,1,3,Test,12.70815,5.596314
8019,cultura accessible,1,17,Culture,5.7534275,7.6313553
6702,Motorcycles rise,1,21,Bike,5.1650925,8.875599
7235,Bibliteca ses,1,63,Joke,10.082175,3.9289157
7516,Churros with dulce de leche,1,8,Restaurant,11.217662,1.412504
5480,Vitamin market Wrocław,1,44,Market,6.015383,5.7295084
7692,Art salon,1,48,Art,6.4556837,7.361655
5031,Leipzig,1,28,Berlin,6.9474254,3.1398988
7421,mcdonalds,1,8,Restaurant,11.824955,1.3568819
5239,whale,1,12,Pesce,11.399055,2.5354517
6455,Owl,1,11,Birds,10.854086,2.7808285
6944,penumbra,1,14,Night,4.169694,6.690306
7615,Musical Paths,1,5,Music,2.3538728,5.7343626
5598,lato,1,65,Sole,9.201925,3.399157
7789,#FaterAdeaccessibility,1,67,Temporary,9.234326,5.179769
5838,San Marco school,1,61,Piazza_61,7.23873,-0.017423248
7871,fearless,1,67,Temporary,10.419155,4.5333223
7067,Ice cream,1,8,Restaurant,11.126691,1.7751681
5351,xardins,1,10,Garden,9.955304,0.6576148
7267,Tour Points Tips,1,25,Traveling,6.5539274,8.797672
6382,concerts,1,5,Music,2.622762,5.666584
7882,Pottery neighborhood,1,37,Pueblos,5.785395,3.7373776
5367,Langer,1,28,Berlin,7.1411467,3.042428
7366,Santacatarina Hospital,1,72,San,6.4681964,0.7660334
5177,Chestnut avenue,1,32,Sidewalks,3.9838326,9.509295
7279,Spiral,1,53,Wells,6.880003,6.6081014
6393,Friendships,1,39,Friends,10.227476,6.4924364
6213,veneto,1,61,Piazza_61,6.9820065,0.20581217
7735,MAM Educational Coordinator,1,40,Humboldt,10.791949,7.8170195
7473,tropeiros,1,67,Temporary,9.683181,4.753917
4706,Wisdom,1,67,Temporary,10.276427,4.4147096
6507,Pedestrian crossing,1,29,Crossings,4.4425926,8.990092
6112,two columns restaurant,1,8,Restaurant,11.867505,1.2270344
6680,Hair dryer,1,43,Toilette,7.1535506,5.1208615
7211,Art concierge,1,48,Art,6.422805,7.3567944
5648,cart,1,44,Market,6.025861,5.9240336
7483,Speak people,1,42,Interview,11.175932,6.1743045
7918,Menu poster,1,8,Restaurant,11.875292,1.4875681
7670,Tactile replicas,1,49,Wall,7.374458,7.343356
7400,Super varied gallery,1,48,Art,6.4761596,7.367126
5214,Moin I'm new here,1,71,Hello,11.650458,4.3818336
6432,Building,1,33,Architecture,5.563656,4.17143
7594,Tatile floor information for lay people,1,50,Tactile,7.3400903,7.6188645
7768,#Chop #CalDodecana #vilaclementino #sons,1,73,Paseo,6.9633727,1.2186515
6818,Canal port,1,0,Boats,3.670151,1.9900397
7849,Red Line SP,1,29,Crossings,4.471979,8.704961
7329,What is not visible,1,15,Vision,7.923336,8.385542
5134,acoustic signal,1,4,Ambient,1.6291742,5.2241917
7246,Tests,1,3,Test,12.706196,5.5953264
6361,tale,1,42,Interview,11.196719,6.0954885
5931,trolley,1,22,Railway,5.647367,10.306114
7527,jokes,1,63,Joke,10.250883,3.9384646
7703,Eugenio de Melo District,1,72,San,6.5159125,0.9997636
6750,german,1,28,Berlin,7.053084,3.090632
5446,Playing on the grass,1,23,Game,4.319005,4.791336
7432,Countryside,1,35,Terraces,6.399384,3.9749393
6071,step,1,18,Steps,6.901962,9.383396
7629,Our dear mother,1,39,Friends,10.436464,6.6182494
7174,rehabilitation,1,57,Hospital,8.185715,4.9935365
5615,Kalambur,1,75,Yolei,8.394832,1.9828632
6310,San Benetto,1,61,Piazza_61,7.286276,0.16940436
6856,Soccer field,1,23,Game,4.168546,4.853152
7640,Auditorium,1,5,Music,3.1400933,5.587825
5063,Room room room eggs has delayed time oh no,1,8,Restaurant,11.6264925,1.888866
7187,tactile panel,1,50,Tactile,7.446626,7.648933
5626,Xawery Dunikowski,1,28,Berlin,7.3299723,3.2762072
6323,pisani,1,38,Library,11.291293,6.7274923
5872,guerra,1,67,Temporary,9.797351,4.819406
7897,autobuses,1,22,Railway,5.357777,10.144924
7089,Cross,1,29,Crossings,4.39844,8.729535
5378,Letters and wallpaper areas,1,49,Wall,7.522153,7.1175885
5191,Shopping in Berlin,1,28,Berlin,6.72799,3.3794572
6405,Arpa,1,76,Sorocaba,8.14325,1.725982
5996,gondolas with particular relief,1,0,Boats,3.7580748,1.7887946
6593,Italian post office,1,61,Piazza_61,7.1113358,0.1162199
6233,Water danger 10 meters,1,1,Water,3.8009312,2.9334235
7746,Alpha,1,65,Sole,9.322287,3.7447457
5782,Villa Heriot,1,73,Paseo,6.7623334,1.07838
7828,elections,1,58,Incivility,9.935753,5.6432495
6125,Empty space,1,67,Temporary,9.145787,5.0693855
7301,VERGUEIRO CULTURAL CENTER,1,17,Culture,5.560551,7.4394274
8009,towers of the box,1,33,Architecture,5.5297084,4.17209
6692,很危險,1,56,Dangerous,8.641176,5.418199
7223,Bike,1,21,Bike,5.1000805,8.980747
6359,cut grass,1,10,Garden,10.182205,0.4416598
7501,sptrans post,1,52,Platforms,8.99197,6.495152
7931,hb,1,62,Hhbb,8.129657,3.6710355
5683,Foundry,1,55,Machine,7.5855103,5.451544
6443,Maze,1,53,Wells,7.078219,6.4902616
6933,musicians,1,5,Music,2.3826234,5.7780786
6626,sound,1,4,Ambient,1.6398116,5.304852
7138,finally,1,70,Mislata,11.1446705,5.0413423
7779,São Paulo Institute,1,64,Brazil,5.7196503,1.7096626
7860,FriendshipAntigas,1,39,Friends,10.222923,6.520051
7057,False pedestrian,1,29,Crossings,4.413926,9.130468
5336,convent,1,60,Iglesia,7.975819,-0.26512513
5151,Reichstag,1,28,Berlin,6.9462357,3.1631622
5947,liver,1,8,Restaurant,11.280349,1.7676005
7714,Ibirapuera singer,1,5,Music,2.3572376,6.0178466
6761,Berlin,1,28,Berlin,6.8207946,3.1981642
7444,Qrcode,1,66,Parapet,8.6258745,3.9449725
6482,Cruise ships,1,0,Boats,3.7497113,1.8022797
6977,History of the Veluter neighborhood,1,37,Pueblos,5.719306,3.6660964
7725,Vicentinhaha,1,76,Sorocaba,8.116498,1.81823
6772,Panarra,1,76,Sorocaba,8.017073,1.6688181
7462,DJ at Paulista,1,5,Music,2.4341602,5.8869567
6494,sacafisola,1,76,Sorocaba,7.957638,1.5737542
6992,North Station,1,22,Railway,5.967024,10.595401
5638,attractions,1,25,Traveling,6.5247054,8.805642
5889,wisteria,1,68,Paschal,8.5136175,2.7236774
7908,Francesc Candi,1,59,Barcarizzi,7.513401,0.5943257
7660,difficult accessibility,1,51,Accessible,8.904245,7.532578
7388,Black Music,1,5,Music,2.3085573,5.781388
5203,Quiet,1,2,Tranquillity,12.721668,3.6664155
6419,Football camp,1,23,Game,4.2727904,4.8613625
6895,Writer,1,38,Library,11.390609,6.7923765
7583,Blindness with chemical,1,15,Vision,8.1415825,8.616198
4802,weather,1,13,Rain,4.3268824,6.056904
6530,postcard,1,52,Platforms,8.902243,6.6248446
7028,barrio,1,72,San,6.2384286,0.9597394
5311,Inaccessible entrance,1,46,Porta,8.375789,7.527611
7317,Carlos # Concentration,1,73,Paseo,6.8758926,1.0428182
6703,City Hall builders,1,36,Ciudad,5.2972074,3.6051288
7517,diversity,1,58,Incivility,9.758391,5.574467
7947,Danger with spikes,1,56,Dangerous,8.635506,5.492055
5481,Puddles are because the water fits,1,1,Water,3.786705,2.9670334
7693,Sacred Art Museum,1,19,Museum,5.5867233,6.9300528
6738,Leadenhall market,1,44,Market,5.941163,5.8189464
7422,Free street,1,32,Sidewalks,4.071261,9.438733
5240,Mile,1,24,Loges,6.9234138,8.611379
6456,Vw,1,66,Parapet,9.03661,4.2519736
7616,Metropolitan Civil Guard,1,36,Ciudad,5.273031,3.4923022
7155,Scarf,1,66,Parapet,8.34066,4.209463
5601,City hall,1,36,Ciudad,5.2581234,3.5279813
6298,play,1,23,Game,3.9828837,5.0233517
7790,Banco do Brasil,1,64,Brazil,5.753034,1.8037323
4846,support group,1,39,Friends,10.122612,6.4924335
7068,colors,1,48,Art,6.6469812,7.2724304
6383,patronage,1,58,Incivility,9.796222,5.7526917
5961,fair,1,27,Carnevale,5.336831,5.6305494
7883,Street,1,32,Sidewalks,4.0957737,9.449388
5368,road,1,31,Roads,4.6108065,9.564126
7367,Urban Reports,1,36,Ciudad,5.309234,3.5368774
7280,access to the upper floor,1,18,Steps,7.084832,9.0972595
5979,laundry,1,43,Toilette,7.0228705,5.1540914
6582,treatment,1,57,Hospital,8.137494,5.0026035
7736,Production Blindwiki Brazil,1,15,Vision,8.555033,8.744047
6783,fauna,1,11,Birds,10.770547,2.6052651
7474,slaves,1,62,Hhbb,7.9494843,3.6410873
7004,sailboat,1,0,Boats,3.7951376,1.7945501
7212,REGINA SILVEIRA,1,76,Sorocaba,7.8277135,1.6880105
6349,foundation,1,57,Hospital,8.144268,5.154669
7919,Sant Antoni,1,61,Piazza_61,7.2917595,0.1215473
7671,Catholic Church,1,60,Iglesia,7.982994,-0.26369184
5409,Huge cat,1,11,Birds,10.729389,2.86345
7401,Sao Paulo da Garoa,1,64,Brazil,5.6806316,1.7453086
5215,Bsbh,1,62,Hhbb,8.115029,3.670389
6433,colour,1,48,Art,6.634002,7.27263
6916,Natural Place of Contreras,1,72,San,6.5040402,1.5818243
6024,fonraana,1,76,Sorocaba,8.117401,1.6152543
7595,street vendors,1,44,Market,6.0104117,5.819986
7125,Sobieszewo,1,68,Paschal,8.416236,3.0058582
6269,flop,1,66,Parapet,9.051819,4.312795
6819,condert,1,68,Paschal,8.53008,2.8737361
5814,Amadi house,1,34,Japan,5.9874654,4.7052307
7850,Belém Station,1,22,Railway,6.0092807,10.627696
7039,San Vicente de la Roqueta,1,72,San,6.370199,1.0725975
5135,chicken,1,8,Restaurant,11.441425,1.7073628
7528,Accessibility marchinha,1,51,Accessible,8.847086,7.5925455
6550,hedges,1,10,Garden,10.05499,0.56335723
5492,Castle Pond,1,1,Water,3.777809,2.8684235
7704,Dry and wet warehouse,1,43,Toilette,6.962884,5.225664
6751,Railroad station,1,22,Railway,5.9525304,10.589395
5447,Pulsantis clinic,1,57,Hospital,7.8767443,4.8102593
7433,São Paulo,1,64,Brazil,5.6717176,1.7137448
6072,silence,1,2,Tranquillity,12.683003,3.7313964
6648,Storm; interior pati,1,13,Rain,4.2857995,6.0489497
5616,Impreza,1,70,Mislata,10.715641,4.660046
6311,Palazzo,1,61,Piazza_61,6.884911,0.33307663
7801,Foundation,1,57,Hospital,8.094222,5.2241583
6087,Great School of San Rocco,1,61,Piazza_61,7.226692,-0.0015901857
5065,Cucumber,1,9,Fruits,9.567946,0.85278445
6660,Wassenberg,1,28,Berlin,7.225724,3.0039768
5628,Wziegorie Poland,1,28,Berlin,7.2254257,3.3189979
6871,bran,1,65,Sole,9.006982,3.2483456
4960,wood bread,1,8,Restaurant,11.18979,1.4343698
7378,ship,1,0,Boats,3.7076159,1.8421189
5192,backyard,1,35,Terraces,6.3015156,4.1602845
5997,Gondole and boats construction site,1,0,Boats,3.7623255,1.8012305
6594,food,1,8,Restaurant,11.584401,1.565991
5552,Oławska Gate,1,28,Berlin,7.0414286,3.3900154
6234,Settled with social policies,1,58,Incivility,9.829739,5.715612
7747,message,1,52,Platforms,9.067883,6.473147
5783,Civic centers,1,36,Ciudad,5.5058837,3.7396169
6520,Prova abdroid,1,3,Test,12.647005,5.558527
7224,Library Mário de Andrade,1,72,San,6.540944,1.1878707
6360,Delicers lying,1,8,Restaurant,11.467893,1.6746659
7937,"Bird 
Sound landscape
Parks",1,11,Birds,10.880781,2.710327
5467,Grown,1,10,Garden,9.921924,0.57361585
7682,BRAZIL NOESE OF THE WIND,1,64,Brazil,5.6484647,1.7754202
6727,My home,1,34,Japan,5.9265738,4.7352257
5684,bronze,1,53,Wells,6.762358,6.4829807
6444,get lost,1,24,Loges,6.9463587,8.514053
6934,monumental trees,1,6,Tree,9.642133,0.033008717
7606,numerology,1,54,Multidirectional,8.141735,6.034522
6627,path,1,24,Loges,7.0882187,8.706797
7139,Item,1,53,Wells,7.4791436,6.3575263
5588,Singer,1,5,Music,2.0191941,5.909857
7861,friendships,1,39,Friends,10.18789,6.5518875
4835,Indian Pakistani restaurant,1,8,Restaurant,11.840234,1.1755188
7344,Sesc Paulista,1,73,Paseo,7.2153897,1.3431174
7258,post,1,52,Platforms,8.973943,6.5271564
5948,Auditorium,1,5,Music,3.1802173,5.567734
7539,Joke,1,63,Joke,10.20243,3.9534369
6561,stops,1,67,Temporary,9.316296,5.27795
7551,bus stop.,1,22,Railway,5.3615885,10.195275
6572,arcades,1,23,Game,4.0078235,5.04269
7980,cross -border hospital,1,57,Hospital,7.8108225,4.7816014
5516,Bakery on Bema,1,8,Restaurant,11.634384,1.1831679
7463,São Luiz Gonzaga Church,1,60,Iglesia,7.6618266,-0.021267196
6100,showcases,1,16,Exhibition,10.054169,8.157604
5267,Engineering School,1,40,Humboldt,10.889231,7.9485574
5078,welcome,1,71,Hello,11.597014,4.416195
7202,Jews,1,67,Temporary,9.857058,4.645972
7909,historian,1,67,Temporary,10.217139,4.658536
5204,Holocaust Thinking Mal,1,67,Temporary,9.889945,4.6791534
6896,Blasco Ibañez Museum,1,72,San,6.2665505,1.3985399
6010,Osmiza,1,76,Sorocaba,8.192606,1.8676559
7584,Theater São Pedro,1,64,Brazil,5.7363496,1.7778986
6606,Islet,1,0,Boats,4.0150914,1.8007206
7759,Corrego da Caixa Dagua Basalto Municipal Natural Park,1,72,San,6.3563457,1.5498756
7840,Sebastião Salgado @,1,73,Paseo,6.958483,1.1372643
7029,tapey,1,4,Ambient,1.8081746,5.5971904
5312,Supermarkets,1,45,Shop,6.2482686,5.689067
7318,contemporary pinture,1,48,Art,6.4840407,7.373826
8021,tactile model,1,50,Tactile,7.4249554,7.637704
6704,Store music,1,5,Music,2.3355055,5.762465
7237,Sumaré subway,1,22,Railway,5.7540708,10.4033985
5482,Where is Antonii?,1,59,Barcarizzi,7.3867993,0.5023176
6156,complaints,1,67,Temporary,8.91304,5.102071
7694,Itinerant exposure,1,56,Dangerous,8.594025,5.4510317
5033,balcony,1,35,Terraces,6.1437716,4.3398404
6739,Liverpool Street Station,1,22,Railway,5.9439745,10.570381
7423,urban occupation,1,36,Ciudad,5.312996,3.5767956
5699,Boat 51,1,0,Boats,3.7541869,1.8108473
5241,Ames,1,67,Temporary,9.850924,4.605165
6457,attention,1,69,Three,10.820171,5.80961
6060,nightlife,1,14,Night,4.0525,6.596705
7617,bookstore,1,38,Library,11.411188,7.131426
6638,cement,1,53,Wells,7.123208,6.234125
7157,Complex Collective Transport Saccoman,1,22,Railway,5.5271597,10.200055
5603,Witek bar,1,7,Bar,10.51366,1.3396587
5842,door,1,46,Porta,8.232411,7.496765
7069,Graffiti,1,48,Art,6.4137406,7.403329
6384,facade,1,49,Wall,7.7025595,6.7755423
5962,Via Bustelli 9,1,59,Barcarizzi,7.4979997,0.71741027
