id,tag,count,cluster,supertag,x,y
5170,Ambient noise,394,27,Ambient,8.136525,2.1553655
4626,dangerous,213,62,Dangerous,3.3378453,4.9289937
5541,water,133,23,Water,6.0362043,8.332509
4822,culture,127,29,Culture,4.434802,2.0297832
5695,bridges,118,63,Bridges,0.100631945,3.2168155
5840,piazza,117,64,Piazza,0.8231542,7.919399
4723,accessible,114,49,Accessible,3.2460186,3.1395903
7148,sorocaba,88,58,Sorocaba,3.597827,8.647178
5242,accessibility,78,49,Accessible,3.2428353,3.1043057
4958,Caution,72,51,Caution,2.9427361,4.428611
6785,paseo,69,57,Paseo,2.8379173,9.265868
5760,crowded environment,67,65,Crowded Environment,2.961949,2.5204666
5115,Odor,66,66,Odor,6.860462,9.362719
4968,Iglesia,63,41,Iglesia,0.71650726,9.803487
4669,ristorante,62,15,Restaurant,7.4956636,10.456847
6882,neighborhood exploration,62,22,Neighborhood,1.1546562,7.4544234
4845,Music,57,30,Music,7.171884,1.3155406
5019,. Reference,57,67,. Reference,4.9830117,3.3824644
5908,Venice at night,55,50,Venice,2.2617018,10.645104
5903,Dead calla,54,54,Dead,4.02545,5.0869846
5056,Tactile,52,34,Tactile,6.911803,5.7490315
4984,cafeteria,49,15,Restaurant,7.4487596,10.344849
1710,bar,48,14,Bar,6.4098587,9.965449
5799,wells,47,46,Wells,5.0320706,6.8056
4896,garden,46,21,Garden,5.2620277,9.884125
5161,Humboldt University,42,16,Humboldt,3.249397,0.7805737
4705,bells,36,68,Bells,7.567844,2.3465803
7885,He lives together,35,69,He Lives Together,3.2876792,7.2716837
4825,shop,33,37,Shop,2.0428326,5.437806
5922,Barcarrizzi,33,57,Paseo,2.77923,9.68159
6765,33Bienal,33,70,33Bienal,3.6637776,7.3382363
6796,maritime towns,32,1,Maritime,-1.6217289,7.8306923
2889,Bus,31,3,Tram,-1.3931509,3.0790877
4790,tree,31,20,Tree,5.112827,10.470465
5120,railway stations,31,3,Tram,-1.2210022,3.712854
5152,history,31,61,History,5.060555,4.0265083
4703,loges route,29,33,Loges,3.890424,2.5053763
5231,Audible traffic lights,29,25,Audible,7.4727306,7.0325856
4820,drinking fountain,27,23,Water,6.0168285,8.262
4828,food,27,15,Restaurant,7.3450794,9.992643
4679,machine,26,71,Machine,3.25621,5.87123
4715,temporary,26,72,Temporary,5.1238775,4.633547
4863,park,26,10,Parc,-0.96441394,5.638468
5085,art,26,35,Art,7.7706075,5.549352
5771,big channel,26,1,Maritime,-1.3209963,7.441861
6810,cabin,25,22,Neighborhood,0.82963383,6.317433
5034,Birds,24,12,Birds,7.79338,8.192436
4668,scale,22,73,Scale,3.5887306,5.4856095
4675,meeting,22,74,Meeting,4.9532576,2.505308
5936,ghetto,22,22,Neighborhood,0.741161,7.3588614
6875,Easter,22,40,Easter,0.29744425,9.543591
5148,water fountain,21,23,Water,6.00674,8.267739
5296,Turismo,21,75,Turismo,3.0622318,9.302296
6051,single platform,21,49,Accessible,2.8229163,3.3798006
4704,sidewalk,20,9,Streets,-0.28043652,1.6195529
4810,library,20,47,Library,5.1971273,3.1137893
5014,open space,20,22,Neighborhood,2.0302253,7.3233194
5178,Benches,20,10,Parc,-0.8454194,5.6420813
5619,girls,20,17,Girls,3.0562863,1.6287128
5941,Calli,20,58,Sorocaba,3.8186455,8.571019
6250,foundations,20,76,Foundations,4.1358976,5.800041
6802,puerto,20,1,Maritime,-1.5823101,7.7954555
5236,Sports,19,11,Sport,-0.25517642,4.90009
5759,carnevale,19,77,Carnevale,0.5595523,5.3767834
5788,Steps,18,0,Steps,1.3817297,0.1621389
5880,Sotoportego,18,57,Paseo,2.5214372,9.240679
6764,Tactile floors,18,34,Tactile,6.8093076,5.719448
6948,Theater,17,78,Theater,6.5557246,1.20495
7529,Laramara,17,79,Laramara,2.7447584,8.74256
4120,testing,16,56,Test,5.045825,5.4750295
4975,bike lane,16,7,Bike,-0.3571087,2.645416
5339,Non accesible,16,49,Accessible,3.268258,3.2218037
5732,boats,16,1,Maritime,-1.5987611,7.808052
5919,Calle closed,16,80,Calle Closed,3.6646109,4.6868353
6247,nature,16,19,Nature,5.3076634,9.06255
6666,Project,16,81,Project,2.0094593,6.1783266
6671,Words and more,16,82,Words And More,5.7991414,3.541898
4693,tram,15,3,Tram,-1.1153831,3.3871226
5011,obstacle,15,53,Obstacle,3.859043,5.3679953
5391,Vaporetto,15,83,Vaporetto,5.1806364,7.4832006
6114,Services,15,52,Lande,3.2794292,3.8959286
6369,mare,15,58,Sorocaba,3.7446654,8.994224
7322,Japan House,15,22,Neighborhood,0.7498931,6.393639
4624,sole,14,55,Sole,4.2452116,6.698262
5283,Monument,14,28,Museum,5.6604166,1.5734428
7631,MACS,14,49,Accessible,2.8531497,3.5538585
4707,Political Science,13,52,Lande,4.3929105,4.3140454
5057,sculptures,13,84,Sculptures,7.3131433,5.8528333
5122,hotels,13,22,Neighborhood,0.69209605,6.684526
6050,streets for everyone,13,9,Streets,-0.24625574,1.6643884
6126,sounds,13,27,Ambient,7.8404784,2.0122855
7342,Paulista,13,57,Paseo,1.5843555,8.884689
4801,transport,12,3,Tram,-0.808997,2.9153118
4851,Vision Australia,12,36,Vision,7.521481,4.6541624
5036,Artworks,12,35,Art,7.7351255,5.483229
5041,S-Bahn,12,3,Tram,-1.0965368,3.4427462
5173,Coffee tables,12,15,Restaurant,7.3011045,10.474852
5421,Workshop,12,44,Works,2.944853,5.546902
5622,City game,12,22,Neighborhood,0.5705136,7.3446665
6148,Relax,12,2,Tranquillity,9.064819,6.7343097
6210,bas-reliefs,12,30,Music,7.3800335,1.3636702
6809,streets,12,9,Streets,-0.35378996,1.6593623
7239,sp cultural center,12,29,Culture,4.6405725,1.83312
4722,planters,11,21,Garden,5.1443653,9.909677
5736,silence,11,2,Tranquillity,9.041625,6.362517
6063,luci,11,85,Luci,7.0747075,7.109679
4699,jobs,10,44,Works,2.8504307,5.3996034
4812,good cafe,10,15,Restaurant,7.4641414,10.435324
5039,playground,10,10,Parc,-0.7353815,5.4027667
5140,Memorial,10,86,Memorial,5.6353326,1.6338689
5247,Disabled parking,10,3,Tram,-1.189333,2.8130054
5428,School,10,16,Humboldt,3.2335486,0.9639823
5750,perfumes,10,87,Perfumes,6.8338075,9.458637
5855,vento,10,88,Vento,5.9391947,7.1821346
5864,Noises,10,27,Ambient,8.066963,2.1415427
6814,Sensations,10,59,Sensations,6.2398477,4.8502254
4284,street,9,9,Streets,-0.30469278,1.6354057
4785,test,9,56,Test,5.064948,5.4560513
5698,Baccari,9,58,Sorocaba,3.6883388,9.0579605
5753,people,9,89,People,3.1194663,2.5025089
5965,market,9,38,Market,1.387911,5.433523
6138,Targa,9,58,Sorocaba,3.5850346,8.398198
6390,binary,9,45,Binary,3.4683602,6.2472434
7058,hospital,9,42,Hospital,1.9964694,3.8289793
5072,Bicycle,8,7,Bike,-0.38936242,2.866523
5303,Parque,8,10,Parc,-0.96360487,5.6431437
5804,tactile maps,8,34,Tactile,6.8526425,5.7114577
6039,porta,8,6,Porta,1.1379411,4.4299226
6079,Sculpture,8,90,Sculpture,7.3237047,5.8511367
6130,description,8,91,Description,5.1876845,3.6573915
6778,Interiors,8,22,Neighborhood,0.7203236,6.3428407
7965,Path of lovers,8,32,Friendships,4.254645,2.7440202
4724,colonna,7,58,Sorocaba,3.9748132,8.336062
4795,furniture,7,22,Neighborhood,0.57197326,6.149376
4808,braille,7,47,Library,5.35012,3.1859176
5020,urban art,7,35,Art,7.844063,5.5527706
5037,u-Bahn,7,3,Tram,-1.0836931,3.471743
5104,Traffic light,7,25,Audible,7.4509134,7.0539207
5137,tourists,7,29,Culture,4.531483,1.7003058
5234,BlindWiki,7,92,Blindwiki,7.8019557,4.124335
6340,pharmacy,7,37,Shop,1.9426904,5.3219976
6348,archi,7,58,Sorocaba,4.0073447,8.107358
7073,street art,7,35,Art,7.8499284,5.5093503
7599,Memorial of Latin America,7,57,Paseo,2.2943897,9.3209505
7717,MAM,7,58,Sorocaba,3.554882,7.621328
7839,Museum of Tomorrow,7,28,Museum,5.49962,1.223677
4227,Testapipi,6,58,Sorocaba,4.374059,7.5620165
4228,apiTest,6,56,Test,5.05685,5.50862
4352,rain,6,24,Rain,6.250243,7.6795316
4865,legends,6,93,Legends,5.3956156,3.8286524
4869,door,6,6,Porta,1.1303169,4.492321
5092,Demonstration,6,28,Museum,5.133327,1.8262769
5256,ATM,6,44,Works,2.7730033,5.650169
5314,Museums,6,28,Museum,5.5345044,1.2757186
5365,pueblos,6,22,Neighborhood,1.3387164,7.313677
5387,School,6,16,Humboldt,3.1807668,0.9383807
5477,Stop,6,94,Stop,4.486658,4.850716
5738,seagulls,6,12,Birds,7.7802644,8.217916
5781,Aosta,6,58,Sorocaba,3.3539224,8.514805
5791,calm,6,2,Tranquillity,9.119125,6.513209
5888,plant,6,21,Garden,5.1202908,9.971639
6025,San Rocco,6,50,Venice,2.1920578,10.2260895
6248,night,6,26,Night,6.829538,7.183671
6266,headquarters,6,95,Headquarters,2.8049,5.0885587
6552,beach,6,23,Water,5.5008326,8.358407
7079,wall,6,5,Wall,0.8150126,4.785798
7110,French Cottage,6,22,Neighborhood,0.83089113,6.866745
7177,branch,6,20,Tree,5.127614,10.510475
7506,Carlos,6,57,Paseo,2.7294393,9.295456
4700,incivility,5,52,Lande,4.0511546,4.1982255
4819,entrance,5,6,Porta,1.1231519,4.3471384
4996,aerial obstacle,5,53,Obstacle,3.6598299,5.3500686
5075,Dog,5,12,Birds,7.300653,8.026159
5133,curiosity,5,60,Mislata,5.8847036,4.7956862
5167,Traffic,5,8,Car,-0.8653639,2.3797352
5227,architecture,5,22,Neighborhood,1.273433,6.660217
5281,Health,5,42,Hospital,2.355857,3.9754603
5304,Traffic light without sound,5,25,Audible,7.468346,7.0409665
5357,kern juices,5,18,Sugarcane,4.4242325,9.858215
5456,Dwarfs,5,24,Rain,6.0251827,7.563296
5725,Pontini Trattoria,5,58,Sorocaba,3.7296212,8.900904
5742,books,5,47,Library,5.1830516,3.0912201
5767,Venezia,5,50,Venice,2.2996378,10.570532
5879,gondola,5,1,Maritime,-1.6833566,7.8767743
5934,Steps,5,0,Steps,1.3715552,0.15243557
5967,Fish market,5,13,Pesce,7.0958567,8.899488
5974,calm,5,2,Tranquillity,9.079328,6.4730344
6069,marble,5,46,Wells,5.138415,6.9794
6085,touch,5,48,Touch,2.3247669,2.9536033
6116,shopping,5,37,Shop,2.006093,5.4795322
6228,Water danger,5,23,Water,5.9258537,8.389563
6299,pace,5,2,Tranquillity,9.0815935,6.5013556
6410,giudecca,5,58,Sorocaba,3.3529894,8.959566
6994,Upv,5,55,Sole,4.1749563,6.4306917
7199,Modernist House,5,22,Neighborhood,0.7858593,6.5967894
7278,dance,5,4,Movement,1.3863146,2.1429286
7294,Exhibitions,5,28,Museum,5.1586323,1.5721755
7742,Brazil,5,57,Paseo,2.2142527,8.811983
7992,soundscape,5,27,Ambient,7.8302765,1.9320314
4832,sensorygarden,4,21,Garden,5.282456,9.883178
4962,traditional pastry,4,15,Restaurant,7.810033,10.004445
5080,Oranienburgerstrasse,4,39,Hessischerrundfunk,2.6526935,6.84317
5081,CO Berlin,4,39,Hessischerrundfunk,2.4826517,6.6046085
5100,sidewalk,4,9,Streets,-0.26886484,1.5856392
5182,Football,4,11,Sport,-0.14904699,4.942384
5403,road to santiago,4,57,Paseo,1.8774939,9.07171
5502,Joint,4,58,Sorocaba,4.2290106,7.455171
5532,town hall,4,22,Neighborhood,0.68885404,7.198486
5538,center,4,29,Culture,4.8429327,2.0200734
5621,silence,4,2,Tranquillity,9.053032,6.3754044
5644,Bus stop,4,3,Tram,-1.4371156,3.0274963
5681,Campo Santa Margherita,4,57,Paseo,2.1270468,9.457227
5686,Capital,4,22,Neighborhood,0.5791,7.286104
5802,registrations,4,52,Lande,3.5125792,4.079969
5854,Voices,4,31,Voices,6.6864944,2.6182714
5909,touch,4,48,Touch,2.3216896,2.956818
5926,stop,4,54,Dead,4.491135,4.9398527
5985,Eco,4,19,Nature,5.218241,9.054929
6027,relief,4,52,Lande,3.7105143,4.015404
6041,portico,4,6,Porta,1.1211462,4.4733324
6155,Piers,4,1,Maritime,-1.6014539,7.8194227
6173,primavera,4,24,Rain,6.1060505,7.5579195
6195,games,4,11,Sport,-0.11585365,4.946092
6316,Courtyards,4,22,Neighborhood,1.0072987,7.1908336
6421,view,4,36,Vision,7.479148,4.744428
6532,pozzo,4,58,Sorocaba,3.301869,9.187053
6670,Amor,4,32,Friendships,4.4398685,3.0626252
7044,palm trees,4,20,Tree,4.9662156,10.302614
7175,inclusion,4,52,Lande,3.8814316,4.067175
7180,pastel,4,15,Restaurant,7.7151213,9.955645
7183,sugarcane juice,4,18,Sugarcane,4.389055,9.893215
7203,Curiosity,4,60,Mislata,5.8948426,4.801219
7242,test,4,56,Test,5.0811353,5.459317
7323,Avenida Paulista,4,57,Paseo,1.7620624,9.049603
7401,sao,4,60,Mislata,5.741777,4.4957724
7561,worm,4,13,Pesce,6.9500327,8.720836
7610,Gastronomy,4,15,Restaurant,7.362168,10.216524
7677,Bahia,4,57,Paseo,2.2946353,8.83717
7681,Salvador,4,57,Paseo,2.349345,9.011028
7866,barcelona,4,57,Paseo,2.1451912,9.191234
7900,north station,4,3,Tram,-1.1993264,3.7452817
7941,hiking,4,33,Loges,3.9686768,2.3858106
8194,center,4,29,Culture,4.823475,1.9951915
2902,pizza,3,15,Restaurant,7.5553765,10.302454
4816,courtyard,3,22,Neighborhood,0.9257459,7.218676
4871,health facilities,3,42,Hospital,1.9905545,3.8238854
4993,little dog angel,3,12,Birds,7.416239,8.060161
5000,children running around,3,17,Girls,2.9337585,1.7311301
5010,sidewalk level,3,9,Streets,-0.2404533,1.6647092
5068,Berlin Gallery,3,28,Museum,5.192753,1.4664828
5070,Travel,3,29,Culture,4.381192,1.8656316
5112,Museum Island,3,28,Museum,5.470707,1.1996973
5139,fences,3,6,Porta,1.0817271,4.483779
5165,Stelenfeld,3,39,Hessischerrundfunk,2.7731233,6.9313183
5174,Friends,3,32,Friendships,4.217204,2.919848
5184,playing fields,3,11,Sport,-0.3181122,5.0517054
5229,Swimming pools,3,23,Water,5.957081,8.316189
5402,Santiago de Compostela,3,57,Paseo,2.1047363,9.3293915
5565,club,3,32,Friendships,3.9997764,3.001215
5587,Books,3,47,Library,5.196298,3.1019728
5740,Bookshelf,3,47,Library,5.1627264,3.0458715
5769,Appetizing,3,15,Restaurant,7.4308295,9.945813
5829,Colors,3,35,Art,7.6023407,5.39749
5874,Saint Martha,3,41,Iglesia,0.8020163,9.871729
5877,Playground,3,10,Parc,-0.7766903,5.444427
5882,ride,3,7,Bike,-0.3713287,2.8929636
5886,narrow street,3,9,Streets,-0.33550033,1.6185871
5942,Barca,3,57,Paseo,2.3911915,9.230153
6019,pastry shop,3,15,Restaurant,7.9283314,10.18082
6099,schools,3,16,Humboldt,3.1950245,0.89783835
6189,entrance,3,6,Porta,1.1233813,4.3368545
6198,avenue,3,9,Streets,-0.43306205,1.7807776
6206,empty,3,54,Dead,4.1786733,4.900782
6221,abandonment,3,54,Dead,4.0688715,4.855035
6280,osteria,3,13,Pesce,7.1329317,8.836366
6312,fortune,3,60,Mislata,5.266139,4.4223037
6344,Ice-cream,3,15,Restaurant,8.025808,9.837665
6403,People Mover,3,4,Movement,0.65670854,2.3160975
6483,Darsena,3,58,Sorocaba,3.7256312,7.792056
6649,rain,3,24,Rain,6.2690496,7.670835
6813,concert,3,30,Music,6.94582,1.1942136
6863,l'horta,3,58,Sorocaba,3.4228745,8.65583
6901,sombra,3,26,Night,6.740725,7.2259707
6954,sonora,3,27,Ambient,7.805098,1.9603761
7027,Nazareth,3,40,Easter,0.48110655,9.684562
7040,La Roqueta,3,57,Paseo,2.4227839,9.300186
7143,Deus,3,40,Easter,0.42631775,9.6746235
7161,free market,3,38,Market,1.4337155,5.3076253
7173,dorinanowill,3,58,Sorocaba,3.5250664,8.07697
7197,bus,3,3,Tram,-1.3781371,3.0550523
7217,Anhangabau Valley,3,58,Sorocaba,3.0364828,8.132718
7243,paulo,3,57,Paseo,1.5895147,8.872832
7250,access,3,49,Accessible,3.2338905,3.1636097
7260,Vergueiro,3,58,Sorocaba,3.6933174,8.258999
7314,Alex Flemming,3,58,Sorocaba,3.8663065,7.6887074
7430,casa,3,22,Neighborhood,0.6788476,6.416211
7465,photograph,3,35,Art,7.599625,5.142943
7497,cadevi association,3,32,Friendships,4.1718664,2.9514635
7587,lack of accessibility,3,49,Accessible,3.2509282,3.1829035
7612,Barra Funda,3,57,Paseo,2.56495,8.697057
7632,strawberry,3,18,Sugarcane,4.461722,9.902269
7636,Museum,3,28,Museum,5.529021,1.1838645
7639,contemporary art,3,35,Art,7.83777,5.522561
7664,exhibition,3,28,Museum,5.149442,1.5917169
7666,Sesc,3,46,Wells,5.1344204,6.8245015
7758,trail,3,33,Loges,3.9373224,2.454607
7762,Folklore Museum,3,28,Museum,5.4747214,1.2948915
7883,Street,3,9,Streets,-0.36465502,1.6371533
7898,Camino,3,33,Loges,3.8641665,2.4883158
7915,sound traffic light,3,25,Audible,7.4863205,7.029893
7943,ruta,3,33,Loges,3.8645713,2.5137382
7950,Pont,3,23,Water,5.929917,8.4926815
7978,first tram,3,3,Tram,-1.1040852,3.3787558
7991,Raven Valley,3,58,Sorocaba,3.0076413,8.066158
8022,sound postcard,3,27,Ambient,7.7940183,1.9543132
8211,years,3,61,History,5.210238,4.106303
8221,here,3,60,Mislata,5.850348,4.550918
4671,pebbles,2,46,Wells,5.10032,7.0361114
4728,medici,2,42,Hospital,2.1785502,3.9157524
4775,chains,2,45,Binary,3.391405,6.124087
4793,stalls,2,38,Market,1.3065801,5.389116
4809,MECO,2,58,Sorocaba,3.3845859,9.044279
4817,Italian forum,2,50,Venice,2.4157455,10.416572
4836,hhome,2,58,Sorocaba,3.8314462,6.9889574
4860,deterrent pillar,2,51,Caution,2.827131,4.3306117
4864,wait,2,60,Mislata,5.6056676,4.652099
4946,Domingo,2,57,Paseo,2.1522865,9.47945
4974,Job,2,44,Works,2.8632617,5.4399905
4976,fruit boxes,2,18,Sugarcane,4.396709,9.886265
4979,bus stop,2,3,Tram,-1.4372911,3.0175583
5051,Ping-pong,2,11,Sport,-0.18931995,4.958427
5059,BB9,2,45,Binary,3.4792767,6.407537
5067,Deck chairs,2,22,Neighborhood,0.47460854,6.081404
5074,Bier,2,14,Bar,6.5045376,9.923437
5097,ABSV,2,55,Sole,4.0901203,6.537388
5105,defect,2,54,Dead,4.249295,5.1786118
5107,lack of tactile paving,2,34,Tactile,6.8269863,5.7048163
5149,violin,2,30,Music,7.170435,1.2258474
5164,Brandenburg Gate,2,6,Porta,1.1839709,4.430249
5175,selfies,2,35,Art,7.5343566,5.1255856
5193,Water pump,2,23,Water,6.0184245,8.300067
5221,NCBI,2,45,Binary,3.57392,6.4119954
5237,Pond,2,23,Water,5.989062,8.495924
5290,Education,2,16,Humboldt,3.3090625,0.93481696
5308,School,2,16,Humboldt,3.2160223,0.93439883
5309,Stones,2,46,Wells,5.0718637,6.990784
5315,CORREOS,2,58,Sorocaba,3.9251957,8.501357
5320,hair helmet,2,58,Sorocaba,4.001008,7.0691895
5338,taxi stop,2,3,Tram,-1.2782238,2.8994308
5353,drinking water,2,23,Water,5.969825,8.328423
5376,Food area,2,15,Restaurant,7.4006753,10.156021
5380,Heat,2,24,Rain,5.861612,7.4962153
5383,Narrow street,2,9,Streets,-0.35533747,1.5889384
5407,No transition,2,54,Dead,4.0885334,4.8705134
5417,Hole in the sidewalk,2,46,Wells,4.946788,6.6894236
5422,Welcome,2,43,Hallo,6.602189,4.026638
5426,Polish Association of the Blind,2,36,Vision,7.630578,4.345698
5491,Recreation,2,10,Parc,-0.71529126,5.3823705
5501,Ladybird,2,12,Birds,7.7842917,8.1971655
5531,model,2,22,Neighborhood,1.7316291,6.372702
5534,Pies,2,15,Restaurant,7.720119,9.920034
5578,Piano,2,30,Music,7.2430143,1.211594
5592,Kiosk,2,37,Shop,1.9991186,5.4690647
5595,Ice-cream,2,15,Restaurant,8.01412,9.844033
5637,supermarkets,2,37,Shop,1.7832869,5.319692
5640,Main station,2,3,Tram,-1.2546868,3.7161953
5659,Drum,2,30,Music,7.3587193,1.4030669
5660,silence,2,2,Tranquillity,9.019249,6.3489075
5697,Piazzale Roma,2,50,Venice,2.275274,10.433857
5741,acqualt,2,58,Sorocaba,4.0182104,7.871349
5743,magic,2,59,Sensations,6.2397733,4.933645
5761,San Marco,2,50,Venice,2.0042758,10.041124
5772,Guggenheim,2,28,Museum,5.452567,1.2915804
5859,laguna,2,23,Water,5.909902,8.494352
5862,Prison,2,22,Neighborhood,0.8230994,6.484184
5881,dark,2,26,Night,6.791131,7.2314577
5905,forest,2,20,Tree,5.1355677,10.415416
5906,nightinvenice,2,26,Night,6.7574363,7.133164
5924,Arsenal,2,11,Sport,0.038392663,4.879367
5955,Worksite,2,44,Works,2.6932263,5.612635
5956,tradition,2,61,History,5.083042,3.966039
5971,pesce,2,13,Pesce,7.1560097,8.864858
5972,Aaudiolibro,2,27,Ambient,7.546255,1.7859215
6048,building model,2,22,Neighborhood,1.5667988,6.4666
6052,platforms,2,49,Accessible,2.8808753,3.4318874
6057,Local,2,22,Neighborhood,1.4251161,7.363702
6104,frari,2,58,Sorocaba,3.6684146,8.558075
6105,san polo,2,50,Venice,2.0413053,9.936807
6122,tables,2,15,Restaurant,7.231995,10.507423
6124,disabled access,2,49,Accessible,3.1603644,3.2673132
6133,riva,2,58,Sorocaba,3.8074946,8.19143
6153,license plates,2,8,Car,-0.91918993,2.3008556
6197,Rest,2,2,Tranquillity,9.079754,6.831585
6199,rides,2,7,Bike,-0.41004553,2.8953123
6209,manholes,2,46,Wells,4.9312673,6.7183385
6212,Partisans,2,52,Lande,4.19499,4.244957
6214,parking,2,3,Tram,-1.2144997,2.8379838
6259,navi,2,58,Sorocaba,4.0190325,7.2562184
6270,Seven,2,60,Mislata,5.412371,4.5003777
6272,students,2,16,Humboldt,3.2761142,0.9395788
6309,donne,2,17,Girls,3.1383097,1.9786168
6322,buildings,2,22,Neighborhood,0.8702388,7.117984
6332,Job,2,44,Works,2.8625278,5.436922
6337,synagogue,2,40,Easter,0.31009606,9.516739
6339,bakery,2,15,Restaurant,7.9462366,10.195875
6354,Movement,2,4,Movement,0.7320056,2.3316681
6372,water,2,23,Water,5.9930854,8.345667
6373,noise,2,27,Ambient,8.113569,2.1880004
6376,pizzeria,2,15,Restaurant,7.6064687,10.46963
6378,court,2,11,Sport,-0.13314983,4.8808155
6394,Parking,2,3,Tram,-1.1968033,2.8256109
6418,Hostel,2,22,Neighborhood,0.7697627,6.5905304
6425,venetians,2,50,Venice,2.331526,10.561674
6449,pool,2,23,Water,6.008535,8.308316
6459,tennis court,2,11,Sport,-0.26737413,4.929428
6528,souvenir,2,28,Museum,5.514576,1.6256703
6533,supermarket,2,37,Shop,1.8134203,5.3122034
6540,Casino,2,11,Sport,-0.082192235,5.094602
6545,Environmental description,2,19,Nature,5.2190294,9.0121975
6551,Beaches,2,23,Water,5.539164,8.367657
6603,Location description,2,22,Neighborhood,1.4795649,7.373352
6618,Olafur Eliasson,2,58,Sorocaba,3.6257744,7.781722
6632,Venezuela,2,57,Paseo,2.740687,9.2551155
6636,Nordic countries,2,39,Hessischerrundfunk,2.75211,6.84305
6648,storm,2,24,Rain,6.221599,7.562005
6651,Party,2,32,Friendships,3.9771917,2.9571605
6655,Concerto,2,30,Music,7.036485,1.1774415
6676,earrings,2,36,Vision,7.3699565,4.6995125
6685,textures,2,34,Tactile,6.8021064,5.65781
6710,uncivic,2,54,Dead,4.260521,4.699712
6721,Plants,2,21,Garden,5.1989512,9.913953
6724,Loves,2,32,Friendships,4.379035,2.9875944
6749,Center of the travelers,2,29,Culture,4.573621,1.8399394
6820,Sing,2,31,Voices,6.928066,2.1825933
6826,urban details,2,22,Neighborhood,0.779245,7.4264703
6829,channel,2,1,Maritime,-1.2686727,7.3606844
6862,Picanya,2,60,Mislata,5.7776036,4.6280756
6876,Oven,2,14,Bar,6.8627453,9.914276
6902,flavors,2,15,Restaurant,7.2186885,9.701642
6923,Tranquillity,2,2,Tranquillity,9.08752,6.499458
6924,Pigeons,2,12,Birds,7.812271,8.183251
6928,blackbirds,2,12,Birds,7.7701583,8.174925
6931,arena,2,11,Sport,-0.22457454,4.931052
6932,street music,2,30,Music,7.039031,1.2393051
6949,show,2,28,Museum,5.3415494,1.6536103
6950,market,2,38,Market,1.373111,5.410045
6959,paint,2,35,Art,7.738361,5.4281006
6964,games,2,11,Sport,-0.100114554,4.9596925
7005,browsing,2,49,Accessible,3.3195438,3.0966196
7025,grass,2,21,Garden,5.2539196,9.603028
7077,Torres Quart,2,57,Paseo,2.7898655,9.026089
7082,The first Valencia XI,2,57,Paseo,2.1260643,9.369081
7083,Churros,2,58,Sorocaba,3.8316088,8.744201
7170,São Paulo,2,57,Paseo,2.1621518,8.87241
7188,Dorina Nowill,2,58,Sorocaba,3.4738312,8.012375
7201,Architecture,2,22,Neighborhood,1.2463709,6.6404786
7208,experience,2,60,Mislata,6.107263,4.2618318
7209,Rosewood,2,20,Tree,5.1570644,10.332035
7210,City Matarazzo,2,57,Paseo,1.9863387,9.457056
7214,Cheese bread,2,15,Restaurant,7.573468,9.99454
7244,Cultural center,2,29,Culture,4.6167974,1.820339
7249,a great institution,2,16,Humboldt,3.353512,0.7829045
7274,tactile floor on the right,2,34,Tactile,6.8074408,5.6957445
7275,piso,2,22,Neighborhood,1.2156572,6.235654
7311,rehearsal,2,30,Music,6.6726394,1.2138327
7364,Bishop of Rosario,2,41,Iglesia,0.74353236,9.849139
7409,Shopping city São Paulo,2,57,Paseo,1.9946793,8.844599
7420,Mequi 1000,2,45,Binary,3.4262145,6.449007
7435,Thanks,2,43,Hallo,6.588892,4.038414
7445,Moreira Salles Institute,2,57,Paseo,2.0950172,8.990313
7449,singing and enchanting,2,31,Voices,6.98101,2.164207
7450,street trading,2,38,Market,1.4558916,5.441199
7454,diversity in Paulista,2,57,Paseo,1.7680057,8.810967
7459,street artist,2,35,Art,7.8170757,5.5096774
7466,Moreira Salles,2,57,Paseo,2.7147393,9.109281
7476,trees,2,20,Tree,5.1213875,10.465769
7485,trash,2,44,Works,2.843699,6.133563
7491,Assoc,2,58,Sorocaba,3.9042003,7.724078
7524,holes,2,46,Wells,4.9222293,6.6497726
7549,Oswaldo Cruz College,2,57,Paseo,2.1372645,9.149455
7564,Sidewalk,2,9,Streets,-0.25668505,1.630983
7602,Memorial America Latina,2,57,Paseo,2.3289135,9.2805
7609,Camaragibe Street,2,57,Paseo,1.7812717,9.01467
7634,Sorocaba Route,2,57,Paseo,2.4543924,9.207205
7663,Sesc Sorocaba,2,57,Paseo,2.6852338,9.134931
7683,Eodoviaria,2,58,Sorocaba,3.7548156,8.626299
7712,Rota,2,58,Sorocaba,4.0488586,7.829267
7745,Taste festival,2,15,Restaurant,7.2728295,9.75661
7754,Basalt,2,46,Wells,4.9972043,6.97999
7787,spring,2,24,Rain,6.1485753,7.605792
7838,Treats,2,15,Restaurant,7.322078,9.8677025
7843,Sustainability,2,19,Nature,5.1569533,9.090934
7851,New server,2,49,Accessible,3.1813304,3.366962
7897,bus,2,3,Tram,-1.4142883,3.043886
7920,sound landscape,2,27,Ambient,7.9458723,2.037383
7937,parks,2,10,Parc,-0.95937043,5.6398025
7940,road,2,8,Car,-0.58638203,2.1230166
7949,urban elements,2,22,Neighborhood,0.712687,7.407355
7954,touch element,2,48,Touch,2.3449368,2.9886029
7957,mountain,2,58,Sorocaba,3.0130303,8.0997925
7961,random,2,56,Test,5.096474,5.246948
7969,Church of Rigolisa,2,41,Iglesia,0.7855728,9.82756
7981,horses,2,12,Birds,7.082105,7.9878407
7983,sons,2,17,Girls,3.0795617,1.7390503
7994,But Fogonussa,2,58,Sorocaba,3.2005897,8.614954
8010,Oreneta park,2,10,Parc,-0.9763428,5.6431775
8016,load,2,49,Accessible,3.04112,3.1896234
8018,Monastery of Pedralbes,2,41,Iglesia,0.8542951,9.834989
8039,hello,2,43,Hallo,6.608042,4.0019946
8045,well,2,60,Mislata,5.8789797,4.280647
8050,ambient,2,19,Nature,5.222134,8.915088
8087,Road,2,8,Car,-0.6115376,2.1582723
8094,Walk,2,4,Movement,0.6087271,2.2385056
8136,I run,2,4,Movement,1.4165826,2.4070125
8160,part,2,60,Mislata,5.3361797,4.5816813
8163,campiello,2,58,Sorocaba,3.6037738,8.8679
8164,fontana,2,23,Water,6.07569,8.260052
8176,birds,2,12,Birds,7.829924,8.169
8205,cascades,2,24,Rain,6.253814,7.7806606
8241,to suffer inwardly,2,54,Dead,4.523276,4.9990444
8242,terrace,2,22,Neighborhood,1.5457399,6.673634
1754,trial,1,56,Test,5.119559,5.4243307
2916,obj.casa,1,22,Neighborhood,0.6822438,6.414774
4619,accademia,1,16,Humboldt,3.2886994,0.8984707
4677,maps,1,22,Neighborhood,1.6956791,7.243603
4805,plans,1,52,Lande,3.3345726,3.9918623
4811,Indian restaurant,1,15,Restaurant,7.5313473,10.425119
4813,Garden pub,1,21,Garden,5.3859444,9.851497
4814,outdoors,1,22,Neighborhood,1.6271796,6.8930955
4821,Italian restaurant,1,15,Restaurant,7.5252347,10.481601
4823,exercise,1,4,Movement,1.3094016,2.3901577
4824,Irish pub,1,14,Bar,6.341133,9.758962
4835,Indian Pakistani restaurant,1,15,Restaurant,7.5187654,10.45724
4837,very manly,1,58,Sorocaba,3.77024,6.9849563
4839,ferwharf,1,23,Water,5.9514356,8.653138
4841,walking exercise,1,4,Movement,0.9579671,2.3158627
4842,fantastic pub food,1,15,Restaurant,7.4250407,10.249806
4843,exercisey,1,4,Movement,1.3345485,2.4034634
4844,laundromat,1,44,Works,2.690004,6.0484276
4868,antecedent,1,61,History,5.03829,4.080924
4870,I don't know,1,54,Dead,4.5236697,5.0986557
4948,Test tube,1,56,Test,5.13039,5.6184464
4957,clouds,1,24,Rain,6.302094,7.3614736
4960,wood bread,1,15,Restaurant,7.513144,9.972955
4961,pastries,1,15,Restaurant,7.856887,9.939781
4971,Aid,1,52,Lande,3.46094,3.850877
4980,curbs,1,9,Streets,-0.30482286,1.6181432
4986,Terra,1,19,Nature,5.2885246,8.779317
4991,Relax sin coffee,1,15,Restaurant,7.5911202,10.247466
4992,chica grey,1,58,Sorocaba,3.201137,8.338703
4994,Wardrobes,1,44,Works,2.5878975,5.963949
4999,above the sidewalk,1,9,Streets,-0.22096956,1.62146
5006,largo,1,58,Sorocaba,3.7848167,7.6352797
5008,english court,1,61,History,5.118998,4.1447744
5009,limelight park,1,10,Parc,-1.0475152,5.720395
5030,Wifi,1,49,Accessible,3.1665227,3.357528
5050,Exhibition,1,28,Museum,5.1571865,1.5805248
5055,touch,1,48,Touch,2.301443,2.9298854
5060,Ferry,1,1,Maritime,-1.6439584,7.842355
5065,Cucumber,1,18,Sugarcane,4.406406,9.790238
5069,Wurm,1,58,Sorocaba,4.029805,7.136648
5076,Grill,1,15,Restaurant,7.1373963,9.929764
5077,Recording,1,27,Ambient,7.485151,1.9897891
5078,welcome,1,43,Hallo,6.5984225,4.0328856
5084,Tacheles,1,34,Tactile,6.9000435,5.850209
5089,best,1,60,Mislata,6.1780844,4.295574
5090,Water tower,1,23,Water,6.0831985,8.449724
5091,jump,1,4,Movement,1.4119394,2.1617792
5093,MIDI,1,30,Music,7.305661,1.3765961
5095,Sound installation,1,27,Ambient,7.7994742,1.8965126
5096,Staircase,1,0,Steps,1.3229021,0.15281789
5099,supermarket,1,37,Shop,1.8014694,5.29419
5108,campus,1,16,Humboldt,3.2194793,0.8142483
5111,Tastmodell,1,48,Touch,2.323839,2.9823918
5113,Flea market,1,38,Market,1.3592526,5.4133296
5116,Holz,1,58,Sorocaba,4.1278944,7.1622987
5123,cultural centers,1,29,Culture,4.574862,1.8103461
5128,performances,1,30,Music,6.6063757,1.2049624
5130,university campus,1,16,Humboldt,3.2478185,0.8017967
5131,audio guides,1,27,Ambient,7.7280464,1.8918626
5132,Side street,1,9,Streets,-0.28473452,1.629785
5134,acoustic signal,1,27,Ambient,7.921189,2.054721
5135,chicken,1,15,Restaurant,7.309588,9.814851
5136,Brandenburgertor,1,39,Hessischerrundfunk,2.5516808,6.7013097
5146,Think about it,1,60,Mislata,5.642632,4.462675
5151,Reichstag,1,39,Hessischerrundfunk,2.6166556,6.7806644
5160,quiet,1,2,Tranquillity,9.07732,6.4029384
5163,Peace Run,1,52,Lande,3.933619,4.0857644
5176,Raben,1,58,Sorocaba,3.8457916,7.1081095
5177,Chestnut Avenue,1,9,Streets,-0.31427693,1.6293608
5180,Saxophone,1,30,Music,7.234551,1.2537004
5185,Bakery,1,15,Restaurant,7.954937,10.166531
5187,Balzer,1,58,Sorocaba,4.124658,6.9879403
5188,Dead end,1,54,Dead,4.261763,5.078594
5192,backyard,1,22,Neighborhood,1.3893657,6.8147445
5194,no drinking water,1,23,Water,5.841362,8.246891
5195,Public space,1,22,Neighborhood,1.0740193,7.137108
5197,Anezettelt,1,58,Sorocaba,4.18449,7.316853
5198,Central lido,1,3,Tram,-1.251489,3.2730057
5199,fountain,1,23,Water,6.052779,8.266568
5202,Noise,1,27,Ambient,8.157388,2.1916776
5203,Quiet,1,2,Tranquillity,9.06166,6.386538
5204,Holocaust Denkmal,1,28,Museum,5.601121,1.5324192
5207,Michael Jackson,1,30,Music,7.183135,1.5134937
5209,Hohenschönhausen,1,39,Hessischerrundfunk,2.687806,6.8774133
5210,Jail,1,22,Neighborhood,0.81035423,6.510499
5211,blind guided tour,1,36,Vision,7.648092,4.3251553
5214,moin,1,58,Sorocaba,4.3312283,6.9431806
5216,blind,1,36,Vision,7.664296,4.3111362
5217,visually impaired,1,36,Vision,7.6043906,4.443225
5218,blind self-help,1,36,Vision,7.6365814,4.3648715
5230,Compostela,1,57,Paseo,2.328994,9.329488
5232,Gaiteiro,1,58,Sorocaba,3.9226665,7.041935
5239,the whale,1,13,Pesce,7.112286,8.688437
5240,milladoiro,1,58,Sorocaba,3.7124078,8.502694
5248,Traffic workshop,1,8,Car,-0.9140627,2.39723
5251,Fochanca,1,58,Sorocaba,3.451752,8.961911
5254,paso,1,0,Steps,1.3660234,0.14431521
5255,Photocopies,1,35,Art,7.5999894,5.1834984
5257,student services,1,16,Humboldt,3.253553,0.83684736
5258,Works,1,44,Works,2.8430684,5.501286
5260,Non-sounding traffic lights,1,25,Audible,7.474665,7.0333056
5262,A citizen,1,52,Lande,4.155083,4.119302
5264,mathematics,1,56,Test,4.8359127,5.4390206
5266,do it,1,60,Mislata,5.737005,4.5549464
5267,engineering school,1,16,Humboldt,3.1967943,0.9300176
5269,Kill the blind,1,36,Vision,7.578991,4.2640104
5271,Ia,1,60,Mislata,5.711451,4.389089
5274,dangerous ramp,1,53,Obstacle,3.6366374,5.267411
5276,CACTUS,1,58,Sorocaba,3.7429967,8.856453
5277,TYC,1,55,Sole,4.0394263,6.6358614
5278,Printing,1,44,Works,2.9688997,5.224609
5282,Athletics tracks,1,11,Sport,-0.25687462,4.817267
5285,Caution mommy,1,51,Caution,2.913193,4.4439874
5286,green area,1,19,Nature,5.0665407,9.099655
5291,Institutes,1,16,Humboldt,3.2455642,0.79807174
5294,Kiosks,1,37,Shop,1.9671683,5.4719024
5300,Sound traffic light,1,25,Audible,7.483638,7.0327396
5302,Brewery,1,14,Bar,6.5301795,9.955606
5306,Churches,1,40,Easter,0.3141846,9.544764
5311,Inaccessible entrance,1,6,Porta,1.1009549,4.292874
5312,Supermarkets,1,37,Shop,1.7556007,5.3594847
5313,frozen,1,24,Rain,5.9338546,7.505294
5319,Franco,1,57,Paseo,2.7960188,9.511118
5322,Hamon,1,58,Sorocaba,3.833449,7.592229
5323,goodjamon,1,60,Mislata,6.19301,4.349794
5324,snack,1,15,Restaurant,7.4263997,9.919093
5326,traditional,1,61,History,5.0102267,3.9224248
5328,Platforms,1,49,Accessible,2.8828778,3.4263787
5330,hostel,1,22,Neighborhood,0.7799214,6.527464
5331,with cello,1,30,Music,7.214052,1.2494465
5333,workshop,1,44,Works,2.9353628,5.5817504
5335,Taverns,1,14,Bar,6.5219765,9.935695
5336,convent,1,41,Iglesia,0.6802083,9.792026
5341,pilgrims,1,40,Easter,0.34681013,9.594528
5343,San Martin Pinario,1,57,Paseo,2.0153294,9.648613
5345,Disabled access,1,49,Accessible,3.2176924,3.2335331
5347,House of Troy,1,22,Neighborhood,0.81641436,7.0294986
5352,rest,1,2,Tranquillity,9.0796795,6.8197746
5359,Works completed,1,44,Works,2.7893295,5.5167475
5361,summer,1,24,Rain,6.087317,7.426527
5364,Villages,1,22,Neighborhood,1.3621448,7.3149567
5373,strand,1,23,Water,5.5129604,8.397122
5374,Italian,1,50,Venice,2.4146311,10.391736
5377,Drugstore market,1,37,Shop,1.8725708,5.3834996
5378,the wallpaper,1,5,Wall,0.7997871,4.769136
5381,Sightseeing,1,29,Culture,4.4816923,1.7249061
5384,Fitness,1,4,Movement,1.3414329,2.4465783
5385,Recommended to visit,1,29,Culture,4.517339,1.6964513
5393,Totem,1,58,Sorocaba,4.2881837,7.223292
5404,Halo,1,43,Hallo,6.603605,3.98527
5409,A huge cat,1,12,Birds,7.6213512,8.258581
5411,backyard,1,22,Neighborhood,1.3486619,6.8367615
5414,big intersection,1,8,Car,-0.35190845,2.0276723
5415,Narrow sidewalk,1,9,Streets,-0.30374932,1.6067836
5416,voiced,1,31,Voices,6.7051086,2.6084833
5418,Church,1,40,Easter,0.37265673,9.59072
5419,church,1,40,Easter,0.30485314,9.541458
5420,church,1,40,Easter,0.28523377,9.57669
5424,Tomek,1,58,Sorocaba,4.2327228,7.233775
5429,Gródek,1,21,Garden,5.099207,9.660481
5430,We are looking for the Internet,1,49,Accessible,3.3521771,3.2661462
5432,Muchomory,1,60,Mislata,5.4598656,4.6564817
5433,mushrooms,1,21,Garden,4.9216857,9.832488
5434,Field,1,11,Sport,-0.28861618,5.0680075
5435,artificial surface,1,34,Tactile,6.685552,5.660688
5436,Smoking room,1,22,Neighborhood,0.61753315,6.2539434
5437,Towards the center,1,29,Culture,4.8004513,2.036335
5438,Oak,1,20,Tree,5.2202272,10.361934
5440,stadium,1,11,Sport,-0.24515218,4.9467053
5443,noise,1,27,Ambient,8.148708,2.1898112
5444,heavy traffic,1,8,Car,-0.935692,2.418165
5446,Playing on the grass,1,11,Sport,-0.29106304,5.064149
5447,Pulsantis Clinic,1,42,Hospital,2.0396144,3.8894079
5448,Market Hall,1,38,Market,1.3266275,5.4413753
5454,Market fountain,1,23,Water,6.048409,8.288978
5460,Now,1,60,Mislata,5.717422,4.473086
5461,Stairs to Never,1,0,Steps,1.3483089,0.14608057
5462,Good,1,60,Mislata,6.1775966,4.3060255
5464,Spacer,1,22,Neighborhood,2.159183,7.3386807
5468,Wrocław City Hall,1,22,Neighborhood,0.5833701,7.250207
5469,Read them into croissant no shit I can hours if you,1,15,Restaurant,7.548274,10.009115
5472,vodka,1,14,Bar,6.4104023,9.826031
5473,According to the Malgosia,1,58,Sorocaba,3.595245,8.806783
5479,A hut on a shambles,1,22,Neighborhood,1.0754534,6.730746
5480,Vitaminka market in Wrocław,1,38,Market,1.4112257,5.5142913
5481,puddles,1,24,Rain,6.2176228,7.855763
5484,withered flowers,1,21,Garden,5.087111,9.894191
5485,beautiful greenery,1,21,Garden,5.3087325,9.712427
5486,Archers,1,11,Sport,-0.14887375,4.8595557
5487,hidden stairs,1,0,Steps,1.3290428,0.12904763
5488,Tourism,1,29,Culture,4.515486,1.6909257
5489,Exit,1,6,Porta,1.121726,4.3214264
5490,no passage,1,54,Dead,4.06071,4.776117
5492,Castle pond,1,23,Water,6.0474005,8.598044
5494,tir,1,58,Sorocaba,4.2578106,7.1634617
5496,no poverty,1,52,Lande,3.9106894,4.2362185
5497,lawn,1,21,Garden,5.283836,9.608697
5498,plants,1,21,Garden,5.17586,9.938304
5500,Stachu container house,1,22,Neighborhood,1.0044768,6.406737
5503,ducks,1,12,Birds,7.7857924,8.1917095
5504,fish,1,13,Pesce,7.1536455,8.84893
5505,Mud,1,46,Wells,5.0190887,6.7979527
5507,Harmonica,1,30,Music,7.3147097,1.308308
5508,silent hunter,1,2,Tranquillity,9.033941,6.3675404
5510,we don't bathe,1,23,Water,5.755907,8.178519
5511,Musician,1,30,Music,7.1946936,1.2776576
5513,Cyganka,1,58,Sorocaba,3.8414943,8.69907
5514,jessica,1,58,Sorocaba,3.2228303,8.147328
5516,Bakery on Bema Street,1,15,Restaurant,7.991817,10.180279
5517,EnglishNo ice cream on Bem,1,15,Restaurant,7.997598,9.819973
5520,Clinic on Pabianicka Street,1,42,Hospital,1.938832,3.9539204
5524,PCZ Sienkiewicza clinic58,1,42,Hospital,2.0136883,3.9300995
5525,Taxi,1,8,Car,-0.9572025,2.4261315
5542,water,1,23,Water,5.962241,8.374832
5544,Valerian Dominican,1,57,Paseo,2.531294,9.301656
5546,kids,1,17,Girls,3.0219114,1.6769959
5547,squab,1,58,Sorocaba,4.651161,7.460422
5550,galeria domikanska,1,57,Paseo,2.3472278,9.062176
5552,Oława Gate,1,6,Porta,1.087866,4.360781
5553,miniatures,1,34,Tactile,6.696661,5.4664745
5555,Noise,1,27,Ambient,8.14517,2.185197
5557,Package,1,52,Lande,3.2826421,4.0830464
5558,earth and tree,1,20,Tree,5.148098,10.384597
5559,Lodz,1,58,Sorocaba,4.1692004,7.1384387
5560,chicken liver,1,15,Restaurant,7.2551994,9.727414
5564,lost,1,54,Dead,4.087286,4.9138637
5567,Hotel Monopol,1,22,Neighborhood,0.66089743,6.649571
5568,Wrocław Opera,1,50,Venice,2.2493246,10.440981
5570,National Music Forum,1,30,Music,7.158319,1.2507014
5571,MUSEUM,1,28,Museum,5.5016646,1.2282412
5572,Restaurant food,1,15,Restaurant,7.4769826,10.354259
5573,Main Railway Station,1,3,Tram,-1.2401422,3.682055
5574,Temporary bus station,1,3,Tram,-1.4001039,3.0886292
5575,Nowa-Ruda Waterworks Plant,1,23,Water,5.9983287,8.365819
5577,Mienice place-for-a-bonfire,1,14,Bar,6.6722956,10.071449
5579,street musician,1,30,Music,7.1740146,1.3053979
5583,Fries,1,15,Restaurant,7.404191,9.872269
5588,Singers,1,31,Voices,6.9550366,2.1175845
5589,original song,1,31,Voices,7.0556216,1.8975619
5591,Mexico,1,57,Paseo,2.573067,9.347855
5593,Galeria Dominicana,1,57,Paseo,2.2723634,9.18002
5594,Toast,1,15,Restaurant,7.5096927,9.995128
5597,ice cream shop,1,15,Restaurant,8.03506,9.911779
5598,lato,1,58,Sorocaba,4.1346297,7.4336505
5601,City Hall,1,22,Neighborhood,0.614555,7.2843204
5603,Bar witek,1,14,Bar,6.4580436,9.918062
5604,Bookstore,1,47,Library,5.108006,3.027335
5606,Harbor,1,1,Maritime,-1.5940708,7.801119
5607,Bridge of lovers,1,32,Friendships,4.2868257,2.8696592
5613,restaurant,1,15,Restaurant,7.531545,10.457158
5615,Kalambur,1,58,Sorocaba,3.2164772,8.100687
5617,downtown,1,22,Neighborhood,0.69990224,7.393193
5618,Regards,1,43,Hallo,6.5573707,4.0846725
5623,steps,1,0,Steps,1.3667779,0.14235173
5624,Kamien,1,46,Wells,4.875486,6.989938
5625,mooring,1,1,Maritime,-1.5765736,7.8065424
5628,Polish hill,1,39,Hessischerrundfunk,2.6286716,7.094596
5629,Bird sculptures,1,12,Birds,7.845979,8.138207
5630,Museum,1,28,Museum,5.5184608,1.2075613
5631,ivy,1,21,Garden,5.1905913,9.979839
5632,Freedom oak,1,20,Tree,5.160012,10.285473
5634,Kamienna Góra,1,58,Sorocaba,3.0337155,8.465373
5635,Belts,1,45,Binary,3.611127,6.36956
5638,attractions,1,29,Culture,4.6355696,1.5847508
5639,art galleries,1,28,Museum,5.3995323,1.3944035
5641,Conference,1,29,Culture,4.928904,2.3544264
5642,Dominikański Square,1,57,Paseo,1.7338691,9.087107
5657,recording,1,27,Ambient,7.56043,1.9919482
5662,Historic building,1,22,Neighborhood,0.9039855,7.1930976
5668,salablu,1,58,Sorocaba,3.3298101,8.695458
5674,touchable,1,48,Touch,2.3519623,3.0175939
5675,wayfindin,1,33,Loges,3.7386065,2.712821
5680,Fishmonger,1,13,Pesce,7.1472073,8.85468
5687,devotion,1,40,Easter,0.40953198,9.643998
5688,religion,1,40,Easter,0.35035273,9.614036
5691,Second World War,1,52,Lande,4.5378428,4.411541
5693,Displaced people from Pula,1,48,Touch,2.663642,3.3157642
5694,barracks,1,22,Neighborhood,0.9140089,6.5833993
5700,Boat 5,1,1,Maritime,-1.5828973,7.794479
5704,fish,1,13,Pesce,7.162234,8.862838
5705,vegetables,1,18,Sugarcane,4.5626884,9.789591
5706,Ca' Dario,1,57,Paseo,2.7788267,9.337325
5709,Punta Customs,1,57,Paseo,1.9782892,9.536735
5710,landscapes,1,22,Neighborhood,1.9292526,7.0392876
5711,horizons,1,22,Neighborhood,1.9599682,6.9538
5715,Excavation,1,46,Wells,4.7795014,6.7128515
5716,Mori,1,58,Sorocaba,3.7320971,7.640656
5717,rioba,1,58,Sorocaba,4.2480383,7.4418716
5721,Tintoretto's house,1,50,Venice,2.2090588,10.128774
5724,porch,1,22,Neighborhood,1.2010806,6.5501194
5749,querini stampalia,1,58,Sorocaba,3.7109213,8.887026
5751,High water library,1,23,Water,6.061991,8.332795
5757,multiethnicity,1,52,Lande,4.1525197,4.2429314
5758,Pianoforte,1,30,Music,7.2168465,1.2238894
5774,sadness,1,54,Dead,4.5993657,4.983584
5778,Pure,1,54,Dead,4.3327546,4.9374533
5779,fish,1,13,Pesce,7.1511335,8.845354
5782,Villa Heriot,1,57,Paseo,2.446739,9.303553
5783,Civic centers,1,22,Neighborhood,0.76115006,7.184617
5784,Rio will hold,1,57,Paseo,2.198745,8.784487
5785,Tactile path,1,34,Tactile,6.7827005,5.659099
5790,organo,1,15,Restaurant,7.171706,9.645578
5794,rope,1,45,Binary,3.4895844,6.448548
5796,public baths,1,23,Water,5.8720536,8.201847
5805,inaccessible tactile paths,1,34,Tactile,6.8095417,5.689697
5810,cups,1,15,Restaurant,7.321582,10.311105
5813,move,1,4,Movement,0.7316495,2.3357565
5819,leather,1,45,Binary,3.5664232,6.4349256
5820,Try,1,56,Test,5.205404,5.2551074
5822,Salty,1,13,Pesce,7.1878724,9.289968
5825,Wig,1,58,Sorocaba,4.3179445,7.145476
5826,microphone,1,31,Voices,6.8331423,2.4596424
5827,hairy,1,58,Sorocaba,4.4660697,7.1501875
5828,hospitalw,1,42,Hospital,1.9862025,3.8045502
5830,Antony,1,58,Sorocaba,3.7133682,7.770577
5832,Legend,1,61,History,5.2913275,3.8542607
5833,Venetian legend,1,50,Venice,2.2636585,10.614279
5834,dark Venice,1,50,Venice,2.312755,10.575899
5835,Very serene,1,2,Tranquillity,9.077661,6.442519
5837,conzafelsi,1,58,Sorocaba,3.5527177,8.78771
5838,San Marco school,1,50,Venice,1.9721661,10.088134
5842,door,1,6,Porta,1.128886,4.4998446
5847,Hare Krishna,1,58,Sorocaba,3.6542861,7.529441
5848,dances,1,4,Movement,1.4046822,2.1212478
5849,Gressan,1,58,Sorocaba,3.6289802,7.7569017
5853,Railway,1,3,Tram,-1.1275935,3.5268128
5857,cart,1,37,Shop,1.7696952,5.4596705
5858,conad,1,58,Sorocaba,4.0839653,7.709079
5860,Position,1,22,Neighborhood,1.5899363,7.217127
5867,clinics,1,42,Hospital,2.0021834,3.8859308
5868,Rest area,1,2,Tranquillity,9.071847,6.8519664
5869,Saint James,1,41,Iglesia,0.71122795,9.875833
5871,point of interest,1,52,Lande,4.6586313,4.2229404
5872,guerra,1,52,Lande,4.597828,4.4653716
5889,wisteria,1,58,Sorocaba,3.772632,8.0856695
5891,marin faliero,1,58,Sorocaba,3.545572,8.929248
5892,colleoni,1,58,Sorocaba,3.7293289,8.488211
5893,Boat 4.1,1,1,Maritime,-1.5310043,7.7326283
5895,gateway,1,6,Porta,1.1749067,4.2936516
5896,Photo,1,35,Art,7.6235647,5.2059603
5897,Shop.forcole.remi#,1,37,Shop,1.8960378,5.4442873
5899,station,1,3,Tram,-1.2386646,3.7182887
5910,Antiques,1,28,Museum,5.5227447,1.5601109
5911,terraces,1,22,Neighborhood,1.6437488,6.7912793
5923,Ropemaking,1,45,Binary,3.2966938,6.279033
5928,cautions,1,51,Caution,2.935535,4.440016
5931,trolley,1,3,Tram,-1.1168576,3.3402543
5939,new road,1,8,Car,-0.5747784,2.121439
5943,Frenzy,1,56,Test,5.428447,5.2485776
5945,Scooter,1,7,Bike,-0.30438325,2.935223
5946,Fried,1,15,Restaurant,7.3253,9.7980175
5947,liver,1,15,Restaurant,7.195224,9.674275
5948,Auditorium,1,30,Music,6.6598744,1.1420798
5950,Canto,1,57,Paseo,2.9657097,9.306562
5952,blind.wiki project,1,36,Vision,7.776044,4.1620812
5953,South lagoon,1,23,Water,5.589424,8.462638
5957,Construction sites,1,22,Neighborhood,1.7256724,6.4042935
5976,pigeons,1,12,Birds,7.8033714,8.206955
5979,laundry,1,44,Works,2.734157,6.073367
5983,Music Museum,1,30,Music,6.7710004,1.1319981
5986,welcome,1,43,Hallo,6.591941,4.0555325
5987,Arsenal door,1,6,Porta,1.0715846,4.4862146
5995,gondola with roof,1,1,Maritime,-1.6648508,7.8587837
5996,gondola,1,1,Maritime,-1.7035716,7.896425
6001,corner,1,9,Streets,-0.34245834,1.5763546
6002,tactile sculpture,1,34,Tactile,7.037784,5.715669
6003,fried smell,1,15,Restaurant,7.2602587,9.689406
6004,screaming child,1,17,Girls,3.0152123,1.7290486
6005,prima,1,60,Mislata,5.9957185,4.3638606
6006,Campanella,1,58,Sorocaba,3.4340143,9.118395
6007,duomo,1,58,Sorocaba,3.7108343,7.415173
6008,murano,1,58,Sorocaba,3.3505397,8.904887
6009,Voicing,1,60,Mislata,5.459772,4.6472135
6010,osmiza,1,58,Sorocaba,3.599747,8.756441
6011,spring evening,1,24,Rain,6.179979,7.380079
6013,New version,1,52,Lande,3.4474711,4.0679793
6014,association,1,32,Friendships,4.1804066,2.9239233
6015,uici,1,22,Neighborhood,1.3405747,7.280884
6020,pastry shops,1,15,Restaurant,7.96222,10.188991
6022,Fiori,1,21,Garden,4.9679556,9.877984
6023,florists,1,21,Garden,5.0061975,9.819904
6029,Decorations,1,35,Art,7.7002277,5.525628
6031,registration,1,52,Lande,3.514085,4.0682015
6032,Frari church,1,41,Iglesia,0.69616205,9.799139
6037,pedotactile path,1,33,Loges,3.9000916,2.4385383
6040,Tolentini library,1,47,Library,5.2850103,3.1494982
6047,sanrocco,1,50,Venice,2.0591848,9.977474
6056,Hugs,1,32,Friendships,4.367395,2.9583716
6060,nightlife,1,26,Night,6.821593,7.1497517
6062,outdoor terraces,1,22,Neighborhood,1.6032751,6.845412
6064,noia,1,17,Girls,3.0368333,1.7213396
6066,You sing,1,31,Voices,6.9563856,2.1870282
6067,group,1,32,Friendships,4.063058,2.9348116
6070,ferro,1,45,Binary,3.644305,6.322036
6071,step,1,0,Steps,1.3861897,0.16314399
6072,silences,1,2,Tranquillity,9.062447,6.309413
6073,empty calluses,1,54,Dead,3.9593937,4.883349
6078,seats,1,22,Neighborhood,0.33762088,5.9503164
6080,Directions,1,32,Friendships,4.055984,3.06104
6084,porte,1,6,Porta,1.1755022,4.445162
6089,street lamps,1,25,Audible,7.4448395,7.051152
6092,abandoned,1,54,Dead,4.093361,4.927009
6094,shadow,1,26,Night,6.752854,7.2115846
6097,street lamp,1,25,Audible,7.475934,7.0525765
6098,Routes,1,33,Loges,3.8408382,2.5385098
6100,shop windows,1,37,Shop,2.0824127,5.511505
6112,two column restaurant,1,15,Restaurant,7.513266,10.48848
6115,Vintage shop,1,37,Shop,2.0655153,5.4394865
6117,Architectures,1,22,Neighborhood,1.2610457,6.6632276
6118,Locanda Fiore,1,58,Sorocaba,3.4549196,8.979866
6127,Tactile,1,34,Tactile,6.9072385,5.7397823
6134,barriers,1,53,Obstacle,3.7047923,5.321346
6135,Banks,1,44,Works,2.8077881,5.7623477
6140,Ferry,1,1,Maritime,-1.6449054,7.8435855
6142,Porticoes,1,5,Wall,1.091409,4.6617184
6149,tattoo studio,1,35,Art,7.723053,5.481312
6150,buzz,1,27,Ambient,8.096604,2.2405574
6161,wall,1,5,Wall,0.81414545,4.776047
6162,streets for everyone,1,9,Streets,-0.22836384,1.6350135
6165,frari basilica,1,41,Iglesia,0.75062454,9.865183
6167,Ticket station,1,3,Tram,-1.2136475,3.6362524
6169,Mocenigo Palace,1,50,Venice,2.1658435,10.002048
6170,basilica,1,41,Iglesia,0.7603509,9.834632
6171,horse lodge,1,22,Neighborhood,0.95882,6.5767655
6172,chainsaw,1,45,Binary,3.3624418,6.1819267
6176,Coffee breakfast bar,1,15,Restaurant,7.4425926,10.4222975
6178,university,1,16,Humboldt,3.2679582,0.7859711
6182,nothing special,1,54,Dead,4.289027,4.7752542
6183,but good,1,60,Mislata,6.2405014,4.2919445
6184,car,1,8,Car,-0.9237761,2.3423564
6185,radio,1,27,Ambient,7.6127586,1.7063124
6186,yes,1,60,Mislata,5.903717,4.300036
6187,Riva degli Schiavoni,1,58,Sorocaba,3.253819,8.019739
6190,Chill,1,24,Rain,5.878355,7.360951
6191,gardens avenue benches,1,10,Parc,-0.87817127,5.7346883
6194,Views,1,36,Vision,7.4570594,4.713433
6200,green spaces,1,19,Nature,5.037845,9.07256
6202,barrier,1,53,Obstacle,3.6891978,5.3170524
6203,Green clearing,1,19,Nature,5.0600715,9.182837
6213,veneto,1,50,Venice,2.3636763,10.473006
6220,dead,1,54,Dead,4.17115,5.077281
6225,outdoor tables,1,15,Restaurant,7.1617503,10.457687
6227,tight,1,55,Sole,4.419123,6.550734
6229,balustrade,1,5,Wall,0.72815573,4.8080764
6230,Pharmacy,1,37,Shop,1.9222497,5.3060474
6233,water danger 10 meters,1,23,Water,5.9234653,8.395488
6234,assessor,1,52,Lande,3.9748511,3.9386964
6235,municipality of Venice,1,50,Venice,2.2682858,10.568965
6236,balcony,1,22,Neighborhood,1.3228685,6.5912266
6238,madonna,1,58,Sorocaba,3.1673977,8.4642315
6239,altar,1,40,Easter,0.39801523,9.599277
6241,brick wall,1,5,Wall,0.8109867,4.7804575
6245,creations,1,34,Tactile,6.653782,5.5236573
6251,institutes,1,16,Humboldt,3.245737,0.8210894
6254,CaFoscari,1,58,Sorocaba,3.5193162,9.0510435
6257,well in the center,1,29,Culture,4.824822,2.0188875
6260,merci,1,43,Hallo,6.5671678,4.046181
6261,gate,1,6,Porta,1.1524878,4.3602605
6264,lunch,1,15,Restaurant,7.2650094,10.167384
6274,classical high school,1,16,Humboldt,3.2009332,0.9168241
6278,be careful of the steps,1,0,Steps,1.363065,0.13783422
6279,Cicchetti,1,58,Sorocaba,3.5925353,9.018899
6284,Walls,1,5,Wall,0.8313539,4.760557
6286,S. Barnabas,1,41,Iglesia,0.7754463,9.941222
6292,90s,1,60,Mislata,5.196202,4.225452
6296,sweets,1,15,Restaurant,7.8807273,9.790721
6297,take away,1,54,Dead,4.243206,4.8308864
6298,play,1,11,Sport,-0.12922847,4.9522176
6300,new river,1,23,Water,5.987148,8.536861
6302,Saint Barnaba,1,41,Iglesia,0.69055843,9.891176
6304,verde,1,19,Nature,5.0232744,9.150483
6305,leaves,1,20,Tree,5.1164503,10.308374
6306,Saint Jeremiah,1,41,Iglesia,0.5746735,9.81252
6307,Skyline,1,22,Neighborhood,1.891667,6.940516
6310,Saint Benedict,1,41,Iglesia,0.67977047,9.878091
6311,Palazzo,1,50,Venice,2.3232584,10.297929
6314,Boxing Day,1,11,Sport,-0.24193782,4.8926883
6318,conservatory,1,30,Music,7.1695747,1.155058
6319,Rio will be,1,57,Paseo,2.1821156,8.798907
6320,branch,1,20,Tree,5.123514,10.496195
6321,Outskirts,1,22,Neighborhood,1.6020265,7.169881
6330,Green space,1,19,Nature,5.03943,9.045893
6333,confine,1,53,Obstacle,3.7719579,5.2059536
6334,picturesque,1,22,Neighborhood,1.9498594,7.0249085
6350,Dornbusch,1,39,Hessischerrundfunk,2.8119178,6.983412
6351,bakery,1,15,Restaurant,7.973376,10.197546
6352,HessischerRundfunk,1,39,Hessischerrundfunk,2.6970215,6.876785
6353,HR,1,44,Works,2.8707702,5.410396
6355,Venetians,1,50,Venice,2.3156402,10.563847
6357,turtles,1,13,Pesce,7.2080746,8.74546
6359,cut grass,1,21,Garden,5.271508,9.596807
6360,clothes hanging,1,44,Works,2.7057111,6.0828176
6361,tale,1,31,Voices,6.314207,2.9995472
6362,daisies,1,21,Garden,4.9123955,9.708871
6364,mothers,1,17,Girls,3.2244635,2.167738
6371,musicians,1,30,Music,7.167927,1.277178
6374,Illustrations,1,35,Art,7.6449265,5.2162952
6375,exhibitions,1,28,Museum,5.1580496,1.5302216
6379,vino,1,14,Bar,6.41588,9.8963175
6380,dentist,1,42,Hospital,2.2214067,3.9641845
6381,college,1,16,Humboldt,3.215725,0.85810447
6382,concerts,1,30,Music,6.9251523,1.2001747
6383,patronage,1,52,Lande,3.952832,4.1712346
6384,facade,1,34,Tactile,6.793253,5.5570016
6385,Residences,1,22,Neighborhood,0.74073577,6.7587295
6386,fireplaces,1,14,Bar,6.605547,9.999169
6388,classrooms,1,16,Humboldt,3.3202987,0.92770875
6389,Prisons,1,22,Neighborhood,0.8225643,6.5459476
6391,dizziness,1,59,Sensations,6.3463283,4.8324504
6392,Illness,1,42,Hospital,2.4025235,3.9349623
6393,Friendships,1,32,Friendships,4.2680693,2.879566
6395,steps,1,0,Steps,1.3884752,0.16548936
6396,gatti,1,12,Birds,7.6971517,8.241095
6397,deposit,1,44,Works,2.8082566,5.63275
6398,Area,1,22,Neighborhood,1.6658653,7.387856
6401,wine bars,1,14,Bar,6.4527793,9.932439
6402,pier,1,1,Maritime,-1.5892389,7.8094487
6404,Teacher,1,16,Humboldt,3.3106196,0.9560375
6405,Arpa,1,58,Sorocaba,3.6250806,8.363062
6407,Feltrinelli,1,58,Sorocaba,3.4491777,9.061747
6412,TreOci,1,58,Sorocaba,3.8692417,8.614709
6414,Fisola bag swimming pool,1,23,Water,5.9046683,8.340351
6415,Prato,1,57,Paseo,3.0927808,9.25885
6417,Prado,1,57,Paseo,2.8605263,9.321938
6419,soccer camp,1,11,Sport,-0.3371193,5.088697
6420,daisy,1,21,Garden,4.8686333,9.685862
6422,painting,1,35,Art,7.7214413,5.4202
6423,Paintings,1,35,Art,7.7460475,5.4599743
6426,terrace,1,22,Neighborhood,1.5456461,6.6920476
6427,leone,1,12,Birds,7.3015604,8.224625
6430,Boat,1,1,Maritime,-1.6137414,7.8229566
6431,sound,1,27,Ambient,7.879505,1.9901454
6432,Building,1,22,Neighborhood,1.076765,6.812516
6433,colour,1,35,Art,7.500788,5.312651
6435,children,1,17,Girls,3.0259936,1.6766168
6436,cat,1,12,Birds,7.6520143,8.2618685
6438,Venice,1,50,Venice,2.280298,10.616251
6439,Aperitif,1,15,Restaurant,7.3846617,9.8856945
6440,feast,1,15,Restaurant,7.3937254,9.926396
6441,plague,1,42,Hospital,2.4833102,4.089678
6442,Palladio,1,58,Sorocaba,3.3834045,8.701959
6443,Maze,1,53,Obstacle,3.8414934,5.335651
6445,fried,1,15,Restaurant,7.3495626,9.789689
6446,pollen,1,21,Garden,4.9696064,9.91985
6450,Nice bar,1,14,Bar,6.4679484,9.953969
6454,leisure,1,2,Tranquillity,9.034033,6.774991
6455,Owl,1,12,Birds,7.776968,8.175645
6460,basketball court,1,11,Sport,-0.27517956,4.9911637
6462,swing,1,11,Sport,-0.4365542,5.130304
6463,bench,1,10,Parc,-0.8801233,5.6811137
6467,military,1,52,Lande,4.3816094,4.4206796
6468,tall grass,1,21,Garden,5.2938766,9.597797
6470,Dogs,1,12,Birds,7.2611203,8.048944
6472,Nocturnal environments,1,26,Night,6.7938595,7.2374783
6473,Building,1,22,Neighborhood,1.1112969,6.8014207
6474,Stadio,1,11,Sport,-0.28316924,4.979608
6475,Surfaces,1,34,Tactile,6.630108,5.658468
6479,docking,1,1,Maritime,-1.5892786,7.797462
6480,first aid,1,42,Hospital,2.3984592,3.8870878
6481,First aid kit,1,42,Hospital,2.4218218,3.8924098
6482,Cruise ships,1,1,Maritime,-1.6457428,7.845444
6484,Ports,1,1,Maritime,-1.55934,7.757761
6485,Cruise,1,1,Maritime,-1.6974028,7.8868456
6487,concessions,1,52,Lande,3.7403426,4.12289
6488,moonlight,1,26,Night,6.7356257,7.216012
6491,spaces,1,22,Neighborhood,2.0119927,7.3377743
6496,fisola bag,1,44,Works,2.5925307,5.9889226
6497,Calm,1,2,Tranquillity,9.087907,6.483444
6500,Ilton,1,58,Sorocaba,4.127128,7.607482
6501,Stucchi mill,1,58,Sorocaba,3.8552577,8.728613
6502,Distributor,1,37,Shop,2.0388818,5.360527
6503,cruise ship,1,1,Maritime,-1.6468941,7.8419857
6506,Waterford Ireland River,1,23,Water,6.0445323,8.700153
6508,Pitura fresco,1,18,Sugarcane,4.4668474,9.669912
6510,reggae,1,30,Music,7.199508,1.4302753
6513,Hello,1,43,Hallo,6.6840587,3.935179
6515,tester,1,56,Test,5.049841,5.497074
6516,prova2,1,56,Test,4.9990654,5.3832445
6517,disaster2,1,53,Obstacle,4.0325656,5.2213564
6518,witness,1,36,Vision,7.446727,4.3145833
6520,Prova abdroid,1,56,Test,5.101929,5.308708
6522,WAV,1,55,Sole,4.127488,6.464742
6524,Currywurst,1,15,Restaurant,7.3155966,9.836121
6525,Spicy,1,15,Restaurant,7.040246,9.671018
6526,Ravenna Art Gallery,1,35,Art,7.78601,5.4621005
6527,Tolentini,1,60,Mislata,5.5605273,4.6290684
6529,laundry,1,44,Works,2.730492,6.0902014
6530,stationery bookshop,1,47,Library,5.0440016,3.012787
6534,Barber,1,58,Sorocaba,3.9738805,7.1204195
6535,fast food,1,15,Restaurant,7.4468946,10.199108
6537,Release,1,51,Caution,3.270029,4.1327724
6539,frescoes,1,35,Art,7.7308984,5.4603853
6541,paintings,1,35,Art,7.7544975,5.4755206
6546,Sala,1,22,Neighborhood,0.65542287,6.229785
6548,podotactile paths,1,33,Loges,3.9036994,2.4672024
6550,hedges,1,21,Garden,5.291187,9.918882
6553,umbrellas,1,24,Rain,6.261394,7.631624
6554,Money,1,44,Works,2.7915938,5.2939844
6555,Path,1,33,Loges,3.907878,2.4691536
6556,Blue moon,1,26,Night,6.585016,7.2322817
6557,bath,1,23,Water,5.7142324,8.150446
6559,steps,1,0,Steps,1.3428189,0.12544054
6561,stops,1,54,Dead,4.461694,4.9578066
6562,Grand Hotel Des Bains,1,22,Neighborhood,0.6958912,6.805659
6563,Death in Venice,1,50,Venice,2.2405791,10.636034
6564,Death in Venice,1,50,Venice,2.2537506,10.638623
6565,Bus stops,1,3,Tram,-1.4261631,3.02383
6566,Landscape,1,22,Neighborhood,1.9064887,7.0268307
6567,noise,1,27,Ambient,8.134198,2.1791394
6568,where,1,22,Neighborhood,1.5095582,7.3638124
6569,Downpour,1,24,Rain,6.266617,7.668584
6570,summer storm,1,24,Rain,6.145211,7.4763584
6571,shelter,1,22,Neighborhood,0.9255883,6.611159
6572,porches,1,22,Neighborhood,1.2444167,6.4766803
6573,ice cream shop,1,15,Restaurant,8.043425,9.900799
6574,Market,1,38,Market,1.3488169,5.380783
6575,used,1,61,History,5.2363343,3.8302248
6578,shopping,1,37,Shop,1.9886824,5.470175
6579,accordion,1,30,Music,7.300838,1.2718985
6582,treatment,1,42,Hospital,2.2071524,3.877993
6583,Punta della Dogana,1,57,Paseo,1.9635718,9.4966345
6584,Game,1,11,Sport,-0.1036236,4.932588
6587,glasses,1,36,Vision,7.485005,4.587393
6588,aperitifs,1,15,Restaurant,7.562585,9.990754
6589,fried seafood,1,15,Restaurant,7.272014,9.614483
6590,appetizers,1,15,Restaurant,7.4783125,9.985902
6591,chocolate,1,15,Restaurant,7.8528523,9.823421
6592,fritters,1,15,Restaurant,7.3848305,9.832099
6594,food,1,15,Restaurant,7.376529,9.945131
6597,Flowerbed,1,21,Garden,5.1318297,9.934223
6598,gioia,1,59,Sensations,6.359592,4.796875
6599,after school,1,16,Humboldt,3.2088282,0.95309645
6600,rains,1,24,Rain,6.3279867,7.70604
6601,Mobile displays,1,48,Touch,2.5078244,3.1169167
6602,jw.org,1,49,Accessible,3.3349175,3.4003425
6604,Erfurt,1,39,Hessischerrundfunk,2.6505752,6.841068
6605,gespa esplanade,1,58,Sorocaba,4.5791793,7.422617
6608,malcanton river,1,23,Water,5.972189,8.5504875
6609,Campiello fly,1,58,Sorocaba,3.505588,9.077052
6611,piedra,1,46,Wells,5.0426464,6.97286
6612,steps,1,0,Steps,1.3784246,0.15544298
6615,pavellon,1,58,Sorocaba,4.3708677,7.3324213
6616,USA,1,52,Lande,4.448986,4.2721267
6620,stones,1,46,Wells,5.0537024,6.9901567
6621,usa>Israel,1,52,Lande,4.363905,4.409745
6622,bookshop,1,47,Library,5.1005635,3.0016668
6624,disabled,1,49,Accessible,2.8743412,3.465817
6625,Stones,1,46,Wells,5.0559754,6.9763613
6626,sound,1,27,Ambient,7.888224,2.0037053
6627,I walk,1,4,Movement,0.5878942,2.21079
6628,passable,1,49,Accessible,3.3074584,3.1592941
6629,Israel,1,52,Lande,4.4171195,4.4296913
6630,Refreshment,1,15,Restaurant,7.4928613,10.063502
6633,press release,1,51,Caution,3.0949953,4.396965
6634,juan calzadilla,1,57,Paseo,2.7795253,9.176143
6635,drawings,1,35,Art,7.644721,5.316806
6638,cement,1,46,Wells,4.926136,6.8271255
6639,coexistence,1,52,Lande,4.026774,3.9977942
6642,safety,1,51,Caution,2.9104216,4.402115
6643,trieste,1,50,Venice,2.3522644,10.493369
6644,vent,1,60,Mislata,5.5673165,4.681715
6645,wide street,1,9,Streets,-0.30702323,1.691806
6646,works,1,44,Works,2.8275566,5.545217
6647,historic building,1,22,Neighborhood,0.89327484,7.2332125
6650,table,1,15,Restaurant,7.2220902,10.527145
6652,Sound atmosphere,1,27,Ambient,7.981075,2.068435
6656,cicadas,1,58,Sorocaba,3.540002,9.123112
6657,nit,1,26,Night,6.786886,7.1252313
6658,Free Wi Fi,1,49,Accessible,3.22491,3.4080398
6660,Wassenberg,1,39,Hessischerrundfunk,2.770844,6.9723597
6661,living room,1,22,Neighborhood,0.606859,6.2676406
6662,relax,1,2,Tranquillity,9.074702,6.726377
6663,watch TV,1,11,Sport,-0.01625146,5.186655
6672,stone walls,1,5,Wall,0.7831767,4.8182354
6673,wires,1,45,Binary,3.4777687,6.1225266
6674,Paths,1,33,Loges,3.924349,2.4987123
6677,sinkholes,1,46,Wells,4.942935,6.7076735
6679,reverberation,1,27,Ambient,8.082852,2.1647458
6683,Turbos metal,1,45,Binary,3.448879,5.996567
6684,Walls,1,5,Wall,0.81031704,4.779261
6688,bars,1,14,Bar,6.4234605,9.948256
6689,The road is very small,1,9,Streets,-0.38205075,1.5984085
6691,wide sidewalks,1,9,Streets,-0.19058064,1.7291725
6693,autos,1,8,Car,-0.94580626,2.3732498
6694,車子多,1,8,Car,-0.8854462,2.3253477
6695,Parking,1,3,Tram,-1.2058885,2.838243
6696,路況,1,8,Car,-0.8014299,2.311494
6697,停車場，出入口,1,3,Tram,-1.2208462,2.874994
6700,blue house,1,22,Neighborhood,0.7813516,6.590884
6701,paredes,1,5,Wall,0.80975395,4.768978
6702,Motorcycles going uphill,1,7,Bike,-0.372234,2.8656323
6711,hierro,1,58,Sorocaba,3.7559662,8.264282
6712,City hall,1,22,Neighborhood,0.58977586,7.2511935
6714,ambient sounds,1,27,Ambient,7.977653,2.0851138
6716,hairdressers,1,58,Sorocaba,4.0122275,7.126969
6718,niñxs,1,17,Girls,3.071182,1.7283373
6719,Containers,1,44,Works,2.5887501,6.0839477
6720,Roofs,1,22,Neighborhood,1.287116,6.572125
6722,street lamp,1,25,Audible,7.4523687,7.052511
6723,Recycle,1,44,Works,2.8409762,6.0801334
6725,We are,1,60,Mislata,5.760771,4.3048816
6729,Congratulations,1,43,Hallo,6.5763555,4.0800385
6732,EC3 Minorities,1,52,Lande,4.1292334,4.221098
6733,Tower Gateway DLR Station,1,3,Tram,-1.1295649,3.6963668
6735,Great Tower Street,1,22,Neighborhood,0.8319035,7.364243
6736,Monument underground station,1,3,Tram,-0.874713,3.7728295
6737,Frenchurch street,1,22,Neighborhood,0.7362241,7.8284793
6738,Leadenhall market,1,38,Market,1.3318831,5.4201417
6739,Liverpool Street Station,1,3,Tram,-1.2413858,3.7264934
6740,Spitalfields market,1,38,Market,1.3095014,5.3920264
6742,Toynbee Hall,1,10,Parc,-0.75402826,5.525792
6743,More London,1,22,Neighborhood,0.65024734,7.364229
6746,lectures,1,16,Humboldt,3.5544758,1.0955263
6750,german,1,39,Hessischerrundfunk,2.6373262,6.79471
6751,Railroad station,1,3,Tram,-1.1931101,3.6956098
6752,Zug,1,3,Tram,-1.1709423,3.56019
6753,Deutsch,1,39,Hessischerrundfunk,2.6755133,6.863692
6754,bühlstr,1,39,Hessischerrundfunk,2.7637525,6.8827276
6758,What,1,61,History,5.2984285,3.9380348
6760,Museum,1,28,Museum,5.509392,1.2251253
6761,Berlin,1,39,Hessischerrundfunk,2.4995718,6.597048
6763,Old town,1,22,Neighborhood,0.9937858,7.2929077
6768,Well there's a bicycle,1,7,Bike,-0.38415688,2.8640687
6782,Botanical garden,1,21,Garden,5.279953,9.875465
6791,classroom,1,16,Humboldt,3.3406878,0.9169622
6800,listen,1,31,Voices,6.544556,2.8191655
6801,Sunset,1,24,Rain,6.4041815,7.315818
6803,skating,1,4,Movement,1.3626071,2.2323194
6805,banda,1,30,Music,7.122536,1.3091098
6806,Sing,1,31,Voices,6.9480724,2.1715488
6807,flamenco,1,57,Paseo,2.6396828,9.282445
6811,Marina,1,1,Maritime,-1.4522399,7.818058
6812,parrots,1,12,Birds,7.8132215,8.187338
6815,flags,1,52,Lande,4.174333,4.2891526
6823,The sands,1,23,Water,5.5014086,8.28101
6831,whispers,1,2,Tranquillity,9.042105,6.256947
6832,company,1,44,Works,2.743915,5.216315
6837,fish market,1,13,Pesce,7.114827,8.856867
6839,sensations,1,59,Sensations,6.2332525,4.8017793
6841,amplitude,1,27,Ambient,8.181916,2.2248805
6845,Touch,1,48,Touch,2.3093731,2.9489589
6850,play area,1,10,Parc,-0.7052527,5.3651667
6851,Drill,1,46,Wells,4.8032417,6.7760587
6856,soccer field,1,11,Sport,-0.26713413,4.9968004
6858,listen,1,31,Voices,6.503776,2.8511472
6864,Torrent,1,49,Accessible,3.2317781,3.4337428
6867,history of Valencia,1,57,Paseo,1.9420397,9.379483
6869,machinery,1,45,Binary,3.2621653,5.906859
6871,bran,1,58,Sorocaba,4.1480694,7.3754516
6872,Rice Museum,1,28,Museum,5.473975,1.1778189
6873,sounds,1,27,Ambient,7.849365,2.0281234
6877,workshop,1,44,Works,2.9420366,5.567988
6878,country cake,1,15,Restaurant,7.825075,9.940467
6880,Musical Theater,1,30,Music,6.8293476,1.1591921
6881,Guitar,1,30,Music,7.2012086,1.2563049
6889,Helat,1,58,Sorocaba,4.0342298,7.2087393
6891,veins,1,58,Sorocaba,4.0861883,7.748368
6893,Vain,1,54,Dead,4.3459797,4.9540844
6897,Houses of Cabanyal,1,22,Neighborhood,1.0858469,7.5335555
6898,broken,1,54,Dead,4.246099,5.1019397
6904,start of route,1,33,Loges,3.813735,2.5681164
6906,buildings,1,22,Neighborhood,0.8882961,7.1061177
6907,gentrification,1,22,Neighborhood,0.66240126,7.3810186
6908,Smuggling,1,38,Market,1.3797874,5.4526763
6909,stories from Cabanyal,1,57,Paseo,2.2136834,9.197667
6916,contreras,1,58,Sorocaba,3.8567529,8.474391
6926,citrus,1,18,Sugarcane,4.4031153,9.877857
6927,botanical garden,1,21,Garden,5.3114486,9.9257345
6930,doves,1,12,Birds,7.748422,8.198197
6933,musicians,1,30,Music,7.160878,1.2623844
6934,monumental trees,1,20,Tree,5.0670333,10.514762
6936,selva,1,57,Paseo,2.3762395,8.921711
6937,dear of the Moor,1,58,Sorocaba,3.4229589,8.528644
6938,porches,1,22,Neighborhood,1.2070267,6.4710536
6941,alert,1,51,Caution,3.0129447,4.4149685
6942,chairs,1,22,Neighborhood,0.42151305,6.0434194
6943,mesas,1,15,Restaurant,7.260116,10.44425
6944,penumbra,1,26,Night,6.7063227,7.2383723
6951,central market,1,38,Market,1.4314494,5.3578067
6957,Shipyards,1,1,Maritime,-1.6467922,7.808701
6958,exhibition,1,28,Museum,5.1251717,1.5945421
6960,space,1,22,Neighborhood,2.0442128,7.3417487
6967,bar kitchen,1,14,Bar,6.578745,9.969076
6971,Green house,1,22,Neighborhood,0.91880083,6.6571636
6973,reforms,1,52,Lande,3.7612507,4.2330728
6975,green house,1,22,Neighborhood,0.8556417,6.693106
6976,Museo Muving,1,28,Museum,5.505773,1.2085485
6977,history of the Velluter neighborhood,1,22,Neighborhood,1.0002956,7.3831797
6980,game,1,11,Sport,-0.12659729,4.957423
6988,In the moving garden it is,1,21,Garden,5.3246365,9.90812
6989,Capitulet Chapel,1,40,Easter,0.30036882,9.530348
6991,ceda palace,1,22,Neighborhood,0.96975565,7.3970203
6992,North Station,1,3,Tram,-1.1837292,3.7618604
6993,valencia,1,57,Paseo,2.0094218,9.394045
6995,sports courts,1,11,Sport,-0.26866618,4.9214272
6997,car lanes,1,8,Car,-0.782885,2.2998497
6999,and car lanes,1,8,Car,-0.80245197,2.3083024
7000,poorly located traffic light,1,25,Audible,7.488533,7.038939
7001,accessibility,1,49,Accessible,3.2603917,3.08029
7004,sailboat,1,1,Maritime,-1.6294433,7.8394685
7006,outside Port of Valencia,1,57,Paseo,1.9476213,9.421749
7007,aboard the Albert,1,1,Maritime,-1.60776,7.8076735
7010,third,1,60,Mislata,5.2488103,4.511442
7012,candies,1,15,Restaurant,7.937376,9.889411
7013,shopping,1,37,Shop,1.9688069,5.4847536
7016,nurseries,1,21,Garden,5.1129093,9.809889
7017,Primer hospital,1,42,Hospital,1.9566232,3.8332531
7019,In Valencia,1,57,Paseo,1.884778,9.432928
7021,Old hospital history,1,42,Hospital,1.9515513,3.8314574
7028,barrio,1,57,Paseo,1.7303534,8.966502
7030,Hole,1,46,Wells,4.9701066,6.7155595
7032,urbanism,1,22,Neighborhood,0.67326343,7.4115877
7033,tangle,1,58,Sorocaba,4.1819954,7.0469394
7034,abandoned territory,1,22,Neighborhood,1.8771111,7.083398
7035,Murals,1,35,Art,7.772387,5.4734454
7036,casas,1,22,Neighborhood,0.75913835,6.581827
7037,Launcher,1,49,Accessible,2.904794,3.41357
7039,San Vicente de la Roqueta,1,57,Paseo,2.1670098,9.42692
7043,Mislata,1,60,Mislata,5.567695,4.489209
7047,ancient palm tree,1,20,Tree,5.004898,10.3639965
7049,museum dome,1,28,Museum,5.5358853,1.2341256
7051,riverbed,1,23,Water,5.9583874,8.461617
7054,central park,1,10,Parc,-0.9782145,5.658894
7059,rivers,1,23,Water,5.9680986,8.493964
7061,animals,1,12,Birds,7.200729,8.058098
7062,boats,1,1,Maritime,-1.6291988,7.8374815
7063,heritage,1,61,History,5.0413938,3.9611595
7064,walkers,1,4,Movement,0.60494816,2.2411206
7065,associations,1,32,Friendships,4.212865,2.9219942
7066,agglomeration,1,55,Sole,4.112663,6.334105
7067,Ice cream,1,15,Restaurant,8.011911,9.838974
7068,colors,1,35,Art,7.5640426,5.32032
7069,Graffiti,1,35,Art,7.819697,5.498276
7070,Teenagers,1,17,Girls,3.0863647,1.4583051
7071,Tree,1,20,Tree,5.1163726,10.487245
7072,paradise,1,24,Rain,5.7223735,7.534845
7074,The Arab wall,1,5,Wall,0.7936822,4.767399
7075,the christian wall,1,5,Wall,0.8628382,4.715979
7076,piarist school,1,16,Humboldt,3.1211352,0.99754703
7078,christian wall door,1,6,Porta,1.06058,4.5202103
7080,defense,1,51,Caution,3.1646247,4.492528
7081,Torres de Quart,1,57,Paseo,2.7897925,9.161561
7084,Botanical part one,1,21,Garden,5.2069993,9.886727
7085,Botanical,1,21,Garden,5.1929083,9.868383
7086,garden,1,21,Garden,5.3033204,9.885906
7087,Mall,1,37,Shop,1.936402,5.5481896
7088,christmas shopping,1,37,Shop,1.9115998,5.521595
7096,Ratb station 104,1,3,Tram,-1.2791777,3.7746108
7097,Atardecer a Of peru,1,57,Paseo,2.4334924,9.328034
7098,Vina del Mar,1,57,Paseo,2.1510384,9.51571
7099,is,1,60,Mislata,5.7127624,4.243288
7100,home,1,22,Neighborhood,0.68850297,6.436442
7101,Urbino,1,58,Sorocaba,3.8224308,8.255915
7111,Afragola,1,58,Sorocaba,3.6307218,8.702253
7125,Sobieszewo,1,58,Sorocaba,3.9609566,7.364156
7138,finally,1,60,Mislata,5.733205,4.5633745
7142,railway complex,1,3,Tram,-1.1399095,3.599312
7144,Work,1,44,Works,2.8411531,5.4941025
7146,Facens University Center,1,16,Humboldt,3.2288637,0.7820135
7150,it does not have,1,54,Dead,4.2003922,4.896335
7154,wheelchair users,1,49,Accessible,2.7077308,3.4417887
7155,Coffee,1,15,Restaurant,7.4787436,10.243046
7157,saccoman,1,58,Sorocaba,3.8285646,7.9040375
7158,Dorenauil,1,58,Sorocaba,3.4771838,8.171154
7174,rehabilitation,1,42,Hospital,2.2748063,3.7861683
7176,Coco natural,1,18,Sugarcane,4.4177184,9.891272
7178,banana,1,18,Sugarcane,4.360418,9.918369
7179,fruits,1,18,Sugarcane,4.407446,9.891898
7184,sensory experience,1,59,Sensations,6.267407,4.707714
7185,Jo Soares,1,57,Paseo,2.7067177,9.219244
7187,touch panel,1,48,Touch,2.3561985,3.0361407
7190,desk,1,44,Works,2.8802783,5.1460876
7191,HIV,1,42,Hospital,2.2976937,3.9611416
7192,prevention,1,51,Caution,2.8598995,4.3203416
7193,car heads,1,8,Car,-0.96749055,2.391291
7200,Urban Oasis,1,22,Neighborhood,0.7717494,7.4235635
7202,Jews,1,52,Lande,4.3160233,4.3727956
7204,Construction Details,1,22,Neighborhood,1.7288699,6.3969545
7206,request,1,49,Accessible,3.304177,3.3937144
7207,supermarket,1,37,Shop,1.7900068,5.3157773
7211,Art Concierge,1,35,Art,7.8822227,5.5362854
7212,Regina Silveira,1,57,Paseo,2.7675383,9.067027
7213,Art Concierge,1,35,Art,7.911243,5.529194
7219,Rota Blindwiw,1,36,Vision,7.7702155,4.1708403
7220,Anhangabaú,1,58,Sorocaba,3.0667262,8.223405
7222,BIKE TOUR SP,1,7,Bike,-0.38048354,2.8604145
7223,Bicycle,1,7,Bike,-0.40401924,2.850387
7225,terrace,1,22,Neighborhood,1.5502427,6.674956
7226,Andrade,1,58,Sorocaba,3.7775974,8.02333
7228,Old Mappin,1,22,Neighborhood,1.6705835,7.2564507
7231,Tactile facade,1,34,Tactile,6.8970537,5.68482
7232,mala,1,58,Sorocaba,3.7930458,7.5755577
7234,SEsc 24,1,46,Wells,5.1229258,6.6598096
7235,SESC Library,1,46,Wells,5.212885,6.652483
7238,Street dancing,1,4,Movement,1.385967,2.112307
7240,young people,1,17,Girls,3.0497947,1.6356432
7245,accessible work,1,49,Accessible,3.1966832,3.1397743
7248,socializing family,1,32,Friendships,3.8509378,2.8741474
7252,waste,1,44,Works,2.874405,6.147294
7254,Application,1,49,Accessible,3.0030193,3.5086935
7257,Viva,1,57,Paseo,2.8131826,9.234935
7258,post,1,51,Caution,3.1409156,4.3261375
7259,tea,1,15,Restaurant,7.327464,10.185714
7262,path,1,33,Loges,3.8811815,2.4540806
7264,paws,1,12,Birds,7.314858,8.069323
7266,trips,1,29,Culture,4.393007,1.8768929
7269,direction,1,32,Friendships,4.200208,3.2609992
7271,Barriers,1,53,Obstacle,3.7245688,5.312299
7272,City,1,22,Neighborhood,0.63027114,7.3635926
7273,Lack of Accessibility,1,49,Accessible,3.2646635,3.1828341
7276,open courtyard,1,22,Neighborhood,1.1623876,7.073763
7279,Spiral staircase,1,0,Steps,1.3489878,0.14650382
7282,braille library,1,47,Library,5.305532,3.0897727
7284,Lieutenant Nascimento,1,57,Paseo,2.7579439,9.561329
7285,Open top,1,49,Accessible,3.152811,3.238289
7286,Garden,1,21,Garden,5.312829,9.8709345
7287,Buildings,1,22,Neighborhood,0.8385792,7.124743
7288,hospitals,1,42,Hospital,1.983386,3.813059
7289,Solarium,1,24,Rain,6.1564503,7.2226577
7290,picnic,1,15,Restaurant,7.207279,10.189144
7291,hanging garden,1,21,Garden,5.3378634,9.859313
7292,Upper floor 2,1,22,Neighborhood,0.7563396,6.1915236
7293,horta,1,21,Garden,5.211023,9.841359
7297,beyond the limit,1,54,Dead,4.3916826,5.1421404
7298,another look,1,60,Mislata,5.813232,4.6311927
7299,Atlantic forest,1,20,Tree,5.164374,10.3740425
7301,Vergueiro Cultural Center,1,29,Culture,4.609165,1.8099592
7302,Tests,1,56,Test,5.0778213,5.475185
7306,Biblioteca Louis Braille,1,47,Library,5.298298,3.1118257
7307,Tactile Art,1,34,Tactile,7.24234,5.622062
7308,visual impairment,1,36,Vision,7.6326733,4.4271555
7312,orchestra,1,30,Music,7.120755,1.1555735
7315,measure,1,56,Test,4.955745,5.4247613
7318,contemporary painting,1,35,Art,7.813594,5.4585357
7324,Vision,1,36,Vision,7.5047956,4.673966
7328,_optical walls,1,36,Vision,7.421312,4.7637854
7329,what is not visible,1,36,Vision,7.533204,4.603028
7331,Insideoutside,1,22,Neighborhood,1.3997253,6.921144
7333,Japanese garden,1,21,Garden,5.275989,9.930543
7338,model,1,22,Neighborhood,1.7274745,6.3542995
7341,glass window,1,37,Shop,2.0606236,5.272625
7344,Sesc paulista,1,57,Paseo,2.3871653,9.13041
7345,AFFORDABLE JHSP,1,49,Accessible,3.2602935,3.3862405
7347,Japanhouse Culture Bags,1,37,Shop,1.9757473,5.550195
7351,Itaú Cultural Center,1,29,Culture,4.6825647,1.7862849
7356,mansion,1,22,Neighborhood,0.75295115,6.7579975
7357,Paulista music culture,1,30,Music,7.1737404,1.5089042
7360,Panel hospitalsantacatarina avpaulista,1,42,Hospital,2.0723467,4.0527635
7361,Escolarodriguesalves architecture,1,22,Neighborhood,1.248147,6.6426716
7363,Itaú cultural,1,29,Culture,4.4650397,2.0107589
7365,avpaulista somdapaulista songs,1,30,Music,7.175188,1.5882751
7367,Urban Stories,1,22,Neighborhood,0.7079062,7.410566
7369,7 anjos,1,40,Easter,0.43434423,9.644721
7370,pombo coconut,1,18,Sugarcane,4.2602334,9.886994
7371,umbrella,1,24,Rain,6.2514987,7.6500783
7373,lad,1,17,Girls,3.1011033,1.6653041
7374,Homeless people,1,49,Accessible,2.7364733,3.3351085
7375,Embroidery,1,45,Binary,3.1456583,6.078513
7376,voices,1,31,Voices,6.747164,2.5939255
7377,madhouse,1,22,Neighborhood,0.72706556,6.485081
7378,ship,1,1,Maritime,-1.63945,7.8341246
7379,social exclusion,1,52,Lande,3.9977877,4.0512786
7380,Group,1,32,Friendships,4.0882125,2.941725
7381,preferred scheme,1,52,Lande,3.1940432,3.9146779
7382,Rodrigues Alves College,1,57,Paseo,2.2321239,9.0202055
7383,Regina,1,58,Sorocaba,3.4313512,7.8244047
7384,Sertanejo sound culture,1,30,Music,7.204975,1.5601144
7385,Drizzle cafeteria Paulista,1,15,Restaurant,7.536438,10.409367
7386,Post-pandemianapaulista,1,42,Hospital,2.4226973,4.0445943
7387,Dançanapaulista,1,4,Movement,1.4287845,2.0879545
7388,Black Music,1,30,Music,7.197145,1.3674362
7391,to dance,1,4,Movement,1.4006486,2.12214
7392,dancaderuapaulista,1,57,Paseo,2.8833497,9.013239
7394,Enjoy São Paulo,1,57,Paseo,2.1682673,8.887253
7395,on Sundays,1,40,Easter,0.27321053,9.510908
7396,Musicanapaulista country,1,30,Music,7.1578016,1.5353196
7399,Super heroes,1,60,Mislata,5.7534637,4.574638
7400,Super varied gallery,1,35,Art,7.709372,5.3520103
7403,drizzle mall,1,37,Shop,1.9553387,5.515745
7404,Clube homes,1,22,Neighborhood,0.7318185,6.5405965
7407,Rock in roll,1,30,Music,7.1299443,1.3102753
7408,gazette building,1,22,Neighborhood,0.936015,7.152802
7410,Pisotatilbad accessibility alert,1,49,Accessible,3.228624,3.2476006
7414,Masp,1,58,Sorocaba,3.6896312,7.672652
7416,masp museum,1,28,Museum,5.522719,1.2101561
7417,trianon park,1,10,Parc,-0.99122214,5.6383286
7418,Mequi1000,1,45,Binary,3.4475844,6.33122
7421,mcdonalds,1,15,Restaurant,7.5427656,10.304649
7422,Free street,1,9,Streets,-0.15701672,1.6532556
7423,urban occupation,1,22,Neighborhood,0.7047837,7.376194
7425,Artist,1,35,Art,7.8207936,5.515026
7426,Paulista is ours,1,57,Paseo,1.6151794,8.888243
7427,Cafeteria,1,15,Restaurant,7.39693,10.287525
7428,Banana split,1,18,Sugarcane,4.3433022,9.943281
7429,National condominium,1,22,Neighborhood,0.6734741,6.8968773
7431,Sertanejonapaulista dance,1,4,Movement,1.4324367,2.0921686
7432,Countryside,1,22,Neighborhood,1.8604392,7.078952
7433,Paulista Route,1,57,Paseo,1.6592861,8.968877
7436,Shopping center 3,1,37,Shop,1.9174303,5.520202
7437,Compliments,1,43,Hallo,6.5386295,4.1133676
7438,Instagram @blindwikibr,1,36,Vision,7.8111596,4.1401753
7440,Antonio Machado,1,57,Paseo,2.7487965,9.447579
7441,Real friends,1,32,Friendships,4.21761,2.9094136
7442,Visually impaired,1,36,Vision,7.6102567,4.432058
7444,Qrcode,1,45,Binary,3.4694772,6.359178
7453,Gazeta building,1,22,Neighborhood,1.0521115,7.431507
7456,FIESP building,1,22,Neighborhood,1.0465684,6.837164
7457,health action,1,42,Hospital,2.3730621,3.9754598
7462,DJ in Paulista,1,30,Music,7.2167068,1.4687011
7467,cook,1,15,Restaurant,7.13594,9.899816
7468,incredible,1,60,Mislata,5.812782,4.4746766
7469,trucks,1,8,Car,-0.9596421,2.384501
7470,little birds,1,12,Birds,7.8083005,8.196989
7471,it is worth it,1,60,Mislata,6.154883,4.3227377
7473,drovers,1,8,Car,-0.88427585,2.3123872
7475,morro,1,58,Sorocaba,3.8443515,7.5597334
7481,app,1,49,Accessible,2.7310357,3.3259566
7483,speak people,1,31,Voices,6.286557,2.939577
7484,recycling,1,44,Works,2.7997723,6.089484
7487,playground,1,10,Parc,-0.80455387,5.435938
7496,andré,1,58,Sorocaba,3.6730313,7.8907104
7500,Ipiranga Subprefecture,1,57,Paseo,2.6669142,9.255187
7501,SPTrans station,1,3,Tram,-1.2677577,3.7232366
7508,Oscar Freire,1,58,Sorocaba,3.555206,8.314935
7509,Pandemic,1,42,Hospital,2.430105,4.035273
7510,online class,1,16,Humboldt,3.357208,0.96871346
7511,pedagogy,1,16,Humboldt,3.351054,0.9812457
7512,vaccination,1,42,Hospital,2.3930945,4.0063086
7513,mayor,1,22,Neighborhood,0.5566079,7.275983
7514,Poor John,1,54,Dead,4.1196384,4.9779725
7515,to have lunch,1,15,Restaurant,7.331347,10.12568
7517,diversity,1,52,Lande,4.053916,4.162632
7518,together,1,32,Friendships,4.2189193,3.0286572
7519,we see the possibility,1,60,Mislata,5.6733813,4.500888
7521,political project,1,52,Lande,4.307023,4.200039
7522,give voice,1,31,Voices,6.7042665,2.6015835
7525,What to post,1,51,Caution,3.1606717,4.3261847
7526,artistic talents,1,35,Art,7.7684684,5.5103436
7528,Accessibility march,1,49,Accessible,3.2702074,3.0765877
7530,Accessible route,1,49,Accessible,3.3784907,3.016904
7533,citizen action,1,52,Lande,4.128277,4.097405
7534,Wiki: collaborative network,1,49,Accessible,3.4493308,3.1904771
7535,rota06,1,58,Sorocaba,3.9914117,7.951297
7538,Happiness,1,59,Sensations,6.36296,4.6979394
7540,Interaction,1,48,Touch,2.3349643,2.9304228
7541,salve,1,43,Hallo,6.522777,4.06614
7543,#Praça Benedito Calixto,1,57,Paseo,2.1751928,9.3595705
7546,laramara entrance,1,57,Paseo,2.4659078,8.69015
7547,Traffic light,1,25,Audible,7.4614244,7.0393558
7548,Marechal subway route,1,3,Tram,-1.0081781,3.452678
7551,bus stop.,1,3,Tram,-1.4479933,3.02088
7552,Gabrielzinho brothers crew,1,57,Paseo,2.8104775,9.618685
7554,SãoGonçalo,1,57,Paseo,2.3770957,9.305819
7555,Walk,1,4,Movement,0.6052601,2.240304
7556,São Gonçalo,1,57,Paseo,2.6365166,9.292393
7557,Physical education,1,4,Movement,1.365689,2.44404
7558,sound beacon,1,27,Ambient,7.8932643,2.0287936
7559,Pisotatic,1,58,Sorocaba,3.936807,8.544168
7560,Commercial area,1,37,Shop,1.789453,5.478181
7562,Displacement,1,4,Movement,0.78475076,2.479494
7563,autonomy,1,52,Lande,3.9919856,4.211311
7565,Marshal Deodoro,1,57,Paseo,2.7843869,9.557833
7566,Bradesco bank,1,44,Works,2.7902956,5.8215537
7567,Means of transport,1,7,Bike,-0.65203404,2.8995228
7569,J. jota supermarket,1,37,Shop,1.8044199,5.250592
7570,Iracema Bakery,1,15,Restaurant,7.9624043,10.221771
7571,Angelica,1,58,Sorocaba,3.1357024,8.484899
7572,Aerial obstacles,1,53,Obstacle,3.689013,5.339781
7573,High speed,1,7,Bike,-0.34099504,2.8999891
7574,Planet,1,19,Nature,5.282719,8.809932
7576,audio description,1,27,Ambient,7.7624354,1.914185
7577,sidewalks,1,9,Streets,-0.26807496,1.6527656
7578,Shows,1,28,Museum,5.350102,1.6541036
7580,Uni,1,54,Dead,4.540551,4.946052
7581,guarulhos,1,18,Sugarcane,4.3525453,9.75024
7582,homeless person,1,49,Accessible,2.7298613,3.4280217
7583,blindness,1,36,Vision,7.6403766,4.3562794
7584,São Pedro Theater,1,57,Paseo,2.1033754,9.073378
7585,Opera,1,30,Music,6.898416,1.2077631
7590,post inss,1,51,Caution,3.084971,4.404552
7592,Old houses,1,22,Neighborhood,0.91121054,7.0348496
7593,Barra Funda region,1,57,Paseo,2.5098267,8.750843
7594,piso holiday,1,57,Paseo,2.4238036,9.373468
7595,street vendors,1,38,Market,1.5650826,5.4852543
7596,coconut,1,18,Sugarcane,4.3326793,9.958052
7597,Brigadeiro Galvão Street,1,57,Paseo,1.7590064,9.034413
7600,Museum of Inclusion,1,28,Museum,5.4539547,1.2256577
7603,Altar of the dead,1,40,Easter,0.35489944,9.567792
7605,surname,1,31,Voices,6.2956285,2.9552724
7606,numerology,1,56,Test,4.834526,5.474304
7608,lack,1,54,Dead,4.1573215,4.90942
7611,low vision,1,36,Vision,7.573608,4.5280704
7614,I'm missing,1,54,Dead,3.9974556,4.8800774
7615,musical paths,1,30,Music,7.1988664,1.273979
7616,metropolitan civil guard,1,22,Neighborhood,0.53413814,7.213228
7617,bookstore,1,47,Library,5.0971994,3.0220888
7619,Alda,1,58,Sorocaba,3.6688826,8.181692
7620,sinalsonoro,1,58,Sorocaba,4.1494336,7.602285
7623,Deep bar terminal,1,14,Bar,6.3858767,9.99053
7624,metro red line,1,3,Tram,-1.1296263,3.435349
7625,ferry lines,1,1,Maritime,-1.6495808,7.8362775
7627,Galatia 2001,1,58,Sorocaba,3.5544643,8.734295
7629,Our dear mother,1,58,Sorocaba,3.4553006,7.6119504
7633,Teco photography,1,35,Art,7.402087,5.1672583
7640,Auditorium,1,30,Music,6.6730857,1.1426494
7644,Saint George,1,41,Iglesia,0.6851965,9.901681
7645,blindwiky,1,36,Vision,7.724322,4.214787
7646,Iron Gate,1,6,Porta,1.0764577,4.367469
7647,Sorocabana,1,57,Paseo,2.5744593,9.267382
7648,italy,1,50,Venice,2.3877935,10.405782
7649,Porgaoddferro,1,58,Sorocaba,3.309454,8.877733
7650,Poland,1,39,Hessischerrundfunk,2.9130487,7.119338
7655,blind.wiki,1,36,Vision,7.772474,4.171688
7656,Sorocabana Railway Station,1,3,Tram,-1.2047541,3.7242072
7660,difficult accessibility,1,49,Accessible,3.2485254,3.1203454
7661,Rebekah Lima,1,58,Sorocaba,3.2530458,8.123659
7670,Tactile Replicas,1,34,Tactile,6.835803,5.660305
7672,lose,1,54,Dead,4.1974845,4.871206
7676,Lord of Bonfim,1,58,Sorocaba,3.5676525,8.170641
7678,Brazil restaurant,1,15,Restaurant,7.503452,10.555119
7679,pink house,1,22,Neighborhood,0.67044204,6.4256077
7684,highway,1,8,Car,-0.6577115,2.1717825
7685,Vlt,1,55,Sole,4.1759067,6.470154
7686,rj,1,58,Sorocaba,4.1147466,7.089659
7687,Avenida Paulista 200,1,57,Paseo,1.7484022,9.035394
7688,Light-First,1,25,Audible,7.1954274,7.0547876
7691,Hebrew,1,52,Lande,4.4558973,4.3353043
7692,Art Hall,1,28,Museum,5.4680367,1.2825993
7693,Museum of Sacred Art,1,28,Museum,5.5648828,1.3047311
7695,Kiosk Kyoto,1,37,Shop,1.9782145,5.55047
7696,garapa and snacks,1,15,Restaurant,7.374087,9.949785
7698,I would like,1,43,Hallo,6.60892,4.0171385
7699,tambourine,1,30,Music,7.3137174,1.3440638
7700,musical instruments,1,30,Music,7.3354206,1.2995386
7701,Rota_centro_SJCampos/SP,1,57,Paseo,2.7417817,9.18566
7702,Eugenio de Melo,1,57,Paseo,2.6604486,9.321318
7703,Eugenio de Melo District,1,57,Paseo,2.2622094,9.363548
7705,Immaculate Conception Parish Church,1,40,Easter,0.3404914,9.578934
7706,melo,1,18,Sugarcane,4.3752127,9.881784
7707,village,1,22,Neighborhood,1.277822,7.293686
7708,City park,1,10,Parc,-0.9631355,5.6828847
7709,Banhado de SJCampos,1,57,Paseo,2.462676,9.198958
7713,Cultural route,1,29,Culture,4.41651,1.9521946
7714,Ibirapuera corner works,1,57,Paseo,1.8129239,8.988617
7715,Fireworks,1,26,Night,7.011769,7.1044765
7716,construction of the world,1,22,Neighborhood,1.7111214,6.375643
7719,Ibirapuera Park,1,10,Parc,-1.0021557,5.6457543
7721,Amilcar de Castro,1,57,Paseo,2.6497405,9.33723
7722,Teco Barbero,1,57,Paseo,2.9290135,9.402339
7725,Vicentinaaranha,1,58,Sorocaba,3.5234418,8.764484
7726,Ibirapuera,1,57,Paseo,2.404633,8.8277025
7728,imagine!,1,60,Mislata,5.800016,4.620268
7729,Current affairs,1,52,Lande,4.5580244,4.2694235
7732,project in Brazil,1,57,Paseo,2.240766,8.768659
7733,Mom Rota,1,58,Sorocaba,3.4249725,7.8681984
7737,Lecture,1,16,Humboldt,3.5581753,1.0617454
7739,In-person dubbing,1,31,Voices,6.866575,2.4740849
7740,samba de roda,1,4,Movement,1.4201277,2.0836284
7743,sorocabablindwiki,1,47,Library,5.3314223,3.2077448
7744,artecontemporanea,1,35,Art,7.8316717,5.561159
7746,Alpha,1,58,Sorocaba,3.954582,7.6315064
7747,message,1,51,Caution,3.0806255,4.3927
7749,Bos,1,44,Works,2.9208355,5.516391
7750,ophthalmological,1,36,Vision,7.531231,4.5314946
7751,Natural,1,19,Nature,5.267923,9.059866
7753,do,1,60,Mislata,5.8873305,4.332611
7756,Ecological,1,19,Nature,5.306447,9.128
7757,Araraquara/SP,1,58,Sorocaba,3.3224578,8.657745
7759,box,1,44,Works,3.0588806,6.0529947
7761,araraqura,1,58,Sorocaba,3.3260448,8.580702
7763,Israeli university,1,16,Humboldt,3.2545998,0.7963417
7764,Blind cameraman,1,36,Vision,7.687952,4.338454
7765,Blind Wiki documentary,1,36,Vision,7.775529,4.179788
7766,Entone Abad,1,58,Sorocaba,3.7738986,8.113131
7767,deficientevisual,1,54,Dead,4.3260255,5.015388
7769,Trinity,1,40,Easter,0.36053228,9.658756
7770,Abcessibility,1,49,Accessible,3.2937024,3.1369185
7771,airport,1,3,Tram,-1.250535,3.1895785
7772,Hole,1,46,Wells,4.9919853,6.7199016
7774,Faculty of Communication,1,16,Humboldt,3.4764872,1.0737154
7775,Federal University of Bahia,1,57,Paseo,2.2268631,8.817186
7777,cultural production,1,29,Culture,4.4703074,2.0031745
7778,ophthalmologist,1,36,Vision,7.6334543,4.432278
7779,Instituto Paulistano,1,57,Paseo,1.5855353,8.892101
7783,zeca,1,58,Sorocaba,3.7513626,8.695407
7784,park provisions,1,10,Parc,-0.9245715,5.616129
7785,concert space,1,30,Music,6.7766943,1.1242702
7786,vilatororo,1,58,Sorocaba,3.5971568,8.717016
7788,literature,1,47,Library,5.3205605,3.1875238
7789,#AccessibilityFair,1,49,Accessible,3.2735555,3.1323466
7790,Bank of Brazil,1,57,Paseo,2.2818923,8.734588
7792,find it contemporary,1,61,History,5.1905384,4.040514
7793,Museum of Modern Art of Bahia,1,57,Paseo,2.2276196,9.507453
7794,You fell,1,54,Dead,4.644844,4.991905
7797,centroculturalvergueiro,1,29,Culture,4.5629616,1.8587621
7798,classroomdeforró,1,16,Humboldt,3.3646889,0.9630871
7799,Romeo has to live,1,58,Sorocaba,3.5686705,7.5168467
7808,trans,1,7,Bike,-0.1975711,2.800142
7809,havefeeling,1,60,Mislata,5.315992,4.7755523
7816,Bahian,1,57,Paseo,2.3704827,8.902784
7819,karaoke,1,31,Voices,6.925601,2.2082858
7820,metrocarrão,1,3,Tram,-1.0976785,3.4710543
7821,Arabic Food,1,15,Restaurant,7.446241,10.072056
7822,Esfirras,1,58,Sorocaba,4.1580462,7.496394
7823,Rhizomatic,1,58,Sorocaba,4.1725173,7.6602135
7824,Harmonica,1,30,Music,7.3797126,1.3585196
7826,F Street,1,9,Streets,-0.37910497,1.6384046
7827,Manoel Antonio Puig,1,57,Paseo,2.717876,9.493792
7828,elections,1,52,Lande,4.268026,4.2435946
7829,celebration,1,59,Sensations,6.3715634,4.72073
7830,candidates,1,52,Lande,4.2954082,4.141578
7831,Lula,1,57,Paseo,2.6959019,9.162103
7832,Presidency,1,52,Lande,4.452612,4.260076
7833,Sheep,1,12,Birds,7.26103,8.080677
7834,organic foods,1,15,Restaurant,7.3221564,9.924228
7835,Tapioca,1,57,Paseo,2.811435,9.250869
7836,Saint,1,41,Iglesia,0.72275513,9.921674
7840,Sebastião Salgado @,1,57,Paseo,2.6721084,9.262757
7841,Amazonia,1,57,Paseo,2.33659,8.778107
7842,Sea Turtles,1,13,Pesce,7.1643276,8.775387
7844,San Sebastian,1,50,Venice,1.9439571,9.875198
7847,Anti-stress,1,42,Hospital,2.5086474,4.07242
7848,Security,1,51,Caution,2.8776984,4.5009794
7850,Belém station,1,3,Tram,-1.2604077,3.7469234
7854,wines,1,14,Bar,6.4047747,9.885724
7855,cheeses,1,15,Restaurant,7.5951467,9.919598
7856,mariafumaca,1,58,Sorocaba,3.228869,8.817213
7857,Trema Vapor,1,24,Rain,5.7841115,7.44837
7858,frozen world,1,24,Rain,5.9430985,7.6507382
7860,friendshipold,1,32,Friendships,4.2802014,2.8652189
7861,new friendships,1,32,Friendships,4.209479,2.9603117
7862,Saint Benedict,1,41,Iglesia,0.689225,9.910386
7863,Down syndrome,1,42,Hospital,2.516251,3.758934
7864,Don Quixote,1,57,Paseo,2.5479083,9.37929
7865,Candy,1,15,Restaurant,7.921984,9.838738
7870,rights,1,52,Lande,3.962966,4.0885057
7872,UPC,1,55,Sole,4.2309065,6.3679476
7876,Mogi das Cruzes,1,57,Paseo,2.7936928,9.239169
7877,immigration museum,1,28,Museum,5.461528,1.2117668
7879,aline,1,58,Sorocaba,3.7106638,7.930479
7880,Brazilian Paralympic Center,1,57,Paseo,2.1389828,8.752593
7882,Olaria Neighborhood,1,22,Neighborhood,1.1876239,7.7394876
7890,idyllic,1,22,Neighborhood,2.0393288,7.031247
7895,speakers,1,31,Voices,6.6497793,2.6802316
7896,Speaker,1,31,Voices,6.5573764,2.7462747
7899,airport,1,3,Tram,-1.2402028,3.197864
7901,give them,1,60,Mislata,6.1348095,4.3742876
7902,Metro exit,1,3,Tram,-1.1422148,3.4090075
7903,no stairs,1,0,Steps,1.3450123,0.1456902
7904,arc teriomph,1,58,Sorocaba,3.9233916,8.210333
7906,citadella park,1,10,Parc,-0.939559,5.6616917
7907,Ciutadella mammoth,1,12,Birds,6.995744,8.423195
7909,historian,1,61,History,5.0607305,3.9932573
7910,citadel,1,22,Neighborhood,0.8946014,6.5389366
7911,bcn,1,45,Binary,3.5567899,6.497005
7912,Fira,1,58,Sorocaba,3.646672,8.308965
7913,Reina,1,58,Sorocaba,3.5951724,7.7063966
7914,bickcletes,1,7,Bike,-0.35558236,2.928767
7916,Parc ibfantil,1,10,Parc,-0.98434925,5.656963
7917,Sovereign landscape,1,22,Neighborhood,2.0382307,6.9354796
7918,menu poster,1,15,Restaurant,7.348869,10.500438
7924,Gchv,1,55,Sole,4.126654,6.3448677
7925,uvv,1,55,Sole,4.1514983,6.487481
7926,Hbhb,1,58,Sorocaba,3.7026596,6.848034
7927,hhbb,1,58,Sorocaba,3.766098,6.891471
7928,hhbbhnn,1,58,Sorocaba,3.8075309,6.919128
7931,hb,1,58,Sorocaba,3.7366903,6.838986
7939,Carmen,1,57,Paseo,2.7391624,9.31073
7942,rest,1,2,Tranquillity,9.096377,6.8192267
7944,Birdsong,1,12,Birds,7.8482494,8.148655
7948,dispenser,1,37,Shop,2.163588,5.3376536
7951,vehicles,1,8,Car,-0.97116715,2.434459
7953,horseshoe,1,11,Sport,-0.40086606,4.685447
7960,Church of the Dawn,1,40,Easter,0.30785728,9.550928
7962,bonito,1,60,Mislata,6.2135777,4.388087
7964,rural,1,22,Neighborhood,1.6639987,7.115122
7966,quiet tram,1,3,Tram,-1.1030973,3.364968
7968,QR codes,1,45,Binary,3.4347234,6.3191047
7970,reading,1,47,Library,5.243131,3.1158578
7972,decision point,1,52,Lande,4.554904,4.259412
7975,ditch,1,46,Wells,5.020927,6.7827315
7976,difficulty walking,1,4,Movement,0.6421768,2.2460926
7977,Noise of water,1,23,Water,6.003722,8.314157
7980,cross-border hospital,1,42,Hospital,1.8864133,3.7669904
7984,new,1,52,Lande,3.64705,4.091944
7985,Porté-Puymorens,1,58,Sorocaba,3.3522236,8.327673
8005,flora,1,21,Garden,5.1978965,9.839173
8007,street name,1,9,Streets,-0.38408622,1.6014067
8009,box towers,1,22,Neighborhood,1.1008502,6.8629804
8011,corner of the birds,1,12,Birds,7.825521,8.181451
8012,walk,1,4,Movement,0.6066916,2.2415338
8013,train station,1,3,Tram,-1.1992475,3.6950023
8014,infants,1,17,Girls,3.029959,1.7544292
8015,leisure,1,2,Tranquillity,9.05379,6.744638
8017,Urgell,1,58,Sorocaba,3.635612,8.361147
8019,cultura accessible,1,29,Culture,4.3289433,2.0806682
8020,touch models,1,48,Touch,2.3395712,2.985245
8021,touch model,1,48,Touch,2.3389766,2.9994872
8023,parc,1,10,Parc,-0.99537045,5.6564765
8024,eloi,1,58,Sorocaba,3.6238334,7.678387
8025,holy week,1,40,Easter,0.31150147,9.569028
8027,transit,1,3,Tram,-1.0343939,3.2266214
8028,Eixample,1,58,Sorocaba,3.6540575,7.7008343
8037,good,1,60,Mislata,6.16474,4.3526077
8040,atm,1,55,Sole,4.1658316,6.57335
8066,Brazilian_culture,1,57,Paseo,2.1611617,8.927097
8071,Dance,1,4,Movement,1.404163,2.1233885
8076,Game,1,11,Sport,-0.08677639,4.984362
8096,Let's go,1,60,Mislata,5.725785,4.521757
8101,sport,1,11,Sport,-0.19617857,4.893966
8106,rain,1,24,Rain,6.28509,7.6709256
8107,test1,1,56,Test,5.0888414,5.40847
8108,test 12,1,56,Test,5.073056,5.490566
8124,sun,1,24,Rain,6.2435474,7.321911
8132,humboldtallee,1,58,Sorocaba,3.787702,8.422288
8133,bicycles,1,7,Bike,-0.3752973,2.8608553
8135,man,1,58,Sorocaba,3.7279437,7.006331
8137,martins,1,14,Bar,6.5047803,9.877832
8138,I have,1,60,Mislata,5.9384193,4.4614215
8139,order,1,0,Steps,1.4249765,0.19622967
8141,drover,1,8,Car,-0.9472373,2.3694222
8142,ernesto,1,58,Sorocaba,3.767368,7.8171725
8144,association,1,32,Friendships,4.202019,2.9041946
8145,press,1,51,Caution,3.0640144,4.521569
8146,arises,1,58,Sorocaba,3.9348407,8.01519
8148,chestnut,1,21,Garden,4.9659615,10.005348
8150,boulevard,1,9,Streets,-0.36640486,1.7093248
8151,dogs,1,12,Birds,7.250264,8.031666
8152,rest,1,2,Tranquillity,9.114112,6.8514237
8153,gift,1,43,Hallo,6.52541,4.1807623
8154,lar,1,22,Neighborhood,0.69311655,6.460692
8156,margherita,1,58,Sorocaba,3.1273997,8.586214
8157,manuela,1,58,Sorocaba,3.245241,8.725719
8161,super,1,60,Mislata,5.981965,4.423003
8165,maria,1,58,Sorocaba,3.0329223,8.684903
8166,avpaulista,1,42,Hospital,2.2259202,3.967694
8168,particular,1,61,History,5.099461,3.787698
8170,history,1,61,History,5.0738826,4.035818
8171,visual,1,35,Art,7.500919,4.8927245
8172,holiday,1,59,Sensations,6.409155,4.776988
8174,immigration,1,52,Lande,4.2120504,4.2197704
8175,landscape,1,22,Neighborhood,1.9036033,7.016061
8178,subway,1,3,Tram,-1.067985,3.4102192
8179,parish,1,40,Easter,0.3706239,9.591387
8181,equality,1,52,Lande,3.9780817,4.1645594
8184,place,1,22,Neighborhood,1.4616581,7.333076
8185,sun,1,24,Rain,6.2142053,7.3600807
8187,area,1,22,Neighborhood,1.6330916,7.387381
8188,street,1,9,Streets,-0.34564418,1.6526725
8189,tourist,1,29,Culture,4.5224605,1.6639973
8190,jofre,1,58,Sorocaba,3.6540911,7.828553
8191,d'istria,1,58,Sorocaba,3.4543862,7.6440005
8195,leite,1,15,Restaurant,7.7863812,9.921169
8196,city ​​hall,1,22,Neighborhood,0.5525248,7.249401
8197,accessible,1,49,Accessible,3.2434433,3.0908024
8199,it suits,1,60,Mislata,6.1708894,4.3141823
8200,superior,1,52,Lande,4.459606,4.15447
8201,right,1,60,Mislata,5.79671,4.3179293
8204,spikes,1,56,Test,4.9786015,5.5270944
8208,world,1,52,Lande,4.543414,4.371209
8209,tem,1,58,Sorocaba,4.314318,7.167012
8213,the sun is shining,1,24,Rain,6.262926,7.2991376
8215,here,1,60,Mislata,5.8486395,4.5228043
8216,norte,1,3,Tram,-1.0276737,3.8962538
8217,history,1,61,History,5.087322,4.014637
8220,hallo,1,43,Hallo,6.5976577,4.0203543
8222,is,1,60,Mislata,5.707779,4.2141404
8223,I,1,60,Mislata,5.7060285,4.310374
8224,gunny,1,58,Sorocaba,3.9480038,7.032287
8225,dies,1,54,Dead,4.2630343,5.0546103
8226,us,1,52,Lande,4.5080266,4.3350716
8228,vicinity,1,22,Neighborhood,1.4543406,7.397455
8229,timmendorfer,1,39,Hessischerrundfunk,2.7020292,6.9397593
8230,lande,1,52,Lande,4.375549,4.288698
8231,the,1,61,History,5.166506,4.1023097
8233,and civil,1,52,Lande,4.111429,4.1127744
8235,humidity,1,24,Rain,5.902143,7.418414
8236,Franciscans,1,41,Iglesia,0.685247,9.845068
8237,frei alvaci,1,58,Sorocaba,3.5329876,8.629366
8238,tvirgen,1,58,Sorocaba,4.1801543,7.366935
8239,helpless,1,54,Dead,4.1594357,4.860118
8250,vilaclementino,1,58,Sorocaba,3.588399,8.975308
8251,divinely,1,40,Easter,0.4493629,9.660955
8252,delights,1,59,Sensations,6.432956,4.809438
8253,typical,1,61,History,5.25087,3.9025304
8254,Italian,1,50,Venice,2.470279,10.341869
8259,configuration,1,52,Lande,3.2210524,4.018287
8261,model,1,22,Neighborhood,1.7190735,6.3654323
